listing_date;title;company;location;work_type;link
17-Oct-23 06:48;Backend Developer;ITOMMEY Group;Jakarta Selatan;fullTime;https://dealls.com/loker/backend-developer-15~itommey-group
14-Mar-24 08:52;Backend Developer;KECILIN;Jakarta Pusat;fullTime;https://dealls.com/loker/backend-developer-22~kecilin
25-Sep-23 08:04;Backend Go Lang Developer;ITOMMEY Group;Jakarta Selatan;fullTime;https://dealls.com/loker/backend-go-lang-developer~itommey-group
18-Mar-24 08:33;Software Developer (Backend);Digisign.id;Jakarta Pusat;fullTime;https://dealls.com/loker/java-developer-backend~digisignid
09-Jul-24 10:43;Backend Developer;PT. Aman Tekno Solusi;Jakarta Pusat;fullTime;https://dealls.com/loker/backend-developer-29~pt-aman-tekno-solusi
05-Dec-23 07:49;Backend Developer;ORDO;Surabaya;fullTime;https://dealls.com/loker/backend-developer-17~ordo
