listing_date;title;company;location;work_type;link
05-Aug-24 07:36;Middleware Developer / Integration Engineer;PT Integrasi Logistik Cipta Solusi;North Jakarta;Contract/Temp;https://www.jobstreet.co.id/job/77865221
05-Aug-24 04:01;IT Project Manager;PT Nawa Data Solutions;Jakarta;Contract/Temp;https://www.jobstreet.co.id/job/77856988
05-Aug-24 03:12;IT Strategy Consultant;PT. KARYA EKOSISTEM DIGITAL;Jakarta;Contract/Temp;https://www.jobstreet.co.id/job/77782740
05-Aug-24 07:39;Business Analyst (6 Months Contract);PT Japfa Comfeed Indonesia, Tbk;South Jakarta;Contract/Temp;https://www.jobstreet.co.id/job/77865298
05-Aug-24 04:20;Project Manager;PT Walden Global Services;Bandung;Full time;https://www.jobstreet.co.id/job/77859021
05-Aug-24 02:05;Strategic Business Consultant ( IT & Data Center );PT. HUBBRI TEKNOTAMA NUSANTARA;West Jakarta;Part time;https://www.jobstreet.co.id/job/77852156
05-Aug-24 04:08;IT System Developer;PT Plaza Auto Prima;South Jakarta;Full time;https://www.jobstreet.co.id/job/77858027
05-Aug-24 03:40;Assistant Manager IT Development;PT. RUANG MAHA KARYA;Central Jakarta;Contract/Temp;https://www.jobstreet.co.id/job/77855782
05-Aug-24 03:47;IT Project Manager (Japanese Speaker);PT Gaweku Human Technology (Gaweku);Jakarta;Full time;https://www.jobstreet.co.id/job/77856057
05-Aug-24 04:56;Officer Business Solution;PT Cipta Krida Bahari;Jakarta;Contract/Temp;https://www.jobstreet.co.id/job/77860089
05-Aug-24 02:59;IT Solution Specialist;PT Sinergi Wahana Gemilang;Jakarta;Contract/Temp;https://www.jobstreet.co.id/job/77853972
05-Aug-24 04:12;Data Analyst for Supply Chain;PT Electrolux Indonesia;Central Jakarta;Full time;https://www.jobstreet.co.id/job/77858354
05-Aug-24 07:10;Architect/Functional HCM;PT SMART,Tbk;South Jakarta;Full time;https://www.jobstreet.co.id/job/77864436
