listing_date;title;company;location;work_type;link
05-Aug-24 07:52;Senior DevOps;IDEKU;Jakarta Barat;fullTime;https://dealls.com/loker/senior-devops-1~ideku
02-Aug-24 03:51;Senior DevOps Engineer;PT Reka Multi Aptika;Jakarta Pusat;fullTime;https://dealls.com/loker/senior-devops-engineer-2~pt-reka-multi-aptika
18-Jul-24 11:53;Devops Engineer;Ayoconnect;Jakarta Selatan;fullTime;https://dealls.com/loker/devops-engineer-40~ayoconnect
08-Jul-22 11:32;IT Devops Officer;Bank Sahabat Sampoerna;Jakarta Selatan;fullTime;https://dealls.com/loker/it-devops-officer~bank-sahabat-sampoerna
13-Nov-23 08:40;DevOps Lead;Wings Group Indonesia (Sayap Mas Utama);Jakarta Timur;fullTime;https://dealls.com/loker/devops-lead~wings-group-indonesia-sayap-mas-utama
02-May-24 09:58;Devops;Sprout Digital Labs;Tangerang Selatan;fullTime;https://dealls.com/loker/devops-9~pt-tunas-digital-labs
30-May-24 01:00;DevOps Engineer;GUE Ecosystem;Tangerang;fullTime;https://dealls.com/loker/devops-engineer-39~gue-ecosystem
11-Oct-23 03:18;DevOps Engineer;Akulaku Indonesia;Jakarta Pusat;fullTime;https://dealls.com/loker/devops-engineer-27~akulaku-indonesia
21-Nov-22 08:54;DevOps Engineer;Xapiens Teknologi Indonesia;Tangerang Selatan;fullTime;https://dealls.com/loker/devops-engineer-12~xapiens-teknologi-indonesia
22-Jul-22 06:12;DevOps Engineer;Nawatech;Tangerang Selatan;fullTime;https://dealls.com/loker/devops-engineer-6~nawatech
29-Sep-22 09:24;Devops;Nawatech;Tangerang Selatan;fullTime;https://dealls.com/loker/devops-1~nawatech
