listing_date;title;company;location;work_type;link
05-Aug-24 02:23;Full Programmer;PT Gunatronikatama Cipta (GASI);South Jakarta;Contract/Temp;https://www.jobstreet.co.id/job/77852857
05-Aug-24 04:54;Front End Engineer;PT Valortek Ratanika Utama;Jakarta;Full time;https://www.jobstreet.co.id/job/77860029
05-Aug-24 06:08;Web Developer / Web Programmer;PT VISI TEGUH KREATIF (VISTEK);Bandung;Full time;https://www.jobstreet.co.id/job/77862311
05-Aug-24 07:36;Middleware Developer / Integration Engineer;PT Integrasi Logistik Cipta Solusi;North Jakarta;Contract/Temp;https://www.jobstreet.co.id/job/77865221
05-Aug-24 08:40;Senior Frontend/Backend Developer (2+ Years Experience);PT. KMS KONSULTASI SOLUSI;Yogyakarta Special Region;Full time;https://www.jobstreet.co.id/job/77866722
05-Aug-24 08:04;WEB PROGRAMMER;Suhartono Tjokro Grup;Surabaya;Full time;https://www.jobstreet.co.id/job/77865988
05-Aug-24 01:23;Junior Developer;PT Asuransi Mitra Pelindung Mustika;West Jakarta;Full time;https://www.jobstreet.co.id/job/77850791
05-Aug-24 02:32;React Full Stack Developer;PT IFCA Property365 Indonesia;South Jakarta;Full time;https://www.jobstreet.co.id/job/77853133
05-Aug-24 01:53;SPV/STAFF IT WEB DEVELOPER;PT APTI ADHI ANANTA;Tangerang;Full time;https://www.jobstreet.co.id/job/77851607
05-Aug-24 02:59;Full Stack Programmer;Next Vibes;Bandung;Full time;https://www.jobstreet.co.id/job/77854202
05-Aug-24 03:09;Programmer Web Base & Mobile;PT. Dwida Jaya Tama;Bogor;Full time;https://www.jobstreet.co.id/job/77854633
05-Aug-24 02:18;Associate Programmer;PT Gunatronikatama Cipta (GASI);South Jakarta;Contract/Temp;https://www.jobstreet.co.id/job/77852684
05-Aug-24 03:10;IT Programmer;Private Advertiser;Surabaya;Full time;https://www.jobstreet.co.id/job/77854660
05-Aug-24 03:22;ODOO DEVELOPER;PT IGP Internasional;Yogyakarta Special Region;Contract/Temp;https://www.jobstreet.co.id/job/77855121
05-Aug-24 04:08;IT System Developer;PT Plaza Auto Prima;South Jakarta;Full time;https://www.jobstreet.co.id/job/77858027
05-Aug-24 05:45;Senior Ionic Developer - Lombok / Bali;TabLogs;West Lombok;Full time;https://www.jobstreet.co.id/job/77861278
05-Aug-24 08:26;Programmer Staff;PT Yamazaki Indonesia;Cikarang;Full time;https://www.jobstreet.co.id/job/77866481
05-Aug-24 04:49;Software Developer;PT Inovasi Kreatif Digital;Jakarta;Full time;https://www.jobstreet.co.id/job/77859900
05-Aug-24 06:29;ODOO DEVELOPER;PT. Wiratman;South Jakarta;Full time;https://www.jobstreet.co.id/job/77863007
05-Aug-24 01:54;IT Programmer;PT Royal Sutan Agung;East Jakarta;Full time;https://www.jobstreet.co.id/job/77851837
05-Aug-24 03:40;Assistant Manager IT Development;PT. RUANG MAHA KARYA;Central Jakarta;Contract/Temp;https://www.jobstreet.co.id/job/77855782
05-Aug-24 04:38;Backend Engineer;PT Valortek Ratanika Utama;Jakarta;Full time;https://www.jobstreet.co.id/job/77859585
05-Aug-24 03:25;Programmer .NET (Jakarta);PT Sinergi Informatika Semen Indonesia;South Jakarta;Contract/Temp;https://www.jobstreet.co.id/job/77855253
05-Aug-24 03:10;SOFTWARE TESTER;PT Kartika Sinar Mulia;Bandung;Contract/Temp;https://www.jobstreet.co.id/job/77854671
05-Aug-24 03:29;Mobile App Engineer;PT Valortek Ratanika Utama;Jakarta;Full time;https://www.jobstreet.co.id/job/77855389
05-Aug-24 01:29;Web Developer;PT Jasa Medika Transmedic sebagai rekruter RSUD Sumedang;West Java;Full time;https://www.jobstreet.co.id/job/77857205
05-Aug-24 01:29;Web Developer;PT Jasa Medika Transmedic sebagai rekruter RS dr. Cipto Mangunkusumo (RSCM);Central Jakarta;Full time;https://www.jobstreet.co.id/job/77856644
05-Aug-24 01:28;Full Stack Developper;PT Jasa Medika Transmedic;Bandung;Full time;https://www.jobstreet.co.id/job/77857435
05-Aug-24 06:50;Backend Programmer;PT Wira Lahana Sukses;Batam;Contract/Temp;https://www.jobstreet.co.id/job/77863783
