listing_date;title;company;location;work_type;link
05-Aug-24 03:24;IT Business Process Analyst;PT TOYOTA ASTRA FINANCIAL SERVICES;Jakarta;fullTime;https://dealls.com/loker/it-business-process-analyst~pt-toyota-astra-financial-services
10-May-24 02:52;IT Business Analyst Sr. Specialist;Arya Noble;Jakarta Selatan;fullTime;https://dealls.com/loker/it-business-analyst-sr-specialist~arya-noble
22-Sep-23 08:36;IT Business Analyst;PT. Mandiri International Technology;Jakarta Selatan;contract;https://dealls.com/loker/it-business-analyst-4~pt-mandiri-international-technology
22-Jul-22 09:41;Senior IT Business Analyst;Puninar Logistics;Jakarta Timur;fullTime;https://dealls.com/loker/senior-it-business-analyst~puninar-logistics
13-Jun-24 04:58;IT Business Analyst;Triputra Visi Energi (TRIVE);Jakarta Pusat;fullTime;https://dealls.com/loker/it-business-analyst-10~better-tomorrow-at-trive
