listing_date;title;company;location;work_type;link
05-Aug-24 02:40;IT Project Management Intern;SIRCLO;N/A;internship;https://dealls.com/loker/it-project-management-intern~sirclo
07-Jul-22 06:31;IT Project Manager;Mandiri AXA General Insurance;Jakarta;fullTime;https://dealls.com/loker/it-project-manager~mandiri-axa-general-insurance
20-Mar-24 06:24;IT Manager;IndoCAD Pty Ltd;Batam;fullTime;https://dealls.com/loker/it-manager-4~indocad-pty-ltd
24-Jun-24 07:00;IT Project Manager;Incentro;Badung Regency;fullTime;https://dealls.com/loker/it-project-manager-20~incentro-apac
11-Jul-24 02:50;IT Project Manager;PT. Mandiri International Technology;Jakarta Selatan;contract;https://dealls.com/loker/it-project-manager-21~pt-mandiri-international-technology
14-May-24 03:13;IT Project Management Officer;Akulaku Indonesia;Jakarta Pusat;fullTime;https://dealls.com/loker/it-project-management-officer-1~akulaku-indonesia
22-Apr-24 07:13;IT Project Management Lead;Akulaku Indonesia;Jakarta Pusat;fullTime;https://dealls.com/loker/it-project-management-lead~akulaku-indonesia
23-Feb-24 09:36;IT Product Management Lead;Akulaku Indonesia;Jakarta Pusat;fullTime;https://dealls.com/loker/it-product-management-lead~akulaku-indonesia
25-Jul-23 04:12;IT Project Manager;PT Midas Daya Teknologi;Jakarta;fullTime;https://dealls.com/loker/it-project-manager-8~pt-midas-daya-teknologi
21-Mar-24 07:23;IT Manager;PT Reka Multi Aptika;Jakarta Pusat;fullTime;https://dealls.com/loker/it-manager-5~pt-reka-multi-aptika
10-Jul-24 04:47;Senior - (IT) Project Manager;PT Perintis Teknologi Internasional;Malang;fullTime;https://dealls.com/loker/senior-it-project-manager-1~pt-perintis-teknologi-internasional-1
