listing_date;title;company;location;work_type;link
05-Jul-24 11:00;Software Engineer (Backend);PT ITSEC Asia Tbk;Jakarta;fullTime;https://dealls.com/loker/software-engineer-backend-34~pt-itsec-asia-tbk
18-Jul-24 11:39;RnD Software Engineer - Salatiga;Formulatrix Indonesia;Salatiga;fullTime;https://dealls.com/loker/rnd-software-engineer-salatiga~formulatrix-indonesia
30-Jul-24 07:33;Software Engineer (.Net) - Senior;PT. Amalura Multi Dimensi;Jakarta Timur;contract;https://dealls.com/loker/software-engineer-net-senior~pt-amalura-multi-dimensi
15-May-24 08:07;Senior Software Engineer;Flip;Jakarta;fullTime;https://dealls.com/loker/senior-software-engineer-2~flip
26-Sep-23 01:56;Software Engineer (Front-End & Back-End);Wings Group Indonesia (Sayap Mas Utama);Jakarta Timur;fullTime;https://dealls.com/loker/software-engineer-front-end-and~wings-group-indonesia-sayap-mas-utama
16-Jan-24 09:49;Back-End Software Engineer;Wings Group Indonesia (Sayap Mas Utama);Jakarta Timur;fullTime;https://dealls.com/loker/back-end-software-engineer-2~wings-group-indonesia-sayap-mas-utama
20-Jun-24 04:47;Software Engineer (Golang);Ayoconnect;Jakarta Selatan;fullTime;https://dealls.com/loker/software-engineer-golang~ayoconnect
16-Jul-24 07:26;Software Engineer (Fullstack);Tigasatu Medika Pratama;Tangerang;fullTime;https://dealls.com/loker/software-engineer-fullstack~tigasatu-medika-pratama
22-Jul-24 09:44;Software Engineer;KiriminAja;Yogyakarta;fullTime;https://dealls.com/loker/software-engineer-13~kiriminaja
11-Jul-24 03:48;Software Engineer (Ops);PT. Inovasi Anak Indonesia - PARKEE;Jakarta Pusat;contract;https://dealls.com/loker/software-engineer-ops~pt-inovasi-anak-indonesia-parkee
19-Jun-24 10:22;Software QA Engineer;Privy;Yogyakarta;fullTime;https://dealls.com/loker/software-qa-engineer-1~privy
02-Aug-24 17:04;Software Engineer;Tripilar;N/A;fullTime;https://dealls.com/loker/software-engineer-14~pt-tripilar-sentosa-nusantara
04-Jan-24 03:23;Software Engineer (Backend);PT Metrodata Electronics Tbk.;Jakarta Barat;contract;https://dealls.com/loker/software-engineer-backend-20~pt-metrodata-electronics-tbk
16-Jul-24 07:40;Junior Software Engineer;Ukirama;Jakarta;fullTime;https://dealls.com/loker/junior-software-engineer-2~ukirama
18-Jul-24 08:05;Software Engineer (Backend);Badr Interactive;Depok;contract;https://dealls.com/loker/software-engineer-backend-35~badr-interactive
23-Apr-24 09:55;Software Engineer;UENA Food;Jakarta Selatan;fullTime;https://dealls.com/loker/software-engineer-12~uena-food
21-Jun-24 09:03;Software Engineer Intern (Paid);Ukirama;Jakarta;internship;https://dealls.com/loker/software-engineer-intern-paid~ukirama
22-Nov-22 03:22;Software Engineer;HP Asset Management;Jakarta Selatan;fullTime;https://dealls.com/loker/software-engineer-7~hp-asset-management
