listing_date;title;company;location;work_type;link
05-Aug-24 07:36;Middleware Developer / Integration Engineer;PT Integrasi Logistik Cipta Solusi;North Jakarta;Contract/Temp;https://www.jobstreet.co.id/job/77865221
05-Aug-24 04:12;Technical Support Manager (SaaS & IoT);Cartrack;Jakarta;Full time;https://www.jobstreet.co.id/job/77858417
05-Aug-24 07:10;Architect/Functional HCM;PT SMART,Tbk;South Jakarta;Full time;https://www.jobstreet.co.id/job/77864436
05-Aug-24 07:42;Technical Lead;PT Ako Media Asia;Jakarta;Contract/Temp;https://www.jobstreet.co.id/job/77865407
05-Aug-24 03:12;IT Strategy Consultant;PT. KARYA EKOSISTEM DIGITAL;Jakarta;Contract/Temp;https://www.jobstreet.co.id/job/77782740
05-Aug-24 03:35;SENIOR .NET DEVELOPER / SENIOR SYSTEM ENGINEER;PT TOS Information Systems Indonesia;Jakarta;Full time;https://www.jobstreet.co.id/job/77855641
05-Aug-24 06:44;IT Operation (Asst. Manager);PT MNC Guna Usaha Indonesia (Jakarta);Central Jakarta;Full time;https://www.jobstreet.co.id/job/77860744
05-Aug-24 07:39;Infrastructure Engineer ~ Project Manager (cloud and security);PT. PERSOLKELLY Recruitment Indonesia;Jakarta;Full time;https://www.jobstreet.co.id/job/77865311
05-Aug-24 02:59;IT Solution Specialist;PT Sinergi Wahana Gemilang;Jakarta;Contract/Temp;https://www.jobstreet.co.id/job/77853972
05-Aug-24 03:39;Network Engineer;PT Net One Asia;South Jakarta;Full time;https://www.jobstreet.co.id/job/77855777
05-Aug-24 02:23;Full Programmer;PT Gunatronikatama Cipta (GASI);South Jakarta;Contract/Temp;https://www.jobstreet.co.id/job/77852857
05-Aug-24 05:45;Senior Ionic Developer - Lombok / Bali;TabLogs;West Lombok;Full time;https://www.jobstreet.co.id/job/77861278
05-Aug-24 02:46;System Engineer;PT EMS Paramitra;East Jakarta;Full time;https://www.jobstreet.co.id/job/77853632
05-Aug-24 04:01;IT Project Manager;PT Nawa Data Solutions;Jakarta;Contract/Temp;https://www.jobstreet.co.id/job/77856988
05-Aug-24 02:31;System Administrator;PT Cyberquote Indonesia;Surabaya;Contract/Temp;https://www.jobstreet.co.id/job/77852912
05-Aug-24 07:41;Network Engineer;PT Integrasi Logistik Cipta Solusi;North Jakarta;Contract/Temp;https://www.jobstreet.co.id/job/77865381
05-Aug-24 03:47;IT Project Manager (Japanese Speaker);PT Gaweku Human Technology (Gaweku);Jakarta;Full time;https://www.jobstreet.co.id/job/77856057
05-Aug-24 04:00;Bancassurance Life Consultant - Bengkulu;PT AIA FINANCIAL;Bengkulu City;Full time;https://www.jobstreet.co.id/job/77856975
05-Aug-24 04:08;IT System Developer;PT Plaza Auto Prima;South Jakarta;Full time;https://www.jobstreet.co.id/job/77858027
05-Aug-24 04:56;Officer Business Solution;PT Cipta Krida Bahari;Jakarta;Contract/Temp;https://www.jobstreet.co.id/job/77860089
05-Aug-24 02:05;Strategic Business Consultant ( IT & Data Center );PT. HUBBRI TEKNOTAMA NUSANTARA;West Jakarta;Part time;https://www.jobstreet.co.id/job/77852156
05-Aug-24 08:41;IT Developer (Business Intelligence);PT Foodex Inti Ingredients;Cikarang;Full time;https://www.jobstreet.co.id/job/77866827
05-Aug-24 02:54;Premier Bancassurance Life Consultant - Jakarta Utara;PT AIA FINANCIAL;North Jakarta;Full time;https://www.jobstreet.co.id/job/77853913
05-Aug-24 02:18;Associate Programmer;PT Gunatronikatama Cipta (GASI);South Jakarta;Contract/Temp;https://www.jobstreet.co.id/job/77852684
05-Aug-24 04:20;Project Manager;PT Walden Global Services;Bandung;Full time;https://www.jobstreet.co.id/job/77859021
05-Aug-24 03:51;Cobol AS400 (Developer, BA);PT Insura Media Solusi (Jakarta);Jakarta;Full time;https://www.jobstreet.co.id/job/77856218
05-Aug-24 03:55;IT Network and Data Center Administrator;Private Advertiser;Tangerang;Full time;https://www.jobstreet.co.id/job/77856377
05-Aug-24 07:02;Network Engineer (Taman Tekno Tangerang);PT Karya Solusi Prima Sejahtera;Tangerang;Full time;https://www.jobstreet.co.id/job/77864156
05-Aug-24 04:30;Java Engineer;Hand International Pte. Ltd.;Jakarta;Full time;https://www.jobstreet.co.id/job/77859344
05-Aug-24 02:35;Network Engineer;PT Astra Graphia Information Technology (AGIT);Central Jakarta;Full time;https://www.jobstreet.co.id/job/77853218
05-Aug-24 01:47;NOC System Administrator;PT SatNetCom;Balikpapan;Full time;https://www.jobstreet.co.id/job/77851408
05-Aug-24 03:42;3D VR Engineer;PT Valortek Ratanika Utama;Jakarta;Full time;https://www.jobstreet.co.id/job/77855864
05-Aug-24 04:12;Data Analyst for Supply Chain;PT Electrolux Indonesia;Central Jakarta;Full time;https://www.jobstreet.co.id/job/77858354
05-Aug-24 04:38;Backend Engineer;PT Valortek Ratanika Utama;Jakarta;Full time;https://www.jobstreet.co.id/job/77859585
05-Aug-24 02:32;React Full Stack Developer;PT IFCA Property365 Indonesia;South Jakarta;Full time;https://www.jobstreet.co.id/job/77853133
05-Aug-24 08:49;IT Operation ( IT Support, IT Network, IT Security );PT. Asuransi Umum BCA;Jakarta;Full time;https://www.jobstreet.co.id/job/77866996
05-Aug-24 04:49;Software Developer;PT Inovasi Kreatif Digital;Jakarta;Full time;https://www.jobstreet.co.id/job/77859900
05-Aug-24 08:40;Senior Frontend/Backend Developer (2+ Years Experience);PT. KMS KONSULTASI SOLUSI;Yogyakarta Special Region;Full time;https://www.jobstreet.co.id/job/77866722
05-Aug-24 06:29;ODOO DEVELOPER;PT. Wiratman;South Jakarta;Full time;https://www.jobstreet.co.id/job/77863007
05-Aug-24 01:53;SPV/STAFF IT WEB DEVELOPER;PT APTI ADHI ANANTA;Tangerang;Full time;https://www.jobstreet.co.id/job/77851607
05-Aug-24 02:57;Premier Bancassurance Life Consultant - Samarinda;PT AIA FINANCIAL;Samarinda;Contract/Temp;https://www.jobstreet.co.id/job/77853977
05-Aug-24 01:54;IT Programmer;PT Royal Sutan Agung;East Jakarta;Full time;https://www.jobstreet.co.id/job/77851837
05-Aug-24 03:40;Assistant Manager IT Development;PT. RUANG MAHA KARYA;Central Jakarta;Contract/Temp;https://www.jobstreet.co.id/job/77855782
05-Aug-24 05:06;Network Operation Center (NOC);PT Karya Solusi Prima Sejahtera;South Jakarta;Contract/Temp;https://www.jobstreet.co.id/job/77860332
05-Aug-24 02:59;Full Stack Programmer;Next Vibes;Bandung;Full time;https://www.jobstreet.co.id/job/77854202
05-Aug-24 06:45;IT Database Administrator;PT Akulaku Silvrr Indonesia;Jakarta;Full time;https://www.jobstreet.co.id/job/77863593
05-Aug-24 04:14;Risk Management;PT Media Indonusa (Jakarta);Jakarta;Full time;https://www.jobstreet.co.id/job/77858613
05-Aug-24 03:25;Programmer .NET (Jakarta);PT Sinergi Informatika Semen Indonesia;South Jakarta;Contract/Temp;https://www.jobstreet.co.id/job/77855253
05-Aug-24 03:34;IT Network Senior Supervisor (Cikarang Based);COMBIPHAR Group;Bekasi Regency;Full time;https://www.jobstreet.co.id/job/77855615
05-Aug-24 03:29;Mobile App Engineer;PT Valortek Ratanika Utama;Jakarta;Full time;https://www.jobstreet.co.id/job/77855389
05-Aug-24 03:52;IT STORE SUPPORT;PT Sumber Indah Lestari (DAN+DAN);Tangerang Regency;Contract/Temp;https://www.jobstreet.co.id/job/77856190
05-Aug-24 08:24;IT Support and Compliance;PT Duta Intiguna Yasa (MR DIY);Jakarta;Full time;https://www.jobstreet.co.id/job/77866436
05-Aug-24 01:29;DATA SCIENTIST;Kurniawan Group;Makassar;Full time;https://www.jobstreet.co.id/job/77850933
05-Aug-24 01:47;Senior Help Desk Specialist;PT Surya Ekspress Mulia;Batam;Full time;https://www.jobstreet.co.id/job/77851596
05-Aug-24 01:50;Help Desk Specialist;PT Surya Ekspress Mulia;Batam;Full time;https://www.jobstreet.co.id/job/77851717
05-Aug-24 01:28;Full Stack Developper;PT Jasa Medika Transmedic;Bandung;Full time;https://www.jobstreet.co.id/job/77857435
04-Aug-24 14:25;Operation & Maintenance Telco Solution Staff (Helpdesk 24/7;PT DUTA GENERASI MANDIRI;West Jakarta;Full time;https://www.jobstreet.co.id/job/77856620
04-Aug-24 14:30;Project Controller Tower Maintenance;Company Confidential;Jakarta;Full time;https://www.jobstreet.co.id/job/77846022
