listing_date;title;company;location;work_type;link
01-Aug-24 03:12;System Administrator;PT. Mowilex;Yogyakarta;fullTime;https://dealls.com/loker/system-administrator-5~pt-mowilex
30-Jul-24 08:24;Linux System Administrator;PT. Amalura Multi Dimensi;Jakarta Selatan;contract;https://dealls.com/loker/linux-system-administrator-1~pt-amalura-multi-dimensi
20-Dec-23 04:00;System Administrator;PT Fastrata Buana (Kapal Api Group);Jakarta Timur;fullTime;https://dealls.com/loker/system-administrator-3~pt-fastrata-buana-kapal-api-group
04-Jan-24 03:11;System Administrator;PT Sisindokom Lintasbuana;Jakarta;fullTime;https://dealls.com/loker/system-administrator-4~pt-sisindokom-lintasbuana
06-Jul-24 02:07;Project Manager, System Integrator, Security Engineer, Technical Writer, Quality Assurance dan Database Administrator;PT. Aman Tekno Solusi;Jakarta Pusat;fullTime;https://dealls.com/loker/project-manager-system-integrator-security~pt-aman-tekno-solusi
