listing_date;title;company;location;work_type;link
05-Aug-24 06:44;IT Operation (Asst. Manager);PT MNC Guna Usaha Indonesia (Jakarta);Central Jakarta;Full time;https://www.jobstreet.co.id/job/77860744
05-Aug-24 02:31;System Administrator;PT Cyberquote Indonesia;Surabaya;Contract/Temp;https://www.jobstreet.co.id/job/77852912
05-Aug-24 01:47;NOC System Administrator;PT SatNetCom;Balikpapan;Full time;https://www.jobstreet.co.id/job/77851408
05-Aug-24 07:36;Middleware Developer / Integration Engineer;PT Integrasi Logistik Cipta Solusi;North Jakarta;Contract/Temp;https://www.jobstreet.co.id/job/77865221
05-Aug-24 01:53;Supervisor Data Center;Indofood Group;South Jakarta;Full time;https://www.jobstreet.co.id/job/77851812
05-Aug-24 02:46;System Engineer;PT EMS Paramitra;East Jakarta;Full time;https://www.jobstreet.co.id/job/77853632
05-Aug-24 06:45;IT Database Administrator;PT Akulaku Silvrr Indonesia;Jakarta;Full time;https://www.jobstreet.co.id/job/77863593
05-Aug-24 03:55;IT Network and Data Center Administrator;Private Advertiser;Tangerang;Full time;https://www.jobstreet.co.id/job/77856377
05-Aug-24 03:34;IT Network Senior Supervisor (Cikarang Based);COMBIPHAR Group;Bekasi Regency;Full time;https://www.jobstreet.co.id/job/77855615
05-Aug-24 02:59;IT Solution Specialist;PT Sinergi Wahana Gemilang;Jakarta;Contract/Temp;https://www.jobstreet.co.id/job/77853972
05-Aug-24 08:24;IT Support and Compliance;PT Duta Intiguna Yasa (MR DIY);Jakarta;Full time;https://www.jobstreet.co.id/job/77866436
05-Aug-24 08:16;Staff IT Support;PT DAESANG INGREDIENTS INDONESIA;East Jakarta;Full time;https://www.jobstreet.co.id/job/77866253
05-Aug-24 08:26;IT SUPPORT;PT UNIQUE;West Jakarta;Full time;https://www.jobstreet.co.id/job/77866484
05-Aug-24 08:49;IT Operation ( IT Support, IT Network, IT Security );PT. Asuransi Umum BCA;Jakarta;Full time;https://www.jobstreet.co.id/job/77866996
05-Aug-24 07:02;Network Engineer (Taman Tekno Tangerang);PT Karya Solusi Prima Sejahtera;Tangerang;Full time;https://www.jobstreet.co.id/job/77864156
05-Aug-24 02:35;Network Engineer;PT Astra Graphia Information Technology (AGIT);Central Jakarta;Full time;https://www.jobstreet.co.id/job/77853218
05-Aug-24 07:41;Network Engineer;PT Integrasi Logistik Cipta Solusi;North Jakarta;Contract/Temp;https://www.jobstreet.co.id/job/77865381
05-Aug-24 03:52;Staff Komputer & Jaringan (IT);PT Pengolahan Limbah Industri Bekasi;Bekasi;Contract/Temp;https://www.jobstreet.co.id/job/77855110
05-Aug-24 03:39;Network Engineer;PT Net One Asia;South Jakarta;Full time;https://www.jobstreet.co.id/job/77855777
