listing_date;title;company;location;work_type;link
02-Aug-24 09:32;Backend Developer Internship;PT Tri Sapta Jaya;East Jakarta;Full time;https://www.jobstreet.co.id/job/77817492
02-Aug-24 04:21;Backend Engineer (Node.js);PT Nomura Research Institute Indonesia;Jakarta;Contract/Temp;https://www.jobstreet.co.id/job/77804848
01-Aug-24 03:26;Backend Developer (PHP/Golang) + DevOps;PT Lentera Bangsa Benderang;South Jakarta;Contract/Temp;https://www.jobstreet.co.id/job/77771894
02-Aug-24 10:41;Senior Back End Developer;PT Sentral Link Solutions;South Jakarta;Full time;https://www.jobstreet.co.id/job/77821913
29-Jul-24 10:51;Part-time NodeJs Developer;Polyrific;Jakarta;Part time;https://www.jobstreet.co.id/job/77659634
01-Aug-24 10:28;Backend Developer (Java);Solusi Transforma Teknologi;South Jakarta;Full time;https://www.jobstreet.co.id/job/77787760
01-Aug-24 11:34;Backend  Developer (For TRS Group);PT Tigaraksa Satria, Tbk;Bogor Regency;Full time;https://www.jobstreet.co.id/job/77788254
02-Aug-24 08:12;Senior Fullstack Developer;PT Redbuzz Mediatama;West Jakarta;Contract/Temp;https://www.jobstreet.co.id/job/77814552
01-Aug-24 10:18;Java Programmer - Bandung;PT Dwidasa Samsara Indonesia;Bandung;Full time;https://www.jobstreet.co.id/job/77787580
01-Aug-24 07:19;FullStack Developer;PT Esha Parama Teknologi;Jakarta;Full time;https://www.jobstreet.co.id/job/77781737
31-Jul-24 03:11;Fullstack Developer (Front-end/Back-end);PT Berca Mandiri Perkasa;Central Jakarta;Full time;https://www.jobstreet.co.id/job/77737697
02-Aug-24 07:16;Senior System Developer Specialist;PT Nawakara Perkasa Nusantara;South Jakarta;Full time;https://www.jobstreet.co.id/job/77813070
01-Aug-24 02:20;IT Developer;PT MNC Asuransi Indonesia;Central Jakarta;Contract/Temp;https://www.jobstreet.co.id/job/77768999
02-Aug-24 00:30;Software Engineer;PT Trinusa Travelindo;Jakarta;Full time;https://www.jobstreet.co.id/job/77802166
01-Aug-24 11:43;Senior Backend Engineer - Lending;PT Kredit Pintar Indonesia;South Jakarta;Full time;https://www.jobstreet.co.id/job/77788300
30-Jul-24 09:37;IT Programmer;Koperasi Jasa Bhakti BPJS Kesehatan;Central Jakarta;Contract/Temp;https://www.jobstreet.co.id/job/77711614
30-Jul-24 17:13;Software Engineer, Backend - Lending;PT Solusi Transportasi Indonesia;Jakarta;Full time;https://www.jobstreet.co.id/job/77728446
01-Aug-24 14:52;Junior Flutter Developer;PT Kode Gama Teknologi;South Jakarta;Full time;https://www.jobstreet.co.id/job/77789731
31-Jul-24 05:45;Software Engineer, Backend - Transaction Platform;PT Solusi Transportasi Indonesia;Jakarta;Full time;https://www.jobstreet.co.id/job/77751293
27-Jul-24 12:41;Fullstack Developer, Front End Developer, Back End Developer;PT Indo Retreading And Tire Services;Bekasi Regency;Full time;https://www.jobstreet.co.id/job/77627977
01-Aug-24 00:30;Backend Software Engineer (Accommodation);PT Trinusa Travelindo;Jakarta;Full time;https://www.jobstreet.co.id/job/77775371
29-Jul-24 10:44;RPA Software Developer;PT Okron Global Data;Jakarta;Full time;https://www.jobstreet.co.id/job/77659602
29-Jul-24 07:13;Programmer;PT Benari Solusindo Sejahtera;South Jakarta;Full time;https://www.jobstreet.co.id/job/77649361
02-Aug-24 00:30;Software Engineer;PT Trinusa Travelindo;Jakarta;Full time;https://www.jobstreet.co.id/job/77802091
29-Jul-24 01:30;Software Engineer - Full Stack;Yayasan Kesehatan Pertamina;Jakarta;Full time;https://www.jobstreet.co.id/job/77637654
31-Jul-24 08:13;Golang Developer;PT Adi Data Informatika;Jakarta;Contract/Temp;https://www.jobstreet.co.id/job/77748976
01-Aug-24 06:43;Senior Software Engineer, Backend - Business Platform;PT Solusi Transportasi Indonesia;Jakarta;Full time;https://www.jobstreet.co.id/job/77787552
31-Jul-24 04:38;Full Stack Software Engineer - Ruby on Rails;Luce Maintenance Group;Jakarta;Full time;https://www.jobstreet.co.id/job/77741364
30-Jul-24 17:13;Lead Software Engineer, Backend - Lending;PT Solusi Transportasi Indonesia;Jakarta;Full time;https://www.jobstreet.co.id/job/77728438
31-Jul-24 06:46;ASP Developer Jakarta;PT Galva Galindra Multi Cipta;Central Jakarta;Full time;https://www.jobstreet.co.id/job/77746357
30-Jul-24 02:32;ICDC - Consultant - Outsystem Developer;Deloitte Consulting SEA;Jakarta;Full time;https://www.jobstreet.co.id/job/77672149
01-Aug-24 03:02;Fullstack Developer (Node Js & Laravel - Payment);PT. KODE KOLEKTIF INDONESIA;Yogyakarta;Full time;https://www.jobstreet.co.id/job/77770700
30-Jul-24 10:09;Software Developer - Strategic Prototype Development;PT Dian Swastatika Sentosa, Tbk;Central Jakarta;Full time;https://www.jobstreet.co.id/job/77712527
29-Jul-24 12:07;Senior Android Developers (Full Remote);DevStack;Bandung;Full time;https://www.jobstreet.co.id/job/77660394
01-Aug-24 19:13;Senior Software Engineer, Fullstack - Lending;PT Solusi Transportasi Indonesia;Jakarta;Full time;https://www.jobstreet.co.id/job/77793744
30-Jul-24 17:13;Senior Software Engineer Backend - Lending;PT Solusi Transportasi Indonesia;Jakarta;Full time;https://www.jobstreet.co.id/job/77728452
01-Aug-24 03:54;Full Stack Developer;PT Darya Varia Laboratoria, Tbk;South Jakarta;Full time;https://www.jobstreet.co.id/job/77773370
31-Jul-24 09:41;IT BackEnd / FrontEnd Staff;PT Serba Mulia Auto;North Jakarta;Full time;https://www.jobstreet.co.id/job/77751186
01-Aug-24 04:55;Programmer;PT AKEZ Djaja Investama;Jakarta;Full time;https://www.jobstreet.co.id/job/77776310
31-Jul-24 04:52;Fullstack Developer (Payment Getaway);PT Abadi Sejahtera Finansindo;Tangerang;Full time;https://www.jobstreet.co.id/job/77741739
02-Aug-24 03:07;Operational Technology Engineer;PT TDK ELECTRONICS INDONESIA;Batam;Full time;https://www.jobstreet.co.id/job/77801501
29-Jul-24 08:02;Senior .NET / NodeJS Developer;PT EBconnection Indonesia;South Jakarta;Contract/Temp;https://www.jobstreet.co.id/job/77651023
02-Aug-24 06:53;Fullstack Developer - WFO - IT Consulting - Jakarta;PT. PERSOLKELLY Recruitment Indonesia;Jakarta;Contract/Temp;https://www.jobstreet.co.id/job/77812147
31-Jul-24 07:39;ICDC - Experience Analyst - Outsystem Developer - [Jakarta - ID];Deloitte;Jakarta;Full time;https://www.jobstreet.co.id/job/77751248
01-Aug-24 07:52;Full Stack Developer;PT Buana Varia Komputama;South Jakarta;Full time;https://www.jobstreet.co.id/job/77782572
02-Aug-24 09:23;Python Developer (Web Scraping);PT BCI CENTRAL INDONESIA;South Jakarta;Full time;https://www.jobstreet.co.id/job/77816755
31-Jul-24 04:17;Senior Fullstack Developer;PT. Padepokan Tujuh Sembilan;Jakarta;Full time;https://www.jobstreet.co.id/job/77740731
01-Aug-24 09:37;IT Programmer;PT.Medika Husada;Karawang;Full time;https://www.jobstreet.co.id/job/77785049
31-Jul-24 03:59;Full Stack Developer;PT Ketrosden Triasmitra;East Jakarta;Full time;https://www.jobstreet.co.id/job/77740159
01-Aug-24 06:22;IT Web & Mobile Application Developer;PT. Kalbe Farma Tbk. (International Division);East Jakarta;Full time;https://www.jobstreet.co.id/job/77779026
31-Jul-24 00:28;Full Stack Developer;PT. Amalura Multi Dimensi;South Jakarta;Contract/Temp;https://www.jobstreet.co.id/job/77732767
01-Aug-24 01:56;Junior Developer;PT Walden Global Services;West Java;Full time;https://www.jobstreet.co.id/job/77768230
01-Aug-24 04:38;Senior Full Stack Programer;Sketsa House;Jakarta;Contract/Temp;https://www.jobstreet.co.id/job/77775847
01-Aug-24 03:54;Developer Fullstack;PT XManagement Mandiri Group;Bandung;Full time;https://www.jobstreet.co.id/job/77773209
01-Aug-24 08:23;Associate Technical Lead Specialist;Yayasan Bina Nusantara;West Jakarta;Full time;https://www.jobstreet.co.id/job/77783241
02-Aug-24 10:33;Web Programmer;PT Pratama Cipta Lestarindo;North Jakarta;Full time;https://www.jobstreet.co.id/job/77821850
01-Aug-24 06:28;Senior Software Developer;Healthway Medical Group;Jakarta;Full time;https://www.jobstreet.co.id/job/77779303
01-Aug-24 08:38;Software Engineer;Yayasan Bina Nusantara;West Jakarta;Full time;https://www.jobstreet.co.id/job/77783523
02-Aug-24 08:44;IT Programmer / Web Developer;PT Binabusana Internusa;Central Jakarta;Full time;https://www.jobstreet.co.id/job/77815382
01-Aug-24 08:19;Programmer;Yayasan Bina Nusantara;West Jakarta;Full time;https://www.jobstreet.co.id/job/77783168
31-Jul-24 09:17;Software Engineer;PT. Salam Pacific Indonesia Lines;Surabaya;Full time;https://www.jobstreet.co.id/job/77750591
29-Jul-24 09:58;IT System Development Specialist;PT. Platinum Ceramics Industry;Surabaya;Full time;https://www.jobstreet.co.id/job/77658172
02-Aug-24 08:30;DevOps Engineer (Internship);PT iZeno Teknologi Indonesia;South Jakarta;Full time;https://www.jobstreet.co.id/job/77814953
02-Aug-24 02:02;ORACLE PROGRAMMER;PT Padang Golf Bukit sentul;Bogor;Full time;https://www.jobstreet.co.id/job/77799081
02-Aug-24 03:32;Software Lead Engineer;PT. Permata Azzuri Sehat;South Jakarta;Contract/Temp;https://www.jobstreet.co.id/job/77802857
02-Aug-24 06:28;Web Engineer (for MCM);PT Merah Cipta Media;West Jakarta;Full time;https://www.jobstreet.co.id/job/77809909
31-Jul-24 06:09;Shopify Developer;Aright Consulting Sdn Bhd;North Jakarta;Full time;https://www.jobstreet.co.id/job/77743957
02-Aug-24 10:15;Website Developer;Private Advertiser;Bandung;Contract/Temp;https://www.jobstreet.co.id/job/77821151
02-Aug-24 06:32;Fullstack Web Developer;PT Integrasi Logistik Cipta Solusi;Jakarta;Contract/Temp;https://www.jobstreet.co.id/job/77810736
01-Aug-24 05:47;Webflow Developer;Rav Rai Personal Real Estate Corporation;Jakarta;Contract/Temp;https://www.jobstreet.co.id/job/77724042
02-Aug-24 04:22;Frontend Engineer (Flutter);PT Nomura Research Institute Indonesia;Central Jakarta;Contract/Temp;https://www.jobstreet.co.id/job/77804912
31-Jul-24 02:34;Staff IT API Specialist;PT Satria Antaran Prima Tbk.;Jakarta;Contract/Temp;https://www.jobstreet.co.id/job/77736346
29-Jul-24 04:25;Full Stack Developer;PT. HTC Global Software Services;South Jakarta;Contract/Temp;https://www.jobstreet.co.id/job/77644206
30-Jul-24 07:04;JAVA PROGRAMMER;PT. Bisnis Teknologi Manajemen;Batam;Full time;https://www.jobstreet.co.id/job/77707009
30-Jul-24 04:04;Fullstack Programmer (.NET);PT BRINGIN KARYA SEJAHTERA;Jakarta;Full time;https://www.jobstreet.co.id/job/77682071
29-Jul-24 07:47;Full Stack Developer (PHP);PT. Metrocomjaddi Technology;South Jakarta;Contract/Temp;https://www.jobstreet.co.id/job/77650766
29-Jul-24 04:42;Senior Full Stack Developer;PT. HTC Global Software Services;South Jakarta;Contract/Temp;https://www.jobstreet.co.id/job/77644706
30-Jul-24 04:50;Full-Stack Developer;PT Gihon Telekomunikasi Indonesia;South Tangerang;Full time;https://www.jobstreet.co.id/job/77695358
02-Aug-24 10:00;Software Analyst;PT SBG Solusi Bisnis;Batam;Full time;https://www.jobstreet.co.id/job/77819370
02-Aug-24 04:22;Frontend Engineer (React);PT Nomura Research Institute Indonesia;Central Jakarta;Contract/Temp;https://www.jobstreet.co.id/job/77804913
30-Jul-24 08:10;IT Team Lead dan Senior Developer;PT Adhikari Inovasi Indonesia;Bandung;Full time;https://www.jobstreet.co.id/job/77708783
30-Jul-24 10:33;Web Game Developer;Blueondigo;North Jakarta;Full time;https://www.jobstreet.co.id/job/77714088
02-Aug-24 03:46;Web Developer Staff;PT Sree Logistics Indonesia;South Jakarta;Full time;https://www.jobstreet.co.id/job/77803672
01-Aug-24 02:11;IT Developer (CODE: ITD);PT Uangel Indonesia;South Jakarta;Contract/Temp;https://www.jobstreet.co.id/job/77768668
30-Jul-24 03:28;Mobile Programmer;PT Biometrik Citra Solusi;Surabaya;Full time;https://www.jobstreet.co.id/job/77674701
30-Jul-24 03:23;Mobile Programmer;PT Biometrik Citra Solusi;Yogyakarta Special Region;Full time;https://www.jobstreet.co.id/job/77673797
31-Jul-24 08:39;IT Software Developer (Odoo);PT Lyman Investindo;Jakarta;Full time;https://www.jobstreet.co.id/job/77749302
01-Aug-24 02:14;IT CORE BANKING (FULL STACK DEVELOPER);PT. Bank KEB Hana Indonesia;Jakarta;Full time;https://www.jobstreet.co.id/job/77768815
30-Jul-24 08:38;SENIOR FULL STACK DEVELOPER;PT Nusantara Sakti Group (JAKARTA);West Jakarta;Full time;https://www.jobstreet.co.id/job/77709385
31-Jul-24 07:15;Senior Software Developer;Private Advertiser;Bandung;Full time;https://www.jobstreet.co.id/job/77747111
30-Jul-24 03:10;.NET FULL-STACK DEVELOPER;PT. GLOBAL EDGE TEKNOLOGI;North Jakarta;Full time;https://www.jobstreet.co.id/job/77619003
01-Aug-24 04:36;Application Support Engineer (JBoss/Apache Tomcat, Web Server);PT Infinitium Solutions;Central Jakarta;Full time;https://www.jobstreet.co.id/job/77775788
31-Jul-24 08:35;Front-End Developer;NominaGames;Tangerang;Full time;https://www.jobstreet.co.id/job/77749429
29-Jul-24 06:22;IT Developer;PT Eka Mas Republik;Central Jakarta;Full time;https://www.jobstreet.co.id/job/77647617
30-Jul-24 06:24;IT Developer;PT Beautilosophi Mahandaru Indonesia;South Jakarta;Contract/Temp;https://www.jobstreet.co.id/job/77705676
29-Jul-24 07:29;Oracle Developer;PT Avows Technologies;South Jakarta;Contract/Temp;https://www.jobstreet.co.id/job/77650148
31-Jul-24 04:58;Senior .NET Engineer with AWS Knowledge;PT CreateIT Solution Indonesia;Tangerang;Contract/Temp;https://www.jobstreet.co.id/job/77741875
29-Jul-24 11:12;Senior Programmer;PT PERFORMA OPTIMA KOMPUTINDO;Surabaya;Full time;https://www.jobstreet.co.id/job/77659823
31-Jul-24 08:43;STAFF IT PROGRAMMER;PT Sungai Budi;Jakarta;Full time;https://www.jobstreet.co.id/job/77749606
30-Jul-24 08:04;C# Senior Software Developer;PT Fata Organa Solusi;South Tangerang;Full time;https://www.jobstreet.co.id/job/77708643
