listing_date;title;company;location;work_type;link
31-Jul-24 08:56;Business Analyst Datawarehouse;PT Asta Protek Jiarsi;Tangerang;Full time;https://www.jobstreet.co.id/job/77749903
31-Jul-24 07:41;Business Analyst PSAK71;PT Asta Protek Jiarsi;Tangerang;Full time;https://www.jobstreet.co.id/job/77748252
01-Aug-24 09:54;Business Analyst;PT Esha Parama Teknologi;Jakarta;Full time;https://www.jobstreet.co.id/job/77785543
01-Aug-24 07:30;Junior Business Analyst;PT MYPRO SOLUSINDO INFORMATIKA;Jakarta;Full time;https://www.jobstreet.co.id/job/77782041
01-Aug-24 09:35;IT Business Analyst;PT Harsana Eklinika Reforma;Jakarta;Full time;https://www.jobstreet.co.id/job/77785013
01-Aug-24 16:25;IT Business Analyst Enablement Specialist;PT Tunas Ridean;South Jakarta;Full time;https://www.jobstreet.co.id/job/77790651
01-Aug-24 08:35;Business Analyst Manager;PT Tigaraksa Satria, Tbk;South Jakarta;Full time;https://www.jobstreet.co.id/job/77783469
01-Aug-24 02:09;IT PM Business Analyst;PT Insura Media Solusi (Jakarta);Jakarta;Full time;https://www.jobstreet.co.id/job/77768652
02-Aug-24 04:24;Business System Analyst;PT Kamoro Maxima Integra;West Jakarta;Full time;https://www.jobstreet.co.id/job/77804961
31-Jul-24 03:25;Business Analyst;PT Swadaya Karya Sentosa;East Jakarta;Full time;https://www.jobstreet.co.id/job/77738161
30-Jul-24 02:06;IT Business Analyst;PT Central Asia Financial (Asuransi JAGADIRI);Central Jakarta;Full time;https://www.jobstreet.co.id/job/77671364
01-Aug-24 10:23;IT Project Analyst Lead;PT Ako Media Asia;West Jakarta;Contract/Temp;https://www.jobstreet.co.id/job/77787704
30-Jul-24 00:00;Business System Analyst;PT Trinusa Travelindo;Jakarta;Full time;https://www.jobstreet.co.id/job/77675359
01-Aug-24 09:26;System Analyst;PT Caraka Komunika Indonesia;South Jakarta;Full time;https://www.jobstreet.co.id/job/77784860
02-Aug-24 09:50;IT Project Manager Officer (PMO);PT Prawathiya Karsa Pradipta;Bekasi;Full time;https://www.jobstreet.co.id/job/77818817
29-Jul-24 05:01;IT Business Analyst - Alam Sutera;PT Gogomedia Visindo;South Tangerang;Full time;https://www.jobstreet.co.id/job/77645244
02-Aug-24 02:50;Business Process Engineer;PT SMART,Tbk;South Jakarta;Full time;https://www.jobstreet.co.id/job/77800782
30-Jul-24 09:43;Bisnis Analis;Koperasi Jasa Bhakti BPJS Kesehatan;Central Jakarta;Contract/Temp;https://www.jobstreet.co.id/job/77711819
02-Aug-24 10:00;Software Analyst;PT SBG Solusi Bisnis;Batam;Full time;https://www.jobstreet.co.id/job/77819370
29-Jul-24 03:49;IT Business Analyst (Banking Background);PT. Wide Technologies Indonesia;South Jakarta;Full time;https://www.jobstreet.co.id/job/77643015
31-Jul-24 07:32;IT Manager;PT Indovisual Presentatama;North Jakarta;Full time;https://www.jobstreet.co.id/job/77748027
02-Aug-24 04:21;Professional Product Owner;PT Nomura Research Institute Indonesia;Jakarta;Contract/Temp;https://www.jobstreet.co.id/job/77804896
29-Jul-24 09:30;ERP Functional Consultant;POINTSTAR (PSGC);Jakarta;Full time;https://www.jobstreet.co.id/job/77654314
02-Aug-24 07:05;Microsoft Dynamics GP - Great Plains Technical Consultant (Based in Singapore);Nigel Frank International;Jakarta;Full time;https://www.jobstreet.co.id/job/77812653
01-Aug-24 08:21;System Analyst;Yayasan Bina Nusantara;West Jakarta;Full time;https://www.jobstreet.co.id/job/77783196
01-Aug-24 11:03;IT Product Delivery;MSIG Life Insurance Indonesia Tbk;South Jakarta;Full time;https://www.jobstreet.co.id/job/77788081
01-Aug-24 05:37;Business Operations (English Speaker);PT. Indonesia Fintopia Technology;South Jakarta;Contract/Temp;https://www.jobstreet.co.id/job/77777332
29-Jul-24 01:44;ERP Implementation Consultant (Mandarin Speaker);PT Yonyou Network Indonesia;Jakarta;Full time;https://www.jobstreet.co.id/job/77638411
02-Aug-24 10:40;Project Manager;PT Metrocom Global Solusi;Jakarta;Full time;https://www.jobstreet.co.id/job/77821945
29-Jul-24 04:52;Application Team Leader;PT Nssol Systems Indonesia;Central Jakarta;Full time;https://www.jobstreet.co.id/job/77644950
31-Jul-24 00:00;Data Analyst;PT Trinusa Travelindo;Jakarta;Full time;https://www.jobstreet.co.id/job/77738507
01-Aug-24 08:34;IT Project Management Support Section Head;Yayasan Bina Nusantara;Jakarta;Full time;https://www.jobstreet.co.id/job/77783454
31-Jul-24 08:18;IT PMO Analyst XL Axiata;PT Multi Bangun Abadi;South Jakarta;Contract/Temp;https://www.jobstreet.co.id/job/77749089
02-Aug-24 04:22;Scrum Master;PT Nomura Research Institute Indonesia;Jakarta;Contract/Temp;https://www.jobstreet.co.id/job/77804910
02-Aug-24 07:16;Senior System Developer Specialist;PT Nawakara Perkasa Nusantara;South Jakarta;Full time;https://www.jobstreet.co.id/job/77813070
30-Jul-24 09:32;Merchant Relationship Manager;PT Mitra Transaksi Indonesia;South Jakarta;Full time;https://www.jobstreet.co.id/job/77711436
31-Jul-24 06:20;Business Intelligence Lead;PT Royal Pesona Indonesia (Somethinc � Beautyhaul);West Jakarta;Full time;https://www.jobstreet.co.id/job/77744295
02-Aug-24 08:47;IT Infrastructure Project Manager;PT Netmarks Indonesia;North Jakarta;Contract/Temp;https://www.jobstreet.co.id/job/77815419
01-Aug-24 07:05;Associate Product Owner;PT Lentera Bangsa Benderang;Central Jakarta;Contract/Temp;https://www.jobstreet.co.id/job/77781403
29-Jul-24 01:33;Credit Analyst Staff;PT Bank Resona Perdania;Central Jakarta;Full time;https://www.jobstreet.co.id/job/77638113
02-Aug-24 05:41;Product Owner;VIA.com;Central Jakarta;Full time;https://www.jobstreet.co.id/job/77807208
02-Aug-24 09:05;IT Change & Availability Management;PT Bumi Amartha Teknologi Mandiri;Central Jakarta;Contract/Temp;https://www.jobstreet.co.id/job/77816217
29-Jul-24 10:41;IT Project Analyst;PT Ako Media Asia;West Jakarta;Part time;https://www.jobstreet.co.id/job/77659603
01-Aug-24 07:19;IT STRATEGIC PLANNING & INFORMATION;PT Pesta Pora Abadi;Malang;Full time;https://www.jobstreet.co.id/job/77781771
01-Aug-24 03:58;Quality Analyst;Teleperformance;Bali;Contract/Temp;https://www.jobstreet.co.id/job/77773625
31-Jul-24 06:37;Data Analyst - Associate;PwC Indonesia;South Jakarta;Full time;https://www.jobstreet.co.id/job/77745603
29-Jul-24 03:37;Data Analyst;PT Sinar Jernih Suksesindo;South Tangerang;Contract/Temp;https://www.jobstreet.co.id/job/77642482
29-Jul-24 02:55;IT Project Management Officer;PT Akulaku Silvrr Indonesia;Central Jakarta;Full time;https://www.jobstreet.co.id/job/77640752
29-Jul-24 03:51;IT Quality Assurance (Testing);PT Lippo General Insurance Tbk;Tangerang;Full time;https://www.jobstreet.co.id/job/77643073
01-Aug-24 10:30;IT Project Delivery;PT Asuransi Jiwa Manulife Indonesia (Dept PB Danamon);Jakarta;Full time;https://www.jobstreet.co.id/job/77796433
29-Jul-24 04:40;System Analis;CITANUSA GROUP;North Jakarta;Contract/Temp;https://www.jobstreet.co.id/job/77644636
31-Jul-24 12:10;MIS & Data Analytics Supervisor;PT Bank Nationalnobu Tbk;Central Jakarta;Full time;https://www.jobstreet.co.id/job/77754124
29-Jul-24 03:37;IT Project Manager;PT Artha Solutions Indonesia;Jakarta;Contract/Temp;https://www.jobstreet.co.id/job/77642469
01-Aug-24 09:36;STAFF IT APPLICATION SUPPORT ( IT SUPPORT);PT Sungai Budi;South Jakarta;Full time;https://www.jobstreet.co.id/job/77785034
31-Jul-24 04:26;IT Product Specialist;PT Global Jet Express;North Jakarta;Contract/Temp;https://www.jobstreet.co.id/job/77741036
01-Aug-24 03:10;Odoo Functional;PT. MITRA CAKRAWALA INTERNATIONAL;Jakarta;Full time;https://www.jobstreet.co.id/job/77770932
29-Jul-24 03:11;IT Project Manager;PT Bank Resona Perdania;Central Jakarta;Full time;https://www.jobstreet.co.id/job/77641480
01-Aug-24 03:24;Product Manager (Growth);PT. Fore Kopi Indonesia;Central Jakarta;Full time;https://www.jobstreet.co.id/job/77771607
01-Aug-24 13:59;Data Analyst Supervisor;PT. Maju Makmur Group (MMG);Biak Numfor;Full time;https://www.jobstreet.co.id/job/77789593
01-Aug-24 07:11;IT Tribe Leader;MSIG Life Insurance Indonesia Tbk;South Jakarta;Full time;https://www.jobstreet.co.id/job/77781582
30-Jul-24 07:35;Project Manager;PT Valortek Ratanika Utama;Jakarta;Full time;https://www.jobstreet.co.id/job/77707897
31-Jul-24 09:59;MIS Portofolio Reporting Specialist;PT CIMB Niaga Auto Finance;Tangerang;Full time;https://www.jobstreet.co.id/job/77752108
02-Aug-24 08:29;IT Manager;PT. Innolab Sains Internasional;East Jakarta;Full time;https://www.jobstreet.co.id/job/77814989
02-Aug-24 03:35;Implementation and Functional Section Head;Karunia Prima Nastari (KPN CORP.);South Jakarta;Full time;https://www.jobstreet.co.id/job/77803157
01-Aug-24 02:33;Asisten IT Manager;PT. K-LINK INDONESIA;South Jakarta;Full time;https://www.jobstreet.co.id/job/77769453
01-Aug-24 08:28;Head of Software Solutions;Yayasan Bina Nusantara;West Jakarta;Full time;https://www.jobstreet.co.id/job/77783332
29-Jul-24 05:22;Information Technology Project Manager;PT Fata Organa Solusi;South Tangerang;Full time;https://www.jobstreet.co.id/job/77645724
01-Aug-24 03:43;Oracle Functional Consultant Specialist;PT Bina Karya Prima;North Jakarta;Full time;https://www.jobstreet.co.id/job/77772852
30-Jul-24 09:11;Project Manager;PT Mitra Transaksi Indonesia;Jakarta;Full time;https://www.jobstreet.co.id/job/77710202
29-Jul-24 06:26;Data Governance;PT ZURICH ASURANSI INDONESIA, Tbk;Jakarta;Full time;https://www.jobstreet.co.id/job/77647769
31-Jul-24 04:09;Process Improvement Officer;Danone Indonesia;East Jakarta;Contract/Temp;https://www.jobstreet.co.id/job/77740508
31-Jul-24 00:00;Senior Product Analyst - Platform;PT Trinusa Travelindo;Jakarta;Full time;https://www.jobstreet.co.id/job/77739535
30-Jul-24 09:25;Junior Management Information System staff - Automation (A-109418);RGF HR Agent Indonesia;South Jakarta;Full time;https://www.jobstreet.co.id/job/77710995
31-Jul-24 10:21;Project Manager;PT Ninety Nine Dotco;Jakarta;Contract/Temp;https://www.jobstreet.co.id/job/77754957
31-Jul-24 04:17;Project Lead;Elite Asia;Jakarta;Full time;https://www.jobstreet.co.id/job/77740735
01-Aug-24 06:57;ERP Solutions Specialist (SAP B1);FKS Group;Central Jakarta;Full time;https://www.jobstreet.co.id/job/77781183
29-Jul-24 05:52;Risk Process Analyst;PT Simplefi Teknologi Indonesia (Jakarta);Jakarta;Full time;https://www.jobstreet.co.id/job/77646496
31-Jul-24 04:56;Project Management Office Executive;PT Nojorono Tobacco International;East Jakarta;Full time;https://www.jobstreet.co.id/job/77741850
29-Jul-24 06:37;Project Manager;PT Digital Mediatama Maxima Tbk.;South Jakarta;Full time;https://www.jobstreet.co.id/job/77648271
31-Jul-24 09:53;MANAGER IT;PT Teguh Murni Perdana;Tangerang;Full time;https://www.jobstreet.co.id/job/77751870
29-Jul-24 07:39;IT Manager;PT Penta Valent;West Jakarta;Full time;https://www.jobstreet.co.id/job/77650539
30-Jul-24 09:23;Branchless Banking User Interface Project Specialist;PT CIMB Niaga Tbk;South Jakarta;Full time;https://www.jobstreet.co.id/job/77710623
01-Aug-24 10:48;Quality Assurance Analyst - Regional Bali-Nusa Tenggara;PT Amartha Mikro Fintek (Jakarta);Denpasar;Full time;https://www.jobstreet.co.id/job/77793713
01-Aug-24 00:30;Product Manager - Transport;PT Trinusa Travelindo;Jakarta;Full time;https://www.jobstreet.co.id/job/77774792
29-Jul-24 18:14;Senior Manager - Technology Strategy & Transformation - ID;Deloitte;Jakarta;Full time;https://www.jobstreet.co.id/job/77664596
30-Jul-24 07:30;SAP IT Consultant;PT Prima Sistem Terpadu;Jakarta;Contract/Temp;https://www.jobstreet.co.id/job/77707743
31-Jul-24 10:01;MIS Acquisition Department Head;PT CIMB Niaga Auto Finance;Banten;Full time;https://www.jobstreet.co.id/job/77752175
31-Jul-24 00:00;Senior Associate Product Manager - Platform;PT Trinusa Travelindo;Jakarta;Full time;https://www.jobstreet.co.id/job/77739135
01-Aug-24 03:57;Oracle Technical Consultant Jr. Manager;PT Bina Karya Prima;North Jakarta;Full time;https://www.jobstreet.co.id/job/77773434
01-Aug-24 21:52;Product Manager;PT Aplikasi Karya Anak Bangsa (GO-JEK Indonesia);Jakarta;Full time;https://www.jobstreet.co.id/job/77796443
31-Jul-24 00:00;Oracle Functional Analyst;PT Trinusa Travelindo;Jakarta;Full time;https://www.jobstreet.co.id/job/77738582
01-Aug-24 08:23;Associate Technical Lead Specialist;Yayasan Bina Nusantara;West Jakarta;Full time;https://www.jobstreet.co.id/job/77783241
30-Jul-24 07:09;SAP ABAP;PT Dutapalma Nusantara (Darmex Agro Group);South Jakarta;Full time;https://www.jobstreet.co.id/job/77707095
31-Jul-24 06:37;IT Consultant;PT Lensung Technology Indonesia;West Jakarta;Full time;https://www.jobstreet.co.id/job/77651721
31-Jul-24 00:00;Product Manager - Cross-Selling;PT Trinusa Travelindo;Jakarta;Full time;https://www.jobstreet.co.id/job/77738998
30-Jul-24 04:18;IT Functional SAP PP;PT Sukanda Djaya;Bekasi;Full time;https://www.jobstreet.co.id/job/77686120
02-Aug-24 10:57;SAP Support Manager;PT Mitra Solusi Telematika;South Jakarta;Full time;https://www.jobstreet.co.id/job/77822109
29-Jul-24 11:36;System Dev & Infrastructure Officer - Bintaro;PT CIMB Niaga Tbk;South Tangerang;Full time;https://www.jobstreet.co.id/job/77659967
02-Aug-24 09:49;Customer Insight Data Analytic - Associate;FIBERSTAR (PT. Mega Akses Persada);South Jakarta;Full time;https://www.jobstreet.co.id/job/77818759
01-Aug-24 06:13;Business Intelligence Developer;PT. Berca Hardayaperkasa;Central Jakarta;Full time;https://www.jobstreet.co.id/job/77778735
