listing_date;title;company;location;work_type;link
24-May-24 01:59;Business Analyst;PT Multipolar Technology;Tangerang;fullTime;https://dealls.com/loker/business-analyst-31~pt-multipolar-technology
30-Jul-24 04:57;Business Systems Analyst;Dealls (YC W22);Jakarta Selatan;fullTime;https://dealls.com/loker/business-systems-analyst~dealls-yc-w22
10-May-24 02:52;IT Business Analyst Sr. Specialist;Arya Noble;Jakarta Selatan;fullTime;https://dealls.com/loker/it-business-analyst-sr-specialist~arya-noble
11-Aug-23 04:29;JUNIOR BUSINESS IMPROVEMENT ANALYST;PT Fastrata Buana (Kapal Api Group);Jakarta;fullTime;https://dealls.com/loker/junior-business-improvement-analyst~pt-fastrata-buana-kapal-api-group
02-Jul-24 06:09;Business Process and Standarization Analyst;Astra Financial;Jakarta;fullTime;https://dealls.com/loker/business-process-and-standarization-analyst~astra-financial
23-Jul-24 23:39;Information Technology Business Analyst;Badr Interactive;Depok;contract;https://dealls.com/loker/information-technology-business-analyst-2~badr-interactive
29-Jul-24 03:54;Business Analyst;PT. Amalura Multi Dimensi;Jakarta Timur;contract;https://dealls.com/loker/business-analyst-34~pt-amalura-multi-dimensi
22-Sep-23 08:36;IT Business Analyst;PT. Mandiri International Technology;Jakarta Selatan;contract;https://dealls.com/loker/it-business-analyst-4~pt-mandiri-international-technology
22-Jul-22 09:41;Senior IT Business Analyst;Puninar Logistics;Jakarta Timur;fullTime;https://dealls.com/loker/senior-it-business-analyst~puninar-logistics
11-Jul-24 01:48;Business Analyst;PT Metrodata Electronics Tbk.;Jakarta Barat;contract;https://dealls.com/loker/business-analyst-33~pt-metrodata-electronics-tbk
02-Apr-24 07:50;Business Analyst;Sprout Digital Labs;Tangerang;fullTime;https://dealls.com/loker/business-analyst-30~pt-tunas-digital-labs
09-Aug-23 04:38;Business Analyst;PT Midas Daya Teknologi;Jakarta;fullTime;https://dealls.com/loker/business-analyst-16~pt-midas-daya-teknologi
13-Jun-24 04:58;IT Business Analyst;Triputra Visi Energi (TRIVE);Jakarta Pusat;fullTime;https://dealls.com/loker/it-business-analyst-10~better-tomorrow-at-trive
