listing_date;title;company;location;work_type;link
02-Aug-24 02:02;IT Database and Security Engineer;PT Inter Aneka Lestari Kimia;Tangerang;Full time;https://www.jobstreet.co.id/job/77799107
01-Aug-24 04:45;IT Cyber Security Manager;PT Mandala Multifinance, Tbk;Central Jakarta;Full time;https://www.jobstreet.co.id/job/77776017
29-Jul-24 03:40;Security Engineer;PT IP Network Solusindo;Central Jakarta;Full time;https://www.jobstreet.co.id/job/77642646
31-Jul-24 02:14;Junior IT Security Engineer - Manufacture - Batam (A-109424);RGF HR Agent Indonesia;Batam;Full time;https://www.jobstreet.co.id/job/77735686
31-Jul-24 08:02;IT Security staff - Rental - Karawang (A-109467);RGF HR Agent Indonesia;Karawang;Full time;https://www.jobstreet.co.id/job/77748757
30-Jul-24 08:28;IT Security - L1;PT Bawana Margatama;South Jakarta;Contract/Temp;https://www.jobstreet.co.id/job/77709184
29-Jul-24 04:59;IT Security Engineer;PT. Lintas Teknologi Indonesia;Jakarta;Full time;https://www.jobstreet.co.id/job/77645185
29-Jul-24 10:44;RPA Software Developer;PT Okron Global Data;Jakarta;Full time;https://www.jobstreet.co.id/job/77659602
02-Aug-24 02:31;AVP Network Automation & AI/ML Architect;Indosat Ooredoo;Central Jakarta;Full time;https://www.jobstreet.co.id/job/77800068
30-Jul-24 10:40;System Security;PT Jatelindo Perkasa Abadi;South Jakarta;Contract/Temp;https://www.jobstreet.co.id/job/77715063
29-Jul-24 09:47;IT Security Officer;PT. Interaktif Internasional;Surabaya;Full time;https://www.jobstreet.co.id/job/77656618
30-Jul-24 02:34;Security Engineer;PT Karya Solusi Prima Sejahtera;Central Jakarta;Full time;https://www.jobstreet.co.id/job/77672251
02-Aug-24 07:12;DevSecOps Engineer;PT Esha Parama Teknologi;Jakarta;Full time;https://www.jobstreet.co.id/job/77812914
01-Aug-24 09:06;IT Data Center Operation Executive;PT Niaga Nusa Abadi;East Jakarta;Full time;https://www.jobstreet.co.id/job/77783974
31-Jul-24 09:27;IT SECURITY AND INFRASTRUCTURE SPECIALIST;PT Eka Jaya Internasional;Tangerang;Full time;https://www.jobstreet.co.id/job/77750777
31-Jul-24 07:32;IT Manager;PT Indovisual Presentatama;North Jakarta;Full time;https://www.jobstreet.co.id/job/77748027
29-Jul-24 04:17;L1 Engineer Network Security & Compliance;PT Metrocom Global Solusi;Jakarta;Full time;https://www.jobstreet.co.id/job/77643922
29-Jul-24 04:22;L1 Engineer Endpoint Security;PT Metrocom Global Solusi;Jakarta;Full time;https://www.jobstreet.co.id/job/77644074
31-Jul-24 04:52;Subject Matter Expert - Mechanic (Focke F550, F5, 552);British American Tobacco Indonesia;Malang;Full time;https://www.jobstreet.co.id/job/77741751
30-Jul-24 03:22;IT GRC Manager;PT Finture Tech Indonesia;South Jakarta;Full time;https://www.jobstreet.co.id/job/77674004
31-Jul-24 05:59;IT RISK MANAGEMENT & COMPLIENCE;PT Karya Solusi Prima Sejahtera;Tangerang;Full time;https://www.jobstreet.co.id/job/77743574
30-Jul-24 09:37;IT Programmer;Koperasi Jasa Bhakti BPJS Kesehatan;Central Jakarta;Contract/Temp;https://www.jobstreet.co.id/job/77711614
01-Aug-24 10:49;IT Governance Manager (Automotive Distribution);Private Advertiser;South Jakarta;Full time;https://www.jobstreet.co.id/job/77787985
02-Aug-24 09:33;Cloud Architect;PT Esha Parama Teknologi;Jakarta;Full time;https://www.jobstreet.co.id/job/77817573
01-Aug-24 09:52;Technical Specialist - Compliance;PT Microsoft Indonesia;Jakarta;Full time;https://www.jobstreet.co.id/job/77793758
29-Jul-24 06:51;Presales Engineer;PT Nusantara Compnet Integrator;West Jakarta;Full time;https://www.jobstreet.co.id/job/77648776
02-Aug-24 08:04;Server Engineer;PT Netmarks Indonesia;North Jakarta;Contract/Temp;https://www.jobstreet.co.id/job/77814350
29-Jul-24 03:47;Onsite Engineer (Collaboration);PT Nusantara Compnet Integrator;West Jakarta;Contract/Temp;https://www.jobstreet.co.id/job/77642948
27-Jul-24 09:00;IT Infra Engineer;PT Xpert Teknologi Inovasi;South Jakarta;Full time;https://www.jobstreet.co.id/job/77626931
02-Aug-24 07:51;Integration Engineer, Orchestration team;PT Solusi Transportasi Indonesia;South Jakarta;Full time;https://www.jobstreet.co.id/job/77816708
29-Jul-24 10:41;IT Project Analyst;PT Ako Media Asia;West Jakarta;Part time;https://www.jobstreet.co.id/job/77659603
02-Aug-24 01:47;Network Engineer;LightsUp Network Solution Sdn Bhd;South Jakarta;Full time;https://www.jobstreet.co.id/job/77798579
02-Aug-24 08:47;IT Infrastructure Project Manager;PT Netmarks Indonesia;North Jakarta;Contract/Temp;https://www.jobstreet.co.id/job/77815419
02-Aug-24 12:33;DevOps Engineer;Solusi Kode Indonesia;South Tangerang;Contract/Temp;https://www.jobstreet.co.id/job/77819078
02-Aug-24 08:30;DevOps Engineer (Internship);PT iZeno Teknologi Indonesia;South Jakarta;Full time;https://www.jobstreet.co.id/job/77814953
02-Aug-24 04:47;System Engineer;PT Gaweku Human Technology (Gaweku);Semarang;Full time;https://www.jobstreet.co.id/job/77805693
02-Aug-24 08:29;IT Manager;PT. Innolab Sains Internasional;East Jakarta;Full time;https://www.jobstreet.co.id/job/77814989
02-Aug-24 07:21;IT Senior Products Trainer - SaaS (A-108959);RGF HR Agent Indonesia;South Jakarta;Full time;https://www.jobstreet.co.id/job/77813248
02-Aug-24 06:33;Presales (Solution Architect);PT Hipernet Indodata;Central Jakarta;Full time;https://www.jobstreet.co.id/job/77810865
02-Aug-24 08:19;System Engineer - Server & Storage;PT Net One Asia;South Jakarta;Contract/Temp;https://www.jobstreet.co.id/job/77814721
02-Aug-24 04:50;IT Officer;PT Surya Jalur Anugerah;Jakarta;Full time;https://www.jobstreet.co.id/job/77805774
02-Aug-24 04:22;DevOps Engineer;PT Nomura Research Institute Indonesia;Central Jakarta;Contract/Temp;https://www.jobstreet.co.id/job/77804907
02-Aug-24 12:38;Account Executive;PT NETPOLITAN;South Tangerang;Full time;https://www.jobstreet.co.id/job/77819055
02-Aug-24 09:05;IT Change & Availability Management;PT Bumi Amartha Teknologi Mandiri;Central Jakarta;Contract/Temp;https://www.jobstreet.co.id/job/77816217
02-Aug-24 03:32;Software Lead Engineer;PT. Permata Azzuri Sehat;South Jakarta;Contract/Temp;https://www.jobstreet.co.id/job/77802857
01-Aug-24 03:49;IT Staff;PT Sunchirin Industries Indonesia;Karawang;Full time;https://www.jobstreet.co.id/job/77772295
01-Aug-24 03:44;IT Supervisor Network Manager Teknisi Komputer;Private Advertiser;Surabaya;Full time;https://www.jobstreet.co.id/job/77772828
01-Aug-24 09:52;Compliance Officer (Mandarin Speaker);PT ZTE Indonesia;South Jakarta;Full time;https://www.jobstreet.co.id/job/77785362
01-Aug-24 07:44;System Engineer;PT Prima Integrasi Network;Jakarta;Full time;https://www.jobstreet.co.id/job/77782376
01-Aug-24 04:11;Desktop Engineer;Teleperformance;Bali;Contract/Temp;https://www.jobstreet.co.id/job/77774261
01-Aug-24 04:14;Desktop Engineer;Teleperformance;Surakarta;Contract/Temp;https://www.jobstreet.co.id/job/77774393
01-Aug-24 04:36;Application Support Engineer (JBoss/Apache Tomcat, Web Server);PT Infinitium Solutions;Central Jakarta;Full time;https://www.jobstreet.co.id/job/77775788
01-Aug-24 07:51;Anti Fraud Manager;PT Kredit Pintar Indonesia;South Jakarta;Full time;https://www.jobstreet.co.id/job/77782558
01-Aug-24 06:04;FCC Control Operations Analyst - Indonesia;Standard Chartered Bank;Jakarta;Full time;https://www.jobstreet.co.id/job/77778459
01-Aug-24 04:24;Product Support and System Engineer;Private Advertiser;South Jakarta;Full time;https://www.jobstreet.co.id/job/77774986
01-Aug-24 04:24;Senior System Administrator;PT PERFORMA OPTIMA KOMPUTINDO;Surabaya;Full time;https://www.jobstreet.co.id/job/77774999
01-Aug-24 02:16;Junior IT Engineer Team (CODE: ITE);PT Uangel Indonesia;South Jakarta;Contract/Temp;https://www.jobstreet.co.id/job/77768894
01-Aug-24 06:08;Quality Assurance [QA] and Testing for Web App Development;Blueondigo;North Jakarta;Full time;https://www.jobstreet.co.id/job/77778538
01-Aug-24 09:16;IT Administrator with AWS or GCP Experience;PT Atreus Global;Jakarta;Full time;https://www.jobstreet.co.id/job/77784681
01-Aug-24 02:33;Asisten IT Manager;PT. K-LINK INDONESIA;South Jakarta;Full time;https://www.jobstreet.co.id/job/77769453
31-Jul-24 09:53;MANAGER IT;PT Teguh Murni Perdana;Tangerang;Full time;https://www.jobstreet.co.id/job/77751870
31-Jul-24 06:37;IT Consultant;PT Lensung Technology Indonesia;West Jakarta;Full time;https://www.jobstreet.co.id/job/77651721
30-Jul-24 06:54;Solution Architect (IT Infrastructure);PT Sapta Tunas Teknologi;Jakarta;Full time;https://www.jobstreet.co.id/job/77706706
30-Jul-24 09:42;IT System Administrator Staff;Boga Group;Tangerang;Full time;https://www.jobstreet.co.id/job/77711762
30-Jul-24 07:57;Subject Matter Expert;PT Ihsan Solusi Informatika (Bandung);Central Jakarta;Contract/Temp;https://www.jobstreet.co.id/job/77708450
30-Jul-24 03:29;Credit Risk Analysis Manager;PT. Tianxing Cloud Supply Chain (Polibeli);Central Jakarta;Full time;https://www.jobstreet.co.id/job/77674760
30-Jul-24 05:52;IT � RECRUITMENT OPERATION SUPPORT;PT Solusi Digital Berkat;East Jakarta;Full time;https://www.jobstreet.co.id/job/77678371
30-Jul-24 08:10;IT Team Lead dan Senior Developer;PT Adhikari Inovasi Indonesia;Bandung;Full time;https://www.jobstreet.co.id/job/77708783
30-Jul-24 01:42;IT Network Engineer (Project: 6 Month);PT. Berca Hardayaperkasa;Makassar;Contract/Temp;https://www.jobstreet.co.id/job/77670557
29-Jul-24 07:42;IT Risk Consultant (IT Governance, Risk, Compliance);PT Equine Global;Jakarta;Full time;https://www.jobstreet.co.id/job/77650606
29-Jul-24 05:27;IT Team Lead dan Senior Developer;Private Advertiser;Bandung;Full time;https://www.jobstreet.co.id/job/77645359
29-Jul-24 07:59;Anti Fraud Specialist;PT Pembiayaan Digital Indonesia;South Jakarta;Contract/Temp;https://www.jobstreet.co.id/job/77651021
29-Jul-24 05:22;Information Technology Project Manager;PT Fata Organa Solusi;South Tangerang;Full time;https://www.jobstreet.co.id/job/77645724
29-Jul-24 04:32;Enterprise Support Engineer (Cloud Engineer);PT Exabytes Network Indonesia;South Jakarta;Full time;https://www.jobstreet.co.id/job/77644413
29-Jul-24 04:25;Presales Engineer;Cartrack;Jakarta;Full time;https://www.jobstreet.co.id/job/77644195
29-Jul-24 10:26;Technical Engineer;D-Link International Pte Ltd;Jakarta;Full time;https://www.jobstreet.co.id/job/77659463
29-Jul-24 03:37;IT Project Manager;PT Artha Solutions Indonesia;Jakarta;Contract/Temp;https://www.jobstreet.co.id/job/77642469
29-Jul-24 02:31;Network Engineer (Onsite : Jakarta);PT S Net Indonesia;Jakarta;Full time;https://www.jobstreet.co.id/job/77639991
29-Jul-24 04:39;System Engineer;PT Mitra Infosarana;South Jakarta;Full time;https://www.jobstreet.co.id/job/77644613
29-Jul-24 02:45;Facility Manager;PT DCI Indonesia, Tbk;Bekasi Regency;Full time;https://www.jobstreet.co.id/job/77640443
29-Jul-24 04:28;Presales System and Product Specialist (HCI or Virtualization);PT Trinet Prima Solusi;Central Jakarta;Full time;https://www.jobstreet.co.id/job/77644254
27-Jul-24 00:33;Head of Security;Influx Services;Jakarta;Full time;https://www.jobstreet.co.id/job/77625571
31-Jul-24 10:56;Security Operations Engineer;Modalku;Jakarta;Full time;https://www.jobstreet.co.id/job/77759629
01-Aug-24 02:26;DevSecOps;Cobek Bakar Mindut Gendut;South Tangerang;Full time;https://www.jobstreet.co.id/job/77779824
01-Aug-24 15:14;Know Your Client Analyst;PT Citi Interiorindo;Jakarta;Full time;https://www.jobstreet.co.id/job/77790960
01-Aug-24 04:44;IT Administrator;YAYASAN HANACARAKA SAKA NUSANTARA;Bondowoso;Full time;https://www.jobstreet.co.id/job/77780049
01-Aug-24 05:30;Associate Managed Services Operations Specialist;PT NTT Indonesia;Jakarta;Full time;https://www.jobstreet.co.id/job/77790126
31-Jul-24 11:03;Senior Backend Developer - Node (100% Remote Indonesia Surabaya);Tether Operations Limited;Surabaya;Full time;https://www.jobstreet.co.id/job/77759596
31-Jul-24 11:00;Senior Backend Developer - Node (100% Remote Indonesia Jakarta);Tether Operations Limited;Jakarta;Full time;https://www.jobstreet.co.id/job/77759649
31-Jul-24 10:59;Senior Backend Developer - Node (100% Remote Indonesia Bandung);Tether Operations Limited;Bandung;Full time;https://www.jobstreet.co.id/job/77759631
30-Jul-24 14:10;Security Operations Manager;British American Tobacco Indonesia;Malang;Full time;https://www.jobstreet.co.id/job/77724371
30-Jul-24 03:37;NETWORK & MULTIMEDIA ENGINEER;PT Media Telekomunikasi Mandiri;Wonosobo Regency;Full time;https://www.jobstreet.co.id/job/77710491
30-Jul-24 03:39;NETWORK & MULTIMEDIA ENGINEER;PT Media Telekomunikasi Mandiri;Surabaya;Full time;https://www.jobstreet.co.id/job/77710750
27-Jul-24 05:38;Digital Development Specialist  - ( World Bank | req28589 | GF );World Bank Group - International Finance Corporation;Jakarta;Full time;https://www.jobstreet.co.id/job/77626997
26-Jul-24 18:03;IT CRM Developer;PT Smartfren Telecom Tbk;Jakarta;Full time;https://www.jobstreet.co.id/job/77622023
01-Aug-24 10:11;Information Security Policy Expert;Fasset;Jakarta;Full time;https://www.jobstreet.co.id/job/77790943
31-Jul-24 22:47;DevOps Engineer;PT Cerdas Digital Nusantara;Yogyakarta;Full time;https://www.jobstreet.co.id/job/77775214
31-Jul-24 07:29;Know Your Customer Agent;Telmark;West Jakarta;Contract/Temp;https://www.jobstreet.co.id/job/77775037
29-Jul-24 18:47;Principal Consultant, Enterprise Solutions, Platinion, SEA;Company Confidential;Jakarta;Full time;https://www.jobstreet.co.id/job/77664601
30-Jul-24 03:17;Network & Multimedia Engineer;PT Media Mandiri Telekomunikasi;Semarang;Contract/Temp;https://www.jobstreet.co.id/job/77738992
