listing_date;title;company;location;work_type;link
31-Jul-24 10:04;IT Database & Storage Technology Officer;PT CIMB Niaga Auto Finance;Tangerang;Full time;https://www.jobstreet.co.id/job/77752319
02-Aug-24 03:46;Database Administrator;PT Valuestream International;Bandung;Full time;https://www.jobstreet.co.id/job/77803667
31-Jul-24 06:25;Finance Database Administrator;PwC Indonesia;South Jakarta;Full time;https://www.jobstreet.co.id/job/77744563
30-Jul-24 02:34;Database Administrator;PT Bank Sinarmas, Tbk;West Jakarta;Full time;https://www.jobstreet.co.id/job/77672254
02-Aug-24 06:12;Oracle Database Administrator;PT. Berca Hardayaperkasa;Jakarta;Contract/Temp;https://www.jobstreet.co.id/job/77808476
29-Jul-24 06:27;Senior Database Programmer/Storage Procedure;PT Cyberindo Aditama (CBN);South Jakarta;Full time;https://www.jobstreet.co.id/job/77647912
02-Aug-24 02:02;ORACLE PROGRAMMER;PT Padang Golf Bukit sentul;Bogor;Full time;https://www.jobstreet.co.id/job/77799081
31-Jul-24 01:48;Warehouse Management System Administrator;Private Advertiser;Central Jakarta;Full time;https://www.jobstreet.co.id/job/77734904
29-Jul-24 07:29;Oracle Developer;PT Avows Technologies;South Jakarta;Contract/Temp;https://www.jobstreet.co.id/job/77650148
01-Aug-24 04:24;Senior System Administrator;PT PERFORMA OPTIMA KOMPUTINDO;Surabaya;Full time;https://www.jobstreet.co.id/job/77774999
01-Aug-24 02:30;SAP Basis Consultant;PT. Metrodata Electronics, Tbk;West Jakarta;Full time;https://www.jobstreet.co.id/job/77769350
01-Aug-24 03:43;Oracle Functional Consultant Specialist;PT Bina Karya Prima;North Jakarta;Full time;https://www.jobstreet.co.id/job/77772852
01-Aug-24 03:57;Oracle Technical Consultant Jr. Manager;PT Bina Karya Prima;North Jakarta;Full time;https://www.jobstreet.co.id/job/77773434
29-Jul-24 03:24;Big Data Engineer;PT Data Labs Analytics;Central Jakarta;Full time;https://www.jobstreet.co.id/job/77641844
