listing_date;title;company;location;work_type;link
02-Aug-24 04:22;Frontend Engineer (React);PT Nomura Research Institute Indonesia;Central Jakarta;Contract/Temp;https://www.jobstreet.co.id/job/77804913
02-Aug-24 02:31;Front End Developer Executive;PT Niaga Nusa Abadi;East Jakarta;Full time;https://www.jobstreet.co.id/job/77800074
31-Jul-24 08:35;Front-End Developer;NominaGames;Tangerang;Full time;https://www.jobstreet.co.id/job/77749429
02-Aug-24 10:15;Website Developer;Private Advertiser;Bandung;Contract/Temp;https://www.jobstreet.co.id/job/77821151
02-Aug-24 08:12;Senior Fullstack Developer;PT Redbuzz Mediatama;West Jakarta;Contract/Temp;https://www.jobstreet.co.id/job/77814552
01-Aug-24 02:20;IT Developer;PT MNC Asuransi Indonesia;Central Jakarta;Contract/Temp;https://www.jobstreet.co.id/job/77768999
02-Aug-24 10:33;Web Programmer;PT Pratama Cipta Lestarindo;North Jakarta;Full time;https://www.jobstreet.co.id/job/77821850
31-Jul-24 03:11;Fullstack Developer (Front-end/Back-end);PT Berca Mandiri Perkasa;Central Jakarta;Full time;https://www.jobstreet.co.id/job/77737697
01-Aug-24 07:19;FullStack Developer;PT Esha Parama Teknologi;Jakarta;Full time;https://www.jobstreet.co.id/job/77781737
02-Aug-24 08:44;IT Programmer / Web Developer;PT Binabusana Internusa;Central Jakarta;Full time;https://www.jobstreet.co.id/job/77815382
02-Aug-24 03:46;Web Developer Staff;PT Sree Logistics Indonesia;South Jakarta;Full time;https://www.jobstreet.co.id/job/77803672
29-Jul-24 07:13;Programmer;PT Benari Solusindo Sejahtera;South Jakarta;Full time;https://www.jobstreet.co.id/job/77649361
01-Aug-24 05:47;Webflow Developer;Rav Rai Personal Real Estate Corporation;Jakarta;Contract/Temp;https://www.jobstreet.co.id/job/77724042
29-Jul-24 10:51;Part-time NodeJs Developer;Polyrific;Jakarta;Part time;https://www.jobstreet.co.id/job/77659634
02-Aug-24 06:32;Fullstack Web Developer;PT Integrasi Logistik Cipta Solusi;Jakarta;Contract/Temp;https://www.jobstreet.co.id/job/77810736
01-Aug-24 14:52;Junior Flutter Developer;PT Kode Gama Teknologi;South Jakarta;Full time;https://www.jobstreet.co.id/job/77789731
02-Aug-24 07:16;Senior System Developer Specialist;PT Nawakara Perkasa Nusantara;South Jakarta;Full time;https://www.jobstreet.co.id/job/77813070
01-Aug-24 09:37;IT Programmer;PT.Medika Husada;Karawang;Full time;https://www.jobstreet.co.id/job/77785049
02-Aug-24 04:22;Frontend Engineer (Flutter);PT Nomura Research Institute Indonesia;Central Jakarta;Contract/Temp;https://www.jobstreet.co.id/job/77804912
27-Jul-24 12:41;Fullstack Developer, Front End Developer, Back End Developer;PT Indo Retreading And Tire Services;Bekasi Regency;Full time;https://www.jobstreet.co.id/job/77627977
02-Aug-24 06:28;Web Engineer (for MCM);PT Merah Cipta Media;West Jakarta;Full time;https://www.jobstreet.co.id/job/77809909
30-Jul-24 09:37;IT Programmer;Koperasi Jasa Bhakti BPJS Kesehatan;Central Jakarta;Contract/Temp;https://www.jobstreet.co.id/job/77711614
01-Aug-24 03:54;Full Stack Developer;PT Darya Varia Laboratoria, Tbk;South Jakarta;Full time;https://www.jobstreet.co.id/job/77773370
30-Jul-24 02:32;ICDC - Consultant - Outsystem Developer;Deloitte Consulting SEA;Jakarta;Full time;https://www.jobstreet.co.id/job/77672149
01-Aug-24 03:54;Developer Fullstack;PT XManagement Mandiri Group;Bandung;Full time;https://www.jobstreet.co.id/job/77773209
31-Jul-24 09:41;IT BackEnd / FrontEnd Staff;PT Serba Mulia Auto;North Jakarta;Full time;https://www.jobstreet.co.id/job/77751186
02-Aug-24 04:14;IT Development;PT. Grinviro Biotekno Indonesia;Tangerang;Full time;https://www.jobstreet.co.id/job/77804575
31-Jul-24 04:52;Fullstack Developer (Payment Getaway);PT Abadi Sejahtera Finansindo;Tangerang;Full time;https://www.jobstreet.co.id/job/77741739
01-Aug-24 03:02;Fullstack Developer (Node Js & Laravel - Payment);PT. KODE KOLEKTIF INDONESIA;Yogyakarta;Full time;https://www.jobstreet.co.id/job/77770700
30-Jul-24 10:33;Web Game Developer;Blueondigo;North Jakarta;Full time;https://www.jobstreet.co.id/job/77714088
29-Jul-24 11:00;Web Designer - Webflow / Framer Specialist (Remote);FMTPLA;Yogyakarta;Contract/Temp;https://www.jobstreet.co.id/job/77659730
30-Jul-24 04:50;Full-Stack Developer;PT Gihon Telekomunikasi Indonesia;South Tangerang;Full time;https://www.jobstreet.co.id/job/77695358
31-Jul-24 00:28;Full Stack Developer;PT. Amalura Multi Dimensi;South Jakarta;Contract/Temp;https://www.jobstreet.co.id/job/77732767
01-Aug-24 07:52;Full Stack Developer;PT Buana Varia Komputama;South Jakarta;Full time;https://www.jobstreet.co.id/job/77782572
31-Jul-24 06:09;Shopify Developer;Aright Consulting Sdn Bhd;North Jakarta;Full time;https://www.jobstreet.co.id/job/77743957
01-Aug-24 04:55;Programmer;PT AKEZ Djaja Investama;Jakarta;Full time;https://www.jobstreet.co.id/job/77776310
31-Jul-24 03:59;Full Stack Developer;PT Ketrosden Triasmitra;East Jakarta;Full time;https://www.jobstreet.co.id/job/77740159
02-Aug-24 09:23;Python Developer (Web Scraping);PT BCI CENTRAL INDONESIA;South Jakarta;Full time;https://www.jobstreet.co.id/job/77816755
31-Jul-24 04:17;Senior Fullstack Developer;PT. Padepokan Tujuh Sembilan;Jakarta;Full time;https://www.jobstreet.co.id/job/77740731
30-Jul-24 08:38;SENIOR FULL STACK DEVELOPER;PT Nusantara Sakti Group (JAKARTA);West Jakarta;Full time;https://www.jobstreet.co.id/job/77709385
29-Jul-24 05:27;IT Team Lead dan Senior Developer;Private Advertiser;Bandung;Full time;https://www.jobstreet.co.id/job/77645359
02-Aug-24 06:53;Fullstack Developer - WFO - IT Consulting - Jakarta;PT. PERSOLKELLY Recruitment Indonesia;Jakarta;Contract/Temp;https://www.jobstreet.co.id/job/77812147
29-Jul-24 04:25;Full Stack Developer;PT. HTC Global Software Services;South Jakarta;Contract/Temp;https://www.jobstreet.co.id/job/77644206
31-Jul-24 07:15;Senior Software Developer;Private Advertiser;Bandung;Full time;https://www.jobstreet.co.id/job/77747111
29-Jul-24 07:47;Full Stack Developer (PHP);PT. Metrocomjaddi Technology;South Jakarta;Contract/Temp;https://www.jobstreet.co.id/job/77650766
30-Jul-24 06:29;Staff IT;PT Sapta Saritama;Bandung;Full time;https://www.jobstreet.co.id/job/77705846
30-Jul-24 06:24;IT Developer;PT Beautilosophi Mahandaru Indonesia;South Jakarta;Contract/Temp;https://www.jobstreet.co.id/job/77705676
02-Aug-24 03:07;Operational Technology Engineer;PT TDK ELECTRONICS INDONESIA;Batam;Full time;https://www.jobstreet.co.id/job/77801501
02-Aug-24 10:41;Senior Back End Developer;PT Sentral Link Solutions;South Jakarta;Full time;https://www.jobstreet.co.id/job/77821913
31-Jul-24 08:13;Golang Developer;PT Adi Data Informatika;Jakarta;Contract/Temp;https://www.jobstreet.co.id/job/77748976
01-Aug-24 06:22;IT Web & Mobile Application Developer;PT. Kalbe Farma Tbk. (International Division);East Jakarta;Full time;https://www.jobstreet.co.id/job/77779026
01-Aug-24 08:19;Programmer;Yayasan Bina Nusantara;West Jakarta;Full time;https://www.jobstreet.co.id/job/77783168
01-Aug-24 08:38;Software Engineer;Yayasan Bina Nusantara;West Jakarta;Full time;https://www.jobstreet.co.id/job/77783523
01-Aug-24 01:56;Junior Developer;PT Walden Global Services;West Java;Full time;https://www.jobstreet.co.id/job/77768230
01-Aug-24 04:38;Senior Full Stack Programer;Sketsa House;Jakarta;Contract/Temp;https://www.jobstreet.co.id/job/77775847
01-Aug-24 06:28;Senior Software Developer;Healthway Medical Group;Jakarta;Full time;https://www.jobstreet.co.id/job/77779303
01-Aug-24 10:23;IT Programmer;PT Sarana Sukses Mandiritama;Tangerang;Contract/Temp;https://www.jobstreet.co.id/job/77769587
01-Aug-24 19:13;Senior Software Engineer, Fullstack - Lending;PT Solusi Transportasi Indonesia;Jakarta;Full time;https://www.jobstreet.co.id/job/77793744
01-Aug-24 11:43;Senior Backend Engineer - Lending;PT Kredit Pintar Indonesia;South Jakarta;Full time;https://www.jobstreet.co.id/job/77788300
01-Aug-24 02:14;IT CORE BANKING (FULL STACK DEVELOPER);PT. Bank KEB Hana Indonesia;Jakarta;Full time;https://www.jobstreet.co.id/job/77768815
01-Aug-24 02:11;IT Developer (CODE: ITD);PT Uangel Indonesia;South Jakarta;Contract/Temp;https://www.jobstreet.co.id/job/77768668
31-Jul-24 09:17;Software Engineer;PT. Salam Pacific Indonesia Lines;Surabaya;Full time;https://www.jobstreet.co.id/job/77750591
31-Jul-24 04:38;Full Stack Software Engineer - Ruby on Rails;Luce Maintenance Group;Jakarta;Full time;https://www.jobstreet.co.id/job/77741364
31-Jul-24 08:39;IT Software Developer (Odoo);PT Lyman Investindo;Jakarta;Full time;https://www.jobstreet.co.id/job/77749302
31-Jul-24 08:43;STAFF IT PROGRAMMER;PT Sungai Budi;Jakarta;Full time;https://www.jobstreet.co.id/job/77749606
30-Jul-24 03:28;Mobile Programmer;PT Biometrik Citra Solusi;Surabaya;Full time;https://www.jobstreet.co.id/job/77674701
30-Jul-24 03:23;Mobile Programmer;PT Biometrik Citra Solusi;Yogyakarta Special Region;Full time;https://www.jobstreet.co.id/job/77673797
30-Jul-24 04:20;.NET Web Programmer;PT. Adaya Solusi Teknologi;Bandung;Full time;https://www.jobstreet.co.id/job/77686775
30-Jul-24 08:10;IT Team Lead dan Senior Developer;PT Adhikari Inovasi Indonesia;Bandung;Full time;https://www.jobstreet.co.id/job/77708783
30-Jul-24 10:09;Software Developer - Strategic Prototype Development;PT Dian Swastatika Sentosa, Tbk;Central Jakarta;Full time;https://www.jobstreet.co.id/job/77712527
30-Jul-24 03:10;.NET FULL-STACK DEVELOPER;PT. GLOBAL EDGE TEKNOLOGI;North Jakarta;Full time;https://www.jobstreet.co.id/job/77619003
30-Jul-24 03:11;IT Programmer;PT BANGUNPERKASA  ADHITAMASENTRA;West Jakarta;Full time;https://www.jobstreet.co.id/job/77673619
30-Jul-24 04:10;MID-SENIOR SOFTWARE DEVELOPER / PROGRAMMER;PT  Mulia Knitting Factory;West Jakarta;Full time;https://www.jobstreet.co.id/job/77673923
29-Jul-24 01:30;Software Engineer - Full Stack;Yayasan Kesehatan Pertamina;Jakarta;Full time;https://www.jobstreet.co.id/job/77637654
29-Jul-24 04:42;Senior Full Stack Developer;PT. HTC Global Software Services;South Jakarta;Contract/Temp;https://www.jobstreet.co.id/job/77644706
29-Jul-24 09:58;IT System Development Specialist;PT. Platinum Ceramics Industry;Surabaya;Full time;https://www.jobstreet.co.id/job/77658172
29-Jul-24 06:22;IT Developer;PT Eka Mas Republik;Central Jakarta;Full time;https://www.jobstreet.co.id/job/77647617
29-Jul-24 11:12;Senior Programmer;PT PERFORMA OPTIMA KOMPUTINDO;Surabaya;Full time;https://www.jobstreet.co.id/job/77659823
29-Jul-24 09:51;Programmer;PT Hiba Utama;East Jakarta;Contract/Temp;https://www.jobstreet.co.id/job/77657249
30-Jul-24 17:03;Frontend Engineer;PT. Dukung Gerak Digital;Medan;Full time;https://www.jobstreet.co.id/job/77724025
02-Aug-24 07:34;Web Developer;PT. Jasa Medika Transmedic sebagai rekruter RSUD dr. Chasbullah Abdulmadjid;West Java;Full time;https://www.jobstreet.co.id/job/77816661
29-Jul-24 04:31;Web Developer;Talent Search Recruitment;Jakarta;Full time;https://www.jobstreet.co.id/job/77653025
30-Jul-24 08:18;Web Specialist (Wordpress based);PT Bali Direct Store;Bali;Full time;https://www.jobstreet.co.id/job/77708968
28-Jul-24 09:20;iT Programmer;PT. Hida Berkarya Selalu;Medan;Full time;https://www.jobstreet.co.id/job/77632531
30-Jul-24 05:01;Fullstack Developer;PT Andara Rejo Makmur;Semarang Regency;Full time;https://www.jobstreet.co.id/job/77710927
31-Jul-24 01:34;IT Programmer;LOG IN MEGASTORE;Bandung;Full time;https://www.jobstreet.co.id/job/77738954
30-Jul-24 04:10;Mobile Developer;PT Walden Global Services;Batam;Contract/Temp;https://www.jobstreet.co.id/job/77683667
27-Jul-24 08:01;Full Stack Developer;PT Telkomsel Ekosistem Digital;South Jakarta;Full time;https://www.jobstreet.co.id/job/77668338
27-Jul-24 03:38;Programmer (freelance);Raizen Digital Marketing;Medan;Part time;https://www.jobstreet.co.id/job/77625357
30-Jul-24 01:25;Web Specialist (Wordpress based);Bali Direct Store;Bali;Full time;https://www.jobstreet.co.id/job/77675102
30-Jul-24 04:52;BACK END DEVELOPER;PT Andara Rejo Makmur;Semarang Regency;Full time;https://www.jobstreet.co.id/job/77710537
28-Jul-24 04:11;Senior Software Engineer;Staff Hunter;Jakarta;Full time;https://www.jobstreet.co.id/job/77632577
30-Jul-24 03:51;Programmer Front-End Nextjs;Steven sebagai rekruter PT.Transporindo Agung Sejahtera;Medan;Full time;https://www.jobstreet.co.id/job/77710721
31-Jul-24 08:15;Web Developer;Youtap Indonesia;Jakarta;Contract/Temp;https://www.jobstreet.co.id/job/77757828
01-Aug-24 07:36;Programmer;Associe.co.id;Lamongan;Full time;https://www.jobstreet.co.id/job/77802126
29-Jul-24 03:20;Web Developer;PT GOS Indoraya;Central Jakarta;Full time;https://www.jobstreet.co.id/job/77668685
01-Aug-24 04:27;IT Programmer;PT. Mutiara Cahaya Tegal;Tegal;Contract/Temp;https://www.jobstreet.co.id/job/77803083
01-Aug-24 09:00;System Developer - Tribun Network;Kompas Gramedia - KG Media;Jakarta;Full time;https://www.jobstreet.co.id/job/77811078
01-Aug-24 11:07;Senior Fullstack Developer - BANKING Company;PT. SIGMA GLOBAL TEKNOLOGI (SIGMATECH);Jakarta;Contract/Temp;https://www.jobstreet.co.id/job/77810860
26-Jul-24 15:43;Web design Wordpress;Company Confidential;Denpasar;Full time;https://www.jobstreet.co.id/job/77628398
