listing_date;title;company;location;work_type;link
01-Aug-24 03:54;Full Stack Developer;PT Darya Varia Laboratoria, Tbk;South Jakarta;Full time;https://www.jobstreet.co.id/job/77773370
01-Aug-24 07:19;FullStack Developer;PT Esha Parama Teknologi;Jakarta;Full time;https://www.jobstreet.co.id/job/77781737
02-Aug-24 06:53;Fullstack Developer - WFO - IT Consulting - Jakarta;PT. PERSOLKELLY Recruitment Indonesia;Jakarta;Contract/Temp;https://www.jobstreet.co.id/job/77812147
01-Aug-24 03:54;Developer Fullstack;PT XManagement Mandiri Group;Bandung;Full time;https://www.jobstreet.co.id/job/77773209
01-Aug-24 02:14;IT CORE BANKING (FULL STACK DEVELOPER);PT. Bank KEB Hana Indonesia;Jakarta;Full time;https://www.jobstreet.co.id/job/77768815
31-Jul-24 03:59;Full Stack Developer;PT Ketrosden Triasmitra;East Jakarta;Full time;https://www.jobstreet.co.id/job/77740159
02-Aug-24 03:04;Apps & Digital Support Senior Staff (Full Stack Developer);PT Eka Bogainti;East Jakarta;Full time;https://www.jobstreet.co.id/job/77801448
29-Jul-24 10:51;Part-time NodeJs Developer;Polyrific;Jakarta;Part time;https://www.jobstreet.co.id/job/77659634
02-Aug-24 08:12;Senior Fullstack Developer;PT Redbuzz Mediatama;West Jakarta;Contract/Temp;https://www.jobstreet.co.id/job/77814552
31-Jul-24 00:28;Full Stack Developer;PT. Amalura Multi Dimensi;South Jakarta;Contract/Temp;https://www.jobstreet.co.id/job/77732767
02-Aug-24 06:32;Fullstack Web Developer;PT Integrasi Logistik Cipta Solusi;Jakarta;Contract/Temp;https://www.jobstreet.co.id/job/77810736
01-Aug-24 07:52;Full Stack Developer;PT Buana Varia Komputama;South Jakarta;Full time;https://www.jobstreet.co.id/job/77782572
30-Jul-24 03:10;.NET FULL-STACK DEVELOPER;PT. GLOBAL EDGE TEKNOLOGI;North Jakarta;Full time;https://www.jobstreet.co.id/job/77619003
01-Aug-24 02:20;IT Developer;PT MNC Asuransi Indonesia;Central Jakarta;Contract/Temp;https://www.jobstreet.co.id/job/77768999
30-Jul-24 08:38;SENIOR FULL STACK DEVELOPER;PT Nusantara Sakti Group (JAKARTA);West Jakarta;Full time;https://www.jobstreet.co.id/job/77709385
31-Jul-24 04:52;Fullstack Developer (Payment Getaway);PT Abadi Sejahtera Finansindo;Tangerang;Full time;https://www.jobstreet.co.id/job/77741739
01-Aug-24 04:38;Senior Full Stack Programer;Sketsa House;Jakarta;Contract/Temp;https://www.jobstreet.co.id/job/77775847
31-Jul-24 04:17;Senior Fullstack Developer;PT. Padepokan Tujuh Sembilan;Jakarta;Full time;https://www.jobstreet.co.id/job/77740731
01-Aug-24 03:02;Fullstack Developer (Node Js & Laravel - Payment);PT. KODE KOLEKTIF INDONESIA;Yogyakarta;Full time;https://www.jobstreet.co.id/job/77770700
30-Jul-24 04:50;Full-Stack Developer;PT Gihon Telekomunikasi Indonesia;South Tangerang;Full time;https://www.jobstreet.co.id/job/77695358
31-Jul-24 06:46;ASP Developer Jakarta;PT Galva Galindra Multi Cipta;Central Jakarta;Full time;https://www.jobstreet.co.id/job/77746357
29-Jul-24 04:25;Full Stack Developer;PT. HTC Global Software Services;South Jakarta;Contract/Temp;https://www.jobstreet.co.id/job/77644206
30-Jul-24 02:32;ICDC - Consultant - Outsystem Developer;Deloitte Consulting SEA;Jakarta;Full time;https://www.jobstreet.co.id/job/77672149
29-Jul-24 07:47;Full Stack Developer (PHP);PT. Metrocomjaddi Technology;South Jakarta;Contract/Temp;https://www.jobstreet.co.id/job/77650766
30-Jul-24 09:37;IT Programmer;Koperasi Jasa Bhakti BPJS Kesehatan;Central Jakarta;Contract/Temp;https://www.jobstreet.co.id/job/77711614
29-Jul-24 07:13;Programmer;PT Benari Solusindo Sejahtera;South Jakarta;Full time;https://www.jobstreet.co.id/job/77649361
30-Jul-24 04:04;Fullstack Programmer (.NET);PT BRINGIN KARYA SEJAHTERA;Jakarta;Full time;https://www.jobstreet.co.id/job/77682071
29-Jul-24 04:42;Senior Full Stack Developer;PT. HTC Global Software Services;South Jakarta;Contract/Temp;https://www.jobstreet.co.id/job/77644706
31-Jul-24 03:11;Fullstack Developer (Front-end/Back-end);PT Berca Mandiri Perkasa;Central Jakarta;Full time;https://www.jobstreet.co.id/job/77737697
27-Jul-24 12:41;Fullstack Developer, Front End Developer, Back End Developer;PT Indo Retreading And Tire Services;Bekasi Regency;Full time;https://www.jobstreet.co.id/job/77627977
02-Aug-24 10:15;Website Developer;Private Advertiser;Bandung;Contract/Temp;https://www.jobstreet.co.id/job/77821151
01-Aug-24 19:13;Senior Software Engineer, Fullstack - Lending;PT Solusi Transportasi Indonesia;Jakarta;Full time;https://www.jobstreet.co.id/job/77793744
02-Aug-24 06:28;Web Engineer (for MCM);PT Merah Cipta Media;West Jakarta;Full time;https://www.jobstreet.co.id/job/77809909
02-Aug-24 10:41;Senior Back End Developer;PT Sentral Link Solutions;South Jakarta;Full time;https://www.jobstreet.co.id/job/77821913
02-Aug-24 04:21;Backend Engineer (Node.js);PT Nomura Research Institute Indonesia;Jakarta;Contract/Temp;https://www.jobstreet.co.id/job/77804848
02-Aug-24 03:46;Web Developer Staff;PT Sree Logistics Indonesia;South Jakarta;Full time;https://www.jobstreet.co.id/job/77803672
02-Aug-24 02:31;Front End Developer Executive;PT Niaga Nusa Abadi;East Jakarta;Full time;https://www.jobstreet.co.id/job/77800074
02-Aug-24 07:27;Specialist Software Development;PT. Central Proteina Prima, Tbk;South Jakarta;Full time;https://www.jobstreet.co.id/job/77813425
01-Aug-24 09:37;IT Programmer;PT.Medika Husada;Karawang;Full time;https://www.jobstreet.co.id/job/77785049
01-Aug-24 06:22;IT Web & Mobile Application Developer;PT. Kalbe Farma Tbk. (International Division);East Jakarta;Full time;https://www.jobstreet.co.id/job/77779026
01-Aug-24 11:34;Backend  Developer (For TRS Group);PT Tigaraksa Satria, Tbk;Bogor Regency;Full time;https://www.jobstreet.co.id/job/77788254
01-Aug-24 06:28;Senior Software Developer;Healthway Medical Group;Jakarta;Full time;https://www.jobstreet.co.id/job/77779303
01-Aug-24 11:43;Senior Backend Engineer - Lending;PT Kredit Pintar Indonesia;South Jakarta;Full time;https://www.jobstreet.co.id/job/77788300
01-Aug-24 03:26;Backend Developer (PHP/Golang) + DevOps;PT Lentera Bangsa Benderang;South Jakarta;Contract/Temp;https://www.jobstreet.co.id/job/77771894
01-Aug-24 05:47;Webflow Developer;Rav Rai Personal Real Estate Corporation;Jakarta;Contract/Temp;https://www.jobstreet.co.id/job/77724042
01-Aug-24 02:11;IT Developer (CODE: ITD);PT Uangel Indonesia;South Jakarta;Contract/Temp;https://www.jobstreet.co.id/job/77768668
01-Aug-24 06:08;Quality Assurance [QA] and Testing for Web App Development;Blueondigo;North Jakarta;Full time;https://www.jobstreet.co.id/job/77778538
01-Aug-24 08:38;Software Engineer;Yayasan Bina Nusantara;West Jakarta;Full time;https://www.jobstreet.co.id/job/77783523
01-Aug-24 06:43;Senior Software Engineer, Backend - Business Platform;PT Solusi Transportasi Indonesia;Jakarta;Full time;https://www.jobstreet.co.id/job/77787552
01-Aug-24 01:56;Junior Developer;PT Walden Global Services;West Java;Full time;https://www.jobstreet.co.id/job/77768230
31-Jul-24 04:38;Full Stack Software Engineer - Ruby on Rails;Luce Maintenance Group;Jakarta;Full time;https://www.jobstreet.co.id/job/77741364
31-Jul-24 06:09;Shopify Developer;Aright Consulting Sdn Bhd;North Jakarta;Full time;https://www.jobstreet.co.id/job/77743957
31-Jul-24 08:35;Front-End Developer;NominaGames;Tangerang;Full time;https://www.jobstreet.co.id/job/77749429
30-Jul-24 17:13;Software Engineer, Backend - Lending;PT Solusi Transportasi Indonesia;Jakarta;Full time;https://www.jobstreet.co.id/job/77728446
31-Jul-24 05:45;Software Engineer, Backend - Transaction Platform;PT Solusi Transportasi Indonesia;Jakarta;Full time;https://www.jobstreet.co.id/job/77751293
31-Jul-24 07:15;Senior Software Developer;Private Advertiser;Bandung;Full time;https://www.jobstreet.co.id/job/77747111
31-Jul-24 02:34;Staff IT API Specialist;PT Satria Antaran Prima Tbk.;Jakarta;Contract/Temp;https://www.jobstreet.co.id/job/77736346
31-Jul-24 07:39;ICDC - Experience Analyst - Outsystem Developer - [Jakarta - ID];Deloitte;Jakarta;Full time;https://www.jobstreet.co.id/job/77751248
30-Jul-24 10:09;Software Developer - Strategic Prototype Development;PT Dian Swastatika Sentosa, Tbk;Central Jakarta;Full time;https://www.jobstreet.co.id/job/77712527
30-Jul-24 17:13;Senior Software Engineer Backend - Lending;PT Solusi Transportasi Indonesia;Jakarta;Full time;https://www.jobstreet.co.id/job/77728452
30-Jul-24 10:33;Web Game Developer;Blueondigo;North Jakarta;Full time;https://www.jobstreet.co.id/job/77714088
30-Jul-24 06:24;IT Developer;PT Beautilosophi Mahandaru Indonesia;South Jakarta;Contract/Temp;https://www.jobstreet.co.id/job/77705676
30-Jul-24 17:13;Lead Software Engineer, Backend - Lending;PT Solusi Transportasi Indonesia;Jakarta;Full time;https://www.jobstreet.co.id/job/77728438
30-Jul-24 03:33;IT SOFTWARE;PT Woodone Integra Indonesia;Sidoarjo;Full time;https://www.jobstreet.co.id/job/77674948
30-Jul-24 04:20;.NET Web Programmer;PT. Adaya Solusi Teknologi;Bandung;Full time;https://www.jobstreet.co.id/job/77686775
30-Jul-24 08:10;IT Team Lead dan Senior Developer;PT Adhikari Inovasi Indonesia;Bandung;Full time;https://www.jobstreet.co.id/job/77708783
29-Jul-24 01:30;Software Engineer - Full Stack;Yayasan Kesehatan Pertamina;Jakarta;Full time;https://www.jobstreet.co.id/job/77637654
29-Jul-24 08:02;Senior .NET / NodeJS Developer;PT EBconnection Indonesia;South Jakarta;Contract/Temp;https://www.jobstreet.co.id/job/77651023
29-Jul-24 03:44;.Net Developer;PT. SIGMA GLOBAL TEKNOLOGI (SIGMATECH);Tangerang;Contract/Temp;https://www.jobstreet.co.id/job/77642849
29-Jul-24 09:58;IT System Development Specialist;PT. Platinum Ceramics Industry;Surabaya;Full time;https://www.jobstreet.co.id/job/77658172
29-Jul-24 05:27;IT Team Lead dan Senior Developer;Private Advertiser;Bandung;Full time;https://www.jobstreet.co.id/job/77645359
30-Jul-24 05:01;Fullstack Developer;PT Andara Rejo Makmur;Semarang Regency;Full time;https://www.jobstreet.co.id/job/77710927
27-Jul-24 08:01;Full Stack Developer;PT Telkomsel Ekosistem Digital;South Jakarta;Full time;https://www.jobstreet.co.id/job/77668338
02-Aug-24 07:34;Web Developer;PT. Jasa Medika Transmedic sebagai rekruter RSUD dr. Chasbullah Abdulmadjid;West Java;Full time;https://www.jobstreet.co.id/job/77816661
31-Jul-24 11:00;Senior Backend Developer - Node (100% Remote Indonesia Jakarta);Tether Operations Limited;Jakarta;Full time;https://www.jobstreet.co.id/job/77759649
31-Jul-24 11:03;Senior Backend Developer - Node (100% Remote Indonesia Surabaya);Tether Operations Limited;Surabaya;Full time;https://www.jobstreet.co.id/job/77759596
31-Jul-24 10:59;Senior Backend Developer - Node (100% Remote Indonesia Bandung);Tether Operations Limited;Bandung;Full time;https://www.jobstreet.co.id/job/77759631
31-Jul-24 01:34;IT Programmer;LOG IN MEGASTORE;Bandung;Full time;https://www.jobstreet.co.id/job/77738954
30-Jul-24 04:52;BACK END DEVELOPER;PT Andara Rejo Makmur;Semarang Regency;Full time;https://www.jobstreet.co.id/job/77710537
30-Jul-24 04:10;Mobile Developer;PT Walden Global Services;Batam;Contract/Temp;https://www.jobstreet.co.id/job/77683667
29-Jul-24 04:31;Web Developer;Talent Search Recruitment;Jakarta;Full time;https://www.jobstreet.co.id/job/77653025
28-Jul-24 04:11;Senior Software Engineer;Staff Hunter;Jakarta;Full time;https://www.jobstreet.co.id/job/77632577
28-Jul-24 09:20;iT Programmer;PT. Hida Berkarya Selalu;Medan;Full time;https://www.jobstreet.co.id/job/77632531
01-Aug-24 11:07;Senior Fullstack Developer - BANKING Company;PT. SIGMA GLOBAL TEKNOLOGI (SIGMATECH);Jakarta;Contract/Temp;https://www.jobstreet.co.id/job/77810860
27-Jul-24 06:51;Full-Stack Developer;Whitesky Aviation;Jakarta;Full time;https://www.jobstreet.co.id/job/77631430
29-Jul-24 10:22;Full-stack Software Engineer;Manulife and John Hancock;Jakarta;Full time;https://www.jobstreet.co.id/job/77662242
29-Jul-24 10:13;Full Stack Software Engineer;Manulife and John Hancock;Jakarta;Full time;https://www.jobstreet.co.id/job/77662267
31-Jul-24 08:15;Web Developer;Youtap Indonesia;Jakarta;Contract/Temp;https://www.jobstreet.co.id/job/77757828
30-Jul-24 07:32;.Net Developer;PT Graha Karya Informasi;Jakarta;Contract/Temp;https://www.jobstreet.co.id/job/77719651
01-Aug-24 04:27;IT Programmer;PT. Mutiara Cahaya Tegal;Tegal;Contract/Temp;https://www.jobstreet.co.id/job/77803083
01-Aug-24 07:36;Programmer;Associe.co.id;Lamongan;Full time;https://www.jobstreet.co.id/job/77802126
01-Aug-24 08:07;Back End Developer (Banking Industry - Exp: Machine Learning, AWS/GCP);PT. SIGMA GLOBAL TEKNOLOGI (SIGMATECH);Jakarta;Contract/Temp;https://www.jobstreet.co.id/job/77790959
01-Aug-24 03:09;Backend Developer;Gefami Services Indonesia;Jakarta;Full time;https://www.jobstreet.co.id/job/77790946
31-Jul-24 22:46;Backend Developer;PT Cerdas Digital Nusantara;Yogyakarta;Full time;https://www.jobstreet.co.id/job/77811109
01-Aug-24 04:19;Backend Developer;Universitas Siber Asia;South Jakarta;Full time;https://www.jobstreet.co.id/job/77802032
01-Aug-24 11:05;Backend Java Developer - BANKING Company;PT. SIGMA GLOBAL TEKNOLOGI (SIGMATECH);Jakarta;Contract/Temp;https://www.jobstreet.co.id/job/77790932
31-Jul-24 08:52;Staff Programmer;Seven Smarts Indonesia;Boyolali;Contract/Temp;https://www.jobstreet.co.id/job/77775545
30-Jul-24 04:08;Delphi Developer - ASAP;PT. SIGMA GLOBAL TEKNOLOGI (SIGMATECH);Jakarta;Full time;https://www.jobstreet.co.id/job/77719941
30-Jul-24 02:56;.Net Developer;PT. SIGMA GLOBAL TEKNOLOGI (SIGMATECH);Tangerang;Contract/Temp;https://www.jobstreet.co.id/job/77719745
30-Jul-24 08:02;PHP Deeloper;PT Fourbest Synergy;West Jakarta;Full time;https://www.jobstreet.co.id/job/77720072
