listing_date;title;company;location;work_type;link
01-Aug-24 08:34;IT Project Management Support Section Head;Yayasan Bina Nusantara;Jakarta;Full time;https://www.jobstreet.co.id/job/77783454
02-Aug-24 03:35;Implementation and Functional Section Head;Karunia Prima Nastari (KPN CORP.);South Jakarta;Full time;https://www.jobstreet.co.id/job/77803157
30-Jul-24 03:22;IT GRC Manager;PT Finture Tech Indonesia;South Jakarta;Full time;https://www.jobstreet.co.id/job/77674004
02-Aug-24 09:17;Head of IT (Semarang, Manufacturing Industry);Links international;Semarang;Full time;https://www.jobstreet.co.id/job/77816533
31-Jul-24 07:32;IT Manager;PT Indovisual Presentatama;North Jakarta;Full time;https://www.jobstreet.co.id/job/77748027
02-Aug-24 08:47;IT Infrastructure Project Manager;PT Netmarks Indonesia;North Jakarta;Contract/Temp;https://www.jobstreet.co.id/job/77815419
02-Aug-24 08:29;IT Manager;PT. Innolab Sains Internasional;East Jakarta;Full time;https://www.jobstreet.co.id/job/77814989
02-Aug-24 01:42;IT Support Specialist - ID;Deloitte Consulting SEA;Central Jakarta;Full time;https://www.jobstreet.co.id/job/77798434
01-Aug-24 08:28;Head of Software Solutions;Yayasan Bina Nusantara;West Jakarta;Full time;https://www.jobstreet.co.id/job/77783332
02-Aug-24 09:05;IT Change & Availability Management;PT Bumi Amartha Teknologi Mandiri;Central Jakarta;Contract/Temp;https://www.jobstreet.co.id/job/77816217
02-Aug-24 04:50;IT Officer;PT Surya Jalur Anugerah;Jakarta;Full time;https://www.jobstreet.co.id/job/77805774
02-Aug-24 10:56;SAP Delivery Manager;PT Mitra Solusi Telematika;South Jakarta;Full time;https://www.jobstreet.co.id/job/77822103
29-Jul-24 18:14;Senior Manager - Technology Strategy & Transformation - ID;Deloitte;Jakarta;Full time;https://www.jobstreet.co.id/job/77664596
01-Aug-24 10:49;IT Governance Manager (Automotive Distribution);Private Advertiser;South Jakarta;Full time;https://www.jobstreet.co.id/job/77787985
01-Aug-24 09:16;IT Administrator with AWS or GCP Experience;PT Atreus Global;Jakarta;Full time;https://www.jobstreet.co.id/job/77784681
01-Aug-24 04:45;IT Cyber Security Manager;PT Mandala Multifinance, Tbk;Central Jakarta;Full time;https://www.jobstreet.co.id/job/77776017
01-Aug-24 07:11;IT Tribe Leader;MSIG Life Insurance Indonesia Tbk;South Jakarta;Full time;https://www.jobstreet.co.id/job/77781582
02-Aug-24 07:21;IT Senior Products Trainer - SaaS (A-108959);RGF HR Agent Indonesia;South Jakarta;Full time;https://www.jobstreet.co.id/job/77813248
01-Aug-24 02:09;IT PM Business Analyst;PT Insura Media Solusi (Jakarta);Jakarta;Full time;https://www.jobstreet.co.id/job/77768652
29-Jul-24 03:11;IT Project Manager;PT Bank Resona Perdania;Central Jakarta;Full time;https://www.jobstreet.co.id/job/77641480
31-Jul-24 09:53;MANAGER IT;PT Teguh Murni Perdana;Tangerang;Full time;https://www.jobstreet.co.id/job/77751870
01-Aug-24 09:52;Technical Specialist - Compliance;PT Microsoft Indonesia;Jakarta;Full time;https://www.jobstreet.co.id/job/77793758
30-Jul-24 06:52;Division Head Data Science ( PT ABM Investama Tbk);PT Cipta Kridatama;South Jakarta;Full time;https://www.jobstreet.co.id/job/77706637
01-Aug-24 10:30;IT Project Delivery;PT Asuransi Jiwa Manulife Indonesia (Dept PB Danamon);Jakarta;Full time;https://www.jobstreet.co.id/job/77796433
30-Jul-24 08:10;IT Team Lead dan Senior Developer;PT Adhikari Inovasi Indonesia;Bandung;Full time;https://www.jobstreet.co.id/job/77708783
01-Aug-24 06:04;FCC Control Operations Analyst - Indonesia;Standard Chartered Bank;Jakarta;Full time;https://www.jobstreet.co.id/job/77778459
01-Aug-24 09:35;IT Business Analyst;PT Harsana Eklinika Reforma;Jakarta;Full time;https://www.jobstreet.co.id/job/77785013
29-Jul-24 03:37;IT Project Manager;PT Artha Solutions Indonesia;Jakarta;Contract/Temp;https://www.jobstreet.co.id/job/77642469
31-Jul-24 06:37;IT Consultant;PT Lensung Technology Indonesia;West Jakarta;Full time;https://www.jobstreet.co.id/job/77651721
29-Jul-24 07:39;IT Manager;PT Penta Valent;West Jakarta;Full time;https://www.jobstreet.co.id/job/77650539
29-Jul-24 05:22;Information Technology Project Manager;PT Fata Organa Solusi;South Tangerang;Full time;https://www.jobstreet.co.id/job/77645724
30-Jul-24 07:30;SAP IT Consultant;PT Prima Sistem Terpadu;Jakarta;Contract/Temp;https://www.jobstreet.co.id/job/77707743
29-Jul-24 05:27;IT Team Lead dan Senior Developer;Private Advertiser;Bandung;Full time;https://www.jobstreet.co.id/job/77645359
29-Jul-24 10:41;IT Project Analyst;PT Ako Media Asia;West Jakarta;Part time;https://www.jobstreet.co.id/job/77659603
29-Jul-24 04:25;Presales Engineer;Cartrack;Jakarta;Full time;https://www.jobstreet.co.id/job/77644195
29-Jul-24 00:00;IT QA & Business Analyst Senior Manager (Real Estate Development);SabiKerja;Jakarta;Full time;https://www.jobstreet.co.id/job/77663938
29-Jul-24 00:00;Technical Lead - IVR;Flintex Consulting Pte Ltd;Jakarta;Full time;https://www.jobstreet.co.id/job/77663834
30-Jul-24 14:10;Security Operations Manager;British American Tobacco Indonesia;Malang;Full time;https://www.jobstreet.co.id/job/77724371
29-Jul-24 05:38;Head of Data Science - Visa Consulting & Analytics, Indonesia;Visasoft Ltd;Jakarta;Full time;https://www.jobstreet.co.id/job/77653325
27-Jul-24 00:33;Head of Security;Influx Services;Jakarta;Full time;https://www.jobstreet.co.id/job/77625571
31-Jul-24 02:31;Head of Data Science � Visa Consulting & Analytics, Indonesia;Company Confidential;Jakarta;Full time;https://www.jobstreet.co.id/job/77746242
29-Jul-24 18:47;Principal Consultant, Enterprise Solutions, Platinion, SEA;Company Confidential;Jakarta;Full time;https://www.jobstreet.co.id/job/77664601
