listing_date;title;company;location;work_type;link
13-May-24 06:50;IT GRC (Governance, Risk, and Compliance) Officer;Akulaku Indonesia;Jakarta Pusat;fullTime;https://dealls.com/loker/it-grc-governance-risk-and~akulaku-indonesia
14-Jul-22 11:38;IT Governance Supervisor;Agung Sedayu Group;Jakarta;fullTime;https://dealls.com/loker/it-governance-supervisor~agung-sedayu-group
08-Jul-24 09:01;IT Governance, Risk, & Compliance;SeaBank Indonesia;Jakarta;fullTime;https://dealls.com/loker/it-governance-risk-and-compliance-1~seabank-indonesia
14-Jul-22 11:21;IT Governance Staff;Agung Sedayu Group;Jakarta;fullTime;https://dealls.com/loker/it-governance-staff~agung-sedayu-group
