listing_date;title;company;location;work_type;link
02-Aug-24 10:40;Project Manager;PT Metrocom Global Solusi;Jakarta;Full time;https://www.jobstreet.co.id/job/77821945
31-Jul-24 10:21;Project Manager;PT Ninety Nine Dotco;Jakarta;Contract/Temp;https://www.jobstreet.co.id/job/77754957
30-Jul-24 09:11;Project Manager;PT Mitra Transaksi Indonesia;Jakarta;Full time;https://www.jobstreet.co.id/job/77710202
30-Jul-24 07:35;Project Manager;PT Valortek Ratanika Utama;Jakarta;Full time;https://www.jobstreet.co.id/job/77707897
02-Aug-24 08:47;IT Infrastructure Project Manager;PT Netmarks Indonesia;North Jakarta;Contract/Temp;https://www.jobstreet.co.id/job/77815419
31-Jul-24 07:32;IT Manager;PT Indovisual Presentatama;North Jakarta;Full time;https://www.jobstreet.co.id/job/77748027
02-Aug-24 09:50;IT Project Manager Officer (PMO);PT Prawathiya Karsa Pradipta;Bekasi;Full time;https://www.jobstreet.co.id/job/77818817
29-Jul-24 06:37;Project Manager;PT Digital Mediatama Maxima Tbk.;South Jakarta;Full time;https://www.jobstreet.co.id/job/77648271
29-Jul-24 05:22;Information Technology Project Manager;PT Fata Organa Solusi;South Tangerang;Full time;https://www.jobstreet.co.id/job/77645724
01-Aug-24 10:30;IT Project Delivery;PT Asuransi Jiwa Manulife Indonesia (Dept PB Danamon);Jakarta;Full time;https://www.jobstreet.co.id/job/77796433
02-Aug-24 04:21;Professional Product Owner;PT Nomura Research Institute Indonesia;Jakarta;Contract/Temp;https://www.jobstreet.co.id/job/77804896
31-Jul-24 04:56;Project Management Office Executive;PT Nojorono Tobacco International;East Jakarta;Full time;https://www.jobstreet.co.id/job/77741850
30-Jul-24 03:22;IT GRC Manager;PT Finture Tech Indonesia;South Jakarta;Full time;https://www.jobstreet.co.id/job/77674004
31-Jul-24 09:13;Management Development Program (MDP);PT Mega Central Finance;Jakarta;Full time;https://www.jobstreet.co.id/job/77750531
29-Jul-24 03:37;IT Project Manager;PT Artha Solutions Indonesia;Jakarta;Contract/Temp;https://www.jobstreet.co.id/job/77642469
02-Aug-24 08:29;IT Manager;PT. Innolab Sains Internasional;East Jakarta;Full time;https://www.jobstreet.co.id/job/77814989
02-Aug-24 04:22;Scrum Master;PT Nomura Research Institute Indonesia;Jakarta;Contract/Temp;https://www.jobstreet.co.id/job/77804910
29-Jul-24 04:52;Application Team Leader;PT Nssol Systems Indonesia;Central Jakarta;Full time;https://www.jobstreet.co.id/job/77644950
01-Aug-24 02:33;Asisten IT Manager;PT. K-LINK INDONESIA;South Jakarta;Full time;https://www.jobstreet.co.id/job/77769453
31-Jul-24 07:41;Business Analyst PSAK71;PT Asta Protek Jiarsi;Tangerang;Full time;https://www.jobstreet.co.id/job/77748252
29-Jul-24 03:11;IT Project Manager;PT Bank Resona Perdania;Central Jakarta;Full time;https://www.jobstreet.co.id/job/77641480
29-Jul-24 03:27;PROJECT EXECUTIVE;PT Ceria Jusindo Nusantara;South Jakarta;Full time;https://www.jobstreet.co.id/job/77641928
31-Jul-24 04:17;Project Lead;Elite Asia;Jakarta;Full time;https://www.jobstreet.co.id/job/77740735
02-Aug-24 07:05;Microsoft Dynamics GP - Great Plains Technical Consultant (Based in Singapore);Nigel Frank International;Jakarta;Full time;https://www.jobstreet.co.id/job/77812653
29-Jul-24 04:45;FUNDING MANAGER;PT Limin Marine & Offshore;South Jakarta;Full time;https://www.jobstreet.co.id/job/77644748
02-Aug-24 03:42;Project Specifier;PT Aplus Pacific;West Jakarta;Full time;https://www.jobstreet.co.id/job/77803489
29-Jul-24 02:55;IT Project Management Officer;PT Akulaku Silvrr Indonesia;Central Jakarta;Full time;https://www.jobstreet.co.id/job/77640752
02-Aug-24 02:31;AVP Network Automation & AI/ML Architect;Indosat Ooredoo;Central Jakarta;Full time;https://www.jobstreet.co.id/job/77800068
31-Jul-24 04:52;Subject Matter Expert - Mechanic (Focke F550, F5, 552);British American Tobacco Indonesia;Malang;Full time;https://www.jobstreet.co.id/job/77741751
02-Aug-24 10:56;SAP Delivery Manager;PT Mitra Solusi Telematika;South Jakarta;Full time;https://www.jobstreet.co.id/job/77822103
02-Aug-24 09:17;Head of IT (Semarang, Manufacturing Industry);Links international;Semarang;Full time;https://www.jobstreet.co.id/job/77816533
01-Aug-24 11:03;IT Product Delivery;MSIG Life Insurance Indonesia Tbk;South Jakarta;Full time;https://www.jobstreet.co.id/job/77788081
29-Jul-24 10:41;IT Project Analyst;PT Ako Media Asia;West Jakarta;Part time;https://www.jobstreet.co.id/job/77659603
29-Jul-24 07:39;IT Manager;PT Penta Valent;West Jakarta;Full time;https://www.jobstreet.co.id/job/77650539
31-Jul-24 09:53;MANAGER IT;PT Teguh Murni Perdana;Tangerang;Full time;https://www.jobstreet.co.id/job/77751870
29-Jul-24 18:14;Senior Manager - Technology Strategy & Transformation - ID;Deloitte;Jakarta;Full time;https://www.jobstreet.co.id/job/77664596
01-Aug-24 03:24;Product Manager (Growth);PT. Fore Kopi Indonesia;Central Jakarta;Full time;https://www.jobstreet.co.id/job/77771607
01-Aug-24 09:54;Business Analyst;PT Esha Parama Teknologi;Jakarta;Full time;https://www.jobstreet.co.id/job/77785543
01-Aug-24 10:23;IT Project Analyst Lead;PT Ako Media Asia;West Jakarta;Contract/Temp;https://www.jobstreet.co.id/job/77787704
01-Aug-24 07:11;IT Tribe Leader;MSIG Life Insurance Indonesia Tbk;South Jakarta;Full time;https://www.jobstreet.co.id/job/77781582
29-Jul-24 02:45;Facility Manager;PT DCI Indonesia, Tbk;Bekasi Regency;Full time;https://www.jobstreet.co.id/job/77640443
02-Aug-24 03:35;Supervisor IT;PT Airkon Pratama;East Kalimantan;Contract/Temp;https://www.jobstreet.co.id/job/77803148
02-Aug-24 03:35;Implementation and Functional Section Head;Karunia Prima Nastari (KPN CORP.);South Jakarta;Full time;https://www.jobstreet.co.id/job/77803157
01-Aug-24 21:52;Product Manager;PT Aplikasi Karya Anak Bangsa (GO-JEK Indonesia);Jakarta;Full time;https://www.jobstreet.co.id/job/77796443
02-Aug-24 05:41;Product Owner;VIA.com;Central Jakarta;Full time;https://www.jobstreet.co.id/job/77807208
02-Aug-24 10:37;IT Coordinator;PT Sodexo Sinergi Indonesia;South Jakarta;Full time;https://www.jobstreet.co.id/job/77821899
02-Aug-24 09:05;IT Change & Availability Management;PT Bumi Amartha Teknologi Mandiri;Central Jakarta;Contract/Temp;https://www.jobstreet.co.id/job/77816217
01-Aug-24 00:30;Product Manager - Transport;PT Trinusa Travelindo;Jakarta;Full time;https://www.jobstreet.co.id/job/77774792
01-Aug-24 07:05;Associate Product Owner;PT Lentera Bangsa Benderang;Central Jakarta;Contract/Temp;https://www.jobstreet.co.id/job/77781403
01-Aug-24 02:09;IT PM Business Analyst;PT Insura Media Solusi (Jakarta);Jakarta;Full time;https://www.jobstreet.co.id/job/77768652
01-Aug-24 08:28;Head of Software Solutions;Yayasan Bina Nusantara;West Jakarta;Full time;https://www.jobstreet.co.id/job/77783332
31-Jul-24 08:59;Service Center Operation Manager;PT. CANDRA BROADCAST MEDIANTARA;Jakarta;Full time;https://www.jobstreet.co.id/job/77750232
01-Aug-24 07:19;IT STRATEGIC PLANNING & INFORMATION;PT Pesta Pora Abadi;Malang;Full time;https://www.jobstreet.co.id/job/77781771
01-Aug-24 11:15;HRIS Manager;Paramount Enterprise;Banten;Full time;https://www.jobstreet.co.id/job/77788161
01-Aug-24 08:34;IT Project Management Support Section Head;Yayasan Bina Nusantara;Jakarta;Full time;https://www.jobstreet.co.id/job/77783454
31-Jul-24 08:18;IT PMO Analyst XL Axiata;PT Multi Bangun Abadi;South Jakarta;Contract/Temp;https://www.jobstreet.co.id/job/77749089
02-Aug-24 01:42;Business Portfolio Manager;Perumda Air Minum Jaya;Jakarta;Contract/Temp;https://www.jobstreet.co.id/job/77798443
30-Jul-24 09:23;Branchless Banking User Interface Project Specialist;PT CIMB Niaga Tbk;South Jakarta;Full time;https://www.jobstreet.co.id/job/77710623
31-Jul-24 00:00;Product Manager - Storefront;PT Trinusa Travelindo;Jakarta;Full time;https://www.jobstreet.co.id/job/77739256
31-Jul-24 04:26;IT Product Specialist;PT Global Jet Express;North Jakarta;Contract/Temp;https://www.jobstreet.co.id/job/77741036
01-Aug-24 08:23;Associate Technical Lead Specialist;Yayasan Bina Nusantara;West Jakarta;Full time;https://www.jobstreet.co.id/job/77783241
31-Jul-24 00:00;Senior Associate Product Manager - Platform;PT Trinusa Travelindo;Jakarta;Full time;https://www.jobstreet.co.id/job/77739135
01-Aug-24 07:51;Anti Fraud Manager;PT Kredit Pintar Indonesia;South Jakarta;Full time;https://www.jobstreet.co.id/job/77782558
01-Aug-24 08:35;Business Analyst Manager;PT Tigaraksa Satria, Tbk;South Jakarta;Full time;https://www.jobstreet.co.id/job/77783469
02-Aug-24 10:57;SAP Support Manager;PT Mitra Solusi Telematika;South Jakarta;Full time;https://www.jobstreet.co.id/job/77822109
01-Aug-24 10:49;IT Governance Manager (Automotive Distribution);Private Advertiser;South Jakarta;Full time;https://www.jobstreet.co.id/job/77787985
30-Jul-24 00:11;Loan Adviser Manager & Supervisor (Jabodetabek);PERSEROAN TERBATAS - BADAN MAXIMUM DIGITAL NUSANTARA;Depok;Full time;https://www.jobstreet.co.id/job/77576314
31-Jul-24 00:00;Product Manager - Cross-Selling;PT Trinusa Travelindo;Jakarta;Full time;https://www.jobstreet.co.id/job/77738998
29-Jul-24 03:34;Head of Mortgage;PT. Jasa Kelola Solusindo;Tangerang;Full time;https://www.jobstreet.co.id/job/77642287
01-Aug-24 02:52;PROJECT MANAGEMENT OFFICE ASSISTANT (MANDARIN SPEAKER);PT ZTE Indonesia;South Jakarta;Contract/Temp;https://www.jobstreet.co.id/job/77770044
30-Jul-24 04:46;Investment Manager (Mandarin Speaker);PT. Harapan Anugerah Indah;South Jakarta;Full time;https://www.jobstreet.co.id/job/77694026
02-Aug-24 04:47;System Engineer;PT Gaweku Human Technology (Gaweku);Semarang;Full time;https://www.jobstreet.co.id/job/77805693
30-Jul-24 08:04;C# Senior Software Developer;PT Fata Organa Solusi;South Tangerang;Full time;https://www.jobstreet.co.id/job/77708643
01-Aug-24 11:35;Senior Sales Manager;PT Kation Teknologi Indonesia;South Jakarta;Contract/Temp;https://www.jobstreet.co.id/job/77788242
31-Jul-24 21:30;Manager of Customer Growth Planning and Operation;PT Aplikasi Karya Anak Bangsa (GO-JEK Indonesia);Jakarta;Full time;https://www.jobstreet.co.id/job/77761817
02-Aug-24 02:50;Business Process Engineer;PT SMART,Tbk;South Jakarta;Full time;https://www.jobstreet.co.id/job/77800782
01-Aug-24 04:36;Application Support Engineer (JBoss/Apache Tomcat, Web Server);PT Infinitium Solutions;Central Jakarta;Full time;https://www.jobstreet.co.id/job/77775788
30-Jul-24 06:29;Staff IT;PT Sapta Saritama;Bandung;Full time;https://www.jobstreet.co.id/job/77705846
02-Aug-24 03:07;Operational Technology Engineer;PT TDK ELECTRONICS INDONESIA;Batam;Full time;https://www.jobstreet.co.id/job/77801501
29-Jul-24 04:53;Network Administrator;PT Airfast Indonesia;Tangerang;Contract/Temp;https://www.jobstreet.co.id/job/77645005
29-Jul-24 11:36;System Dev & Infrastructure Officer - Bintaro;PT CIMB Niaga Tbk;South Tangerang;Full time;https://www.jobstreet.co.id/job/77659967
01-Aug-24 04:38;Senior Full Stack Programer;Sketsa House;Jakarta;Contract/Temp;https://www.jobstreet.co.id/job/77775847
02-Aug-24 04:24;Business System Analyst;PT Kamoro Maxima Integra;West Jakarta;Full time;https://www.jobstreet.co.id/job/77804961
30-Jul-24 07:57;Subject Matter Expert;PT Ihsan Solusi Informatika (Bandung);Central Jakarta;Contract/Temp;https://www.jobstreet.co.id/job/77708450
01-Aug-24 02:35;Key Account Manager (Telco/IT Background);PT NTT Global Data Centers Indonesia;Central Jakarta;Full time;https://www.jobstreet.co.id/job/77769525
30-Jul-24 09:51;Regional Manager (Area Sulawesi, Maluku);PT Ciptajaya Sejahtera Abadi;Makassar;Contract/Temp;https://www.jobstreet.co.id/job/77712058
30-Jul-24 08:10;IT Team Lead dan Senior Developer;PT Adhikari Inovasi Indonesia;Bandung;Full time;https://www.jobstreet.co.id/job/77708783
29-Jul-24 05:27;IT Team Lead dan Senior Developer;Private Advertiser;Bandung;Full time;https://www.jobstreet.co.id/job/77645359
30-Jul-24 12:00;Project Manager (Mekari Jojonomic);PT Mid Solusi Nusantara (MEKARI);Jakarta;Full time;https://www.jobstreet.co.id/job/77723015
30-Jul-24 04:50;Staf IT Project Management;PT Bank Resona Perdania;Jakarta;Full time;https://www.jobstreet.co.id/job/77710733
29-Jul-24 00:00;Technical Lead - IVR;Flintex Consulting Pte Ltd;Jakarta;Full time;https://www.jobstreet.co.id/job/77663834
30-Jul-24 18:21;Product Management (Clearing & Settlement) - Sea Labs;PT Seah Precision Metal Indonesia;Jakarta;Full time;https://www.jobstreet.co.id/job/77728440
29-Jul-24 00:00;IT QA & Business Analyst Senior Manager (Real Estate Development);SabiKerja;Jakarta;Full time;https://www.jobstreet.co.id/job/77663938
28-Jul-24 04:29;Implementation Specialist;PT Bima Sakti Alterra;Denpasar;Full time;https://www.jobstreet.co.id/job/77631927
27-Jul-24 05:38;Digital Development Specialist  - ( World Bank | req28589 | GF );World Bank Group - International Finance Corporation;Jakarta;Full time;https://www.jobstreet.co.id/job/77626997
26-Jul-24 16:12;SVP - Corporate Underwriter - Hybrid;PT Citi Interiorindo;Jakarta;Full time;https://www.jobstreet.co.id/job/77620618
30-Jul-24 04:23;Product Manager;Gefami Services Indonesia;Tangerang;Full time;https://www.jobstreet.co.id/job/77719834
29-Jul-24 18:47;Principal Consultant, Enterprise Solutions, Platinion, SEA;Company Confidential;Jakarta;Full time;https://www.jobstreet.co.id/job/77664601
01-Aug-24 11:09;Risk Controller;NES Fircroft;Jakarta;Full time;https://www.jobstreet.co.id/job/77790193
29-Jul-24 01:01;IT Project Admin;PT Graha Karya Informasi;Jakarta;Contract/Temp;https://www.jobstreet.co.id/job/77649817
