listing_date;title;company;location;work_type;link
29-Jul-24 10:41;IT Project Analyst;PT Ako Media Asia;West Jakarta;Part time;https://www.jobstreet.co.id/job/77659603
01-Aug-24 10:23;IT Project Analyst Lead;PT Ako Media Asia;West Jakarta;Contract/Temp;https://www.jobstreet.co.id/job/77787704
29-Jul-24 02:55;IT Project Management Officer;PT Akulaku Silvrr Indonesia;Central Jakarta;Full time;https://www.jobstreet.co.id/job/77640752
01-Aug-24 07:19;IT STRATEGIC PLANNING & INFORMATION;PT Pesta Pora Abadi;Malang;Full time;https://www.jobstreet.co.id/job/77781771
