listing_date;title;company;location;work_type;link
18-Jan-24 11:42;Estimator (Construction Projects) Assistant Manager; AEON INDONESIA PT;Tangerang Selatan;fullTime;https://dealls.com/loker/estimator-construction-projects-assistant-manager~aeon-indonesia-pt
03-May-24 08:22;Information Technology Project Management;Astra Financial;Jakarta;fullTime;https://dealls.com/loker/information-technology-project-management~astra-financial
07-Jul-22 06:31;IT Project Manager;Mandiri AXA General Insurance;Jakarta;fullTime;https://dealls.com/loker/it-project-manager~mandiri-axa-general-insurance
17-Jan-24 07:21;SAP Project Manager;PT Jasa Teknologi Informasi;Jakarta Pusat;fullTime;https://dealls.com/loker/sap-project-manager~pt-jasa-teknologi-informasi
04-Jan-23 10:57;Project Manager;Dealls (YC W22);Jakarta Selatan;fullTime;https://dealls.com/loker/project-manager-9~dealls-yc-w22
08-Jul-24 08:56;Technical Project Management (Digital & Technology);SeaBank Indonesia;Jakarta;fullTime;https://dealls.com/loker/technical-project-management-digital-and~seabank-indonesia
24-Jun-24 07:00;IT Project Manager;Incentro;Badung Regency;fullTime;https://dealls.com/loker/it-project-manager-20~incentro-apac
13-Jul-23 06:46;Asst. Project Transformation Manager;FIT HUB;Jakarta Selatan;fullTime;https://dealls.com/loker/asst-project-transformation-manager~fit-hub
11-Jul-24 02:50;IT Project Manager;PT. Mandiri International Technology;Jakarta Selatan;contract;https://dealls.com/loker/it-project-manager-21~pt-mandiri-international-technology
14-May-24 03:13;IT Project Management Officer;Akulaku Indonesia;Jakarta Pusat;fullTime;https://dealls.com/loker/it-project-management-officer-1~akulaku-indonesia
04-Jan-24 03:41;Project Manager;PT Sisindokom Lintasbuana;Jakarta;fullTime;https://dealls.com/loker/project-manager-18~pt-sisindokom-lintasbuana
22-Apr-24 07:13;IT Project Management Lead;Akulaku Indonesia;Jakarta Pusat;fullTime;https://dealls.com/loker/it-project-management-lead~akulaku-indonesia
06-May-24 03:38;Project Manager;Sprout Digital Labs;Tangerang Selatan;fullTime;https://dealls.com/loker/project-manager-28~pt-tunas-digital-labs
31-Jan-24 12:29;Project Manager;Natuno;Jakarta Pusat;contract;https://dealls.com/loker/project-manager-20~natuno
09-Jul-24 04:10;Senior Project Manager;Akar Inti Data;Jakarta Selatan;fullTime;https://dealls.com/loker/senior-project-manager-1~akar-inti-data
17-May-23 04:23;Partnership Project Manager;JULO;Jakarta Selatan;fullTime;https://dealls.com/loker/partnership-project-manager~julo
10-Jul-24 04:47;Senior - (IT) Project Manager;PT Perintis Teknologi Internasional;Malang;fullTime;https://dealls.com/loker/senior-it-project-manager-1~pt-perintis-teknologi-internasional-1
25-Jul-23 04:12;IT Project Manager;PT Midas Daya Teknologi;Jakarta;fullTime;https://dealls.com/loker/it-project-manager-8~pt-midas-daya-teknologi
