listing_date;title;company;location;work_type;link
31-Jul-24 03:44;Quality Assurance;PT. Padepokan Tujuh Sembilan;Jakarta;Full time;https://www.jobstreet.co.id/job/77739477
30-Jul-24 09:49;IT Software Tester;Koperasi Jasa Bhakti BPJS Kesehatan;Jakarta;Contract/Temp;https://www.jobstreet.co.id/job/77711999
31-Jul-24 02:22;Quality Assurance;PT Swadaya Karya Sentosa;East Jakarta;Full time;https://www.jobstreet.co.id/job/77735948
01-Aug-24 06:08;Quality Assurance [QA] and Testing for Web App Development;Blueondigo;North Jakarta;Full time;https://www.jobstreet.co.id/job/77778538
02-Aug-24 04:21;Test Engineer;PT Nomura Research Institute Indonesia;Jakarta;Contract/Temp;https://www.jobstreet.co.id/job/77804879
01-Aug-24 10:48;Quality Assurance Analyst - Regional Bali-Nusa Tenggara;PT Amartha Mikro Fintek (Jakarta);Denpasar;Full time;https://www.jobstreet.co.id/job/77793713
31-Jul-24 04:46;Unity Software Developer for Simulation Training solutions;PT Revo Solusindo;West Jakarta;Contract/Temp;https://www.jobstreet.co.id/job/77741511
01-Aug-24 19:13;Senior QA Engineer;PT Solusi Transportasi Indonesia;Jakarta;Full time;https://www.jobstreet.co.id/job/77793805
29-Jul-24 03:51;IT Quality Assurance (Testing);PT Lippo General Insurance Tbk;Tangerang;Full time;https://www.jobstreet.co.id/job/77643073
31-Jul-24 08:55;Software Quality Assurance Tester;Rolling Glory - Creative Digital Enabler;Bandung;Full time;https://www.jobstreet.co.id/job/77749865
01-Aug-24 03:58;Quality Analyst;Teleperformance;Bali;Contract/Temp;https://www.jobstreet.co.id/job/77773625
31-Jul-24 10:53;Quality Assurance (QA) Software;PT Inovasi Adiwarna Raya;Surabaya;Full time;https://www.jobstreet.co.id/job/77753545
31-Jul-24 07:41;Business Analyst PSAK71;PT Asta Protek Jiarsi;Tangerang;Full time;https://www.jobstreet.co.id/job/77748252
29-Jul-24 11:05;QA Engineer;PT. Trimegah Sekuritas Indonesia, Tbk;South Jakarta;Full time;https://www.jobstreet.co.id/job/77659792
30-Jul-24 09:43;Bisnis Analis;Koperasi Jasa Bhakti BPJS Kesehatan;Central Jakarta;Contract/Temp;https://www.jobstreet.co.id/job/77711819
30-Jul-24 03:20;Bancassurance Life Consultant;PT AIA FINANCIAL;Jakarta;Contract/Temp;https://www.jobstreet.co.id/job/77673855
30-Jul-24 02:32;ICDC - Consultant - Outsystem Developer;Deloitte Consulting SEA;Jakarta;Full time;https://www.jobstreet.co.id/job/77672149
31-Jul-24 04:09;Process Improvement Officer;Danone Indonesia;East Jakarta;Contract/Temp;https://www.jobstreet.co.id/job/77740508
29-Jul-24 04:52;Application Team Leader;PT Nssol Systems Indonesia;Central Jakarta;Full time;https://www.jobstreet.co.id/job/77644950
29-Jul-24 10:44;RPA Software Developer;PT Okron Global Data;Jakarta;Full time;https://www.jobstreet.co.id/job/77659602
30-Jul-24 07:59;Compliance;PT. Profindo Sekuritas Indonesia;South Jakarta;Full time;https://www.jobstreet.co.id/job/77708510
02-Aug-24 05:41;Product Owner;VIA.com;Central Jakarta;Full time;https://www.jobstreet.co.id/job/77807208
29-Jul-24 09:30;ERP Functional Consultant;POINTSTAR (PSGC);Jakarta;Full time;https://www.jobstreet.co.id/job/77654314
02-Aug-24 02:50;Business Process Engineer;PT SMART,Tbk;South Jakarta;Full time;https://www.jobstreet.co.id/job/77800782
02-Aug-24 09:50;IT Project Manager Officer (PMO);PT Prawathiya Karsa Pradipta;Bekasi;Full time;https://www.jobstreet.co.id/job/77818817
02-Aug-24 07:27;Specialist Software Development;PT. Central Proteina Prima, Tbk;South Jakarta;Full time;https://www.jobstreet.co.id/job/77813425
02-Aug-24 04:22;Scrum Master;PT Nomura Research Institute Indonesia;Jakarta;Contract/Temp;https://www.jobstreet.co.id/job/77804910
01-Aug-24 08:34;IT Project Management Support Section Head;Yayasan Bina Nusantara;Jakarta;Full time;https://www.jobstreet.co.id/job/77783454
02-Aug-24 04:22;Microsoft 365 Specialist;PT Nomura Research Institute Indonesia;Central Jakarta;Contract/Temp;https://www.jobstreet.co.id/job/77804898
02-Aug-24 10:00;Software Analyst;PT SBG Solusi Bisnis;Batam;Full time;https://www.jobstreet.co.id/job/77819370
02-Aug-24 08:50;Software Technical Support;PT Hashmicro Solusi Indonesia;Yogyakarta;Full time;https://www.jobstreet.co.id/job/77815528
02-Aug-24 04:21;Professional Product Owner;PT Nomura Research Institute Indonesia;Jakarta;Contract/Temp;https://www.jobstreet.co.id/job/77804896
02-Aug-24 00:30;Software Engineer;PT Trinusa Travelindo;Jakarta;Full time;https://www.jobstreet.co.id/job/77802091
29-Jul-24 10:41;IT Project Analyst;PT Ako Media Asia;West Jakarta;Part time;https://www.jobstreet.co.id/job/77659603
02-Aug-24 08:30;DevOps Engineer (Internship);PT iZeno Teknologi Indonesia;South Jakarta;Full time;https://www.jobstreet.co.id/job/77814953
02-Aug-24 09:05;IT Change & Availability Management;PT Bumi Amartha Teknologi Mandiri;Central Jakarta;Contract/Temp;https://www.jobstreet.co.id/job/77816217
02-Aug-24 06:40;SYSTEM ENGINEER;PT Ras Digital Media;South Jakarta;Full time;https://www.jobstreet.co.id/job/77811544
29-Jul-24 16:14;Software Engineer, Mobile (iOS) - Demand & Ads;PT Solusi Transportasi Indonesia;Jakarta;Full time;https://www.jobstreet.co.id/job/77663866
02-Aug-24 03:07;Operational Technology Engineer;PT TDK ELECTRONICS INDONESIA;Batam;Full time;https://www.jobstreet.co.id/job/77801501
01-Aug-24 10:23;IT Project Analyst Lead;PT Ako Media Asia;West Jakarta;Contract/Temp;https://www.jobstreet.co.id/job/77787704
01-Aug-24 10:30;IT Project Delivery;PT Asuransi Jiwa Manulife Indonesia (Dept PB Danamon);Jakarta;Full time;https://www.jobstreet.co.id/job/77796433
02-Aug-24 06:50;Dies Manufacturing Development Engineer;PT Astra Honda Motor (Head Office);Jakarta;Full time;https://www.jobstreet.co.id/job/77816917
01-Aug-24 03:10;Odoo Functional;PT. MITRA CAKRAWALA INTERNATIONAL;Jakarta;Full time;https://www.jobstreet.co.id/job/77770932
01-Aug-24 19:13;Senior Software Engineer, Fullstack - Lending;PT Solusi Transportasi Indonesia;Jakarta;Full time;https://www.jobstreet.co.id/job/77793744
01-Aug-24 06:04;FCC Control Operations Analyst - Indonesia;Standard Chartered Bank;Jakarta;Full time;https://www.jobstreet.co.id/job/77778459
01-Aug-24 11:03;IT Product Delivery;MSIG Life Insurance Indonesia Tbk;South Jakarta;Full time;https://www.jobstreet.co.id/job/77788081
01-Aug-24 06:56;Desk Collection (Yogyakarta);PT Debito Korporindo Utama;Yogyakarta;Full time;https://www.jobstreet.co.id/job/77781159
30-Jul-24 06:48;Graduate Analyst Program - Technology Strategy & Transformation - October intake;Deloitte;Jakarta;Full time;https://www.jobstreet.co.id/job/77710834
01-Aug-24 07:05;Associate Product Owner;PT Lentera Bangsa Benderang;Central Jakarta;Contract/Temp;https://www.jobstreet.co.id/job/77781403
01-Aug-24 09:21;Field Collection Manager;PT Kredivo Finance Indonesia;West Jakarta;Full time;https://www.jobstreet.co.id/job/77784772
01-Aug-24 08:26;Risk Management Head;PT Asuransi Central Asia;West Jakarta;Full time;https://www.jobstreet.co.id/job/77783306
31-Jul-24 05:59;IT RISK MANAGEMENT & COMPLIENCE;PT Karya Solusi Prima Sejahtera;Tangerang;Full time;https://www.jobstreet.co.id/job/77743574
31-Jul-24 09:59;MIS Portofolio Reporting Specialist;PT CIMB Niaga Auto Finance;Tangerang;Full time;https://www.jobstreet.co.id/job/77752108
31-Jul-24 04:58;Senior .NET Engineer with AWS Knowledge;PT CreateIT Solution Indonesia;Tangerang;Contract/Temp;https://www.jobstreet.co.id/job/77741875
31-Jul-24 04:17;Project Lead;Elite Asia;Jakarta;Full time;https://www.jobstreet.co.id/job/77740735
31-Jul-24 00:00;Oracle Functional Analyst;PT Trinusa Travelindo;Jakarta;Full time;https://www.jobstreet.co.id/job/77738582
30-Jul-24 07:35;Project Manager;PT Valortek Ratanika Utama;Jakarta;Full time;https://www.jobstreet.co.id/job/77707897
30-Jul-24 10:09;Software Developer - Strategic Prototype Development;PT Dian Swastatika Sentosa, Tbk;Central Jakarta;Full time;https://www.jobstreet.co.id/job/77712527
31-Jul-24 10:21;Project Manager;PT Ninety Nine Dotco;Jakarta;Contract/Temp;https://www.jobstreet.co.id/job/77754957
30-Jul-24 07:57;Subject Matter Expert;PT Ihsan Solusi Informatika (Bandung);Central Jakarta;Contract/Temp;https://www.jobstreet.co.id/job/77708450
30-Jul-24 10:23;Senior Risk Managemnt;PT Sigma Cipta Caraka (Telkomsigma);Tangerang;Full time;https://www.jobstreet.co.id/job/77713323
31-Jul-24 00:00;Senior Product Analyst - Platform;PT Trinusa Travelindo;Jakarta;Full time;https://www.jobstreet.co.id/job/77739535
31-Jul-24 07:39;ICDC - Experience Analyst - Outsystem Developer - [Jakarta - ID];Deloitte;Jakarta;Full time;https://www.jobstreet.co.id/job/77751248
29-Jul-24 07:59;Anti Fraud Specialist;PT Pembiayaan Digital Indonesia;South Jakarta;Contract/Temp;https://www.jobstreet.co.id/job/77651021
29-Jul-24 07:42;IT Risk Consultant (IT Governance, Risk, Compliance);PT Equine Global;Jakarta;Full time;https://www.jobstreet.co.id/job/77650606
29-Jul-24 03:37;IT Project Manager;PT Artha Solutions Indonesia;Jakarta;Contract/Temp;https://www.jobstreet.co.id/job/77642469
29-Jul-24 05:52;Risk Process Analyst;PT Simplefi Teknologi Indonesia (Jakarta);Jakarta;Full time;https://www.jobstreet.co.id/job/77646496
29-Jul-24 05:22;Information Technology Project Manager;PT Fata Organa Solusi;South Tangerang;Full time;https://www.jobstreet.co.id/job/77645724
29-Jul-24 07:29;Oracle Developer;PT Avows Technologies;South Jakarta;Contract/Temp;https://www.jobstreet.co.id/job/77650148
29-Jul-24 06:37;Project Manager;PT Digital Mediatama Maxima Tbk.;South Jakarta;Full time;https://www.jobstreet.co.id/job/77648271
29-Jul-24 07:49;Junior Managed Service Engineer;PT Biznet Gio Nusantara;Central Jakarta;Full time;https://www.jobstreet.co.id/job/77650785
29-Jul-24 01:38;Oracle Technical Consultant and Support Analyst;Hand International Pte. Ltd.;Central Jakarta;Full time;https://www.jobstreet.co.id/job/77638220
01-Aug-24 05:00;Quality Assurance Engineer;AMODA;Central Jakarta;Full time;https://www.jobstreet.co.id/job/77793781
02-Aug-24 03:30;Supplier Quality Technician I;Plexus;Central Java;Full time;https://www.jobstreet.co.id/job/77816753
30-Jul-24 12:00;QA Engineer I;PT Mid Solusi Nusantara (MEKARI);Jakarta;Full time;https://www.jobstreet.co.id/job/77723006
30-Jul-24 05:05;Feature Tester (S&R&A&C - Content) - Sea Labs;PT Seah Precision Metal Indonesia;Jakarta;Full time;https://www.jobstreet.co.id/job/77711000
30-Jul-24 18:21;Product Management (Clearing & Settlement) - Sea Labs;PT Seah Precision Metal Indonesia;Jakarta;Full time;https://www.jobstreet.co.id/job/77728440
01-Aug-24 19:40;Know Your Client Analyst;PT Citi Interiorindo;Jakarta;Full time;https://www.jobstreet.co.id/job/77793806
01-Aug-24 03:02;Al Specialist;PT. Rancang Persada;Surabaya;Full time;https://www.jobstreet.co.id/job/77780037
30-Jul-24 08:01;Loan Processor;PT HEJAZ FINANCIAL SERVICES;South Jakarta;Full time;https://www.jobstreet.co.id/job/77708577
30-Jul-24 07:00;Machining CNC Operator;PT Prajabillionmas Lestari;Bandung;Full time;https://www.jobstreet.co.id/job/77724412
29-Jul-24 00:00;IT QA & Business Analyst Senior Manager (Real Estate Development);SabiKerja;Jakarta;Full time;https://www.jobstreet.co.id/job/77663938
29-Jul-24 00:00;Technical Lead - IVR;Flintex Consulting Pte Ltd;Jakarta;Full time;https://www.jobstreet.co.id/job/77663834
28-Jul-24 04:11;Senior Software Engineer;Staff Hunter;Jakarta;Full time;https://www.jobstreet.co.id/job/77632577
27-Jul-24 04:58;Field Collection Area Jakarta - Koja;PT Home Credit Indonesia;North Jakarta;Full time;https://www.jobstreet.co.id/job/77626433
27-Jul-24 09:12;Field Collection Area Bali - Gianyar;PT Home Credit Indonesia;Gianyar Regency;Full time;https://www.jobstreet.co.id/job/77627840
27-Jul-24 09:26;Field Collection Area Malang - Lawang;PT Home Credit Indonesia;Pasuruan Regency;Full time;https://www.jobstreet.co.id/job/77627834
27-Jul-24 09:13;Field Collection Area Bali - Klungkung;PT Home Credit Indonesia;Buleleng;Full time;https://www.jobstreet.co.id/job/77627835
27-Jul-24 09:21;Field Collection Area Lamongan - Montong;PT Home Credit Indonesia;Lamongan;Full time;https://www.jobstreet.co.id/job/77627864
27-Jul-24 05:38;Digital Development Specialist  - ( World Bank | req28589 | GF );World Bank Group - International Finance Corporation;Jakarta;Full time;https://www.jobstreet.co.id/job/77626997
27-Jul-24 09:25;Field Collection Area Malang - Kanigaran;PT Home Credit Indonesia;Pasuruan Regency;Full time;https://www.jobstreet.co.id/job/77627865
30-Jul-24 08:50;Quality Assurance;PT Cipta Daya Inovasi;Banjarmasin;Full time;https://www.jobstreet.co.id/job/77732786
31-Jul-24 10:43;Quality Assurance & Technical Writer (Intern);Juke Solutions;Jakarta;Full time;https://www.jobstreet.co.id/job/77775151
01-Aug-24 11:09;Risk Controller;NES Fircroft;Jakarta;Full time;https://www.jobstreet.co.id/job/77790193
29-Jul-24 18:47;Principal Consultant, Enterprise Solutions, Platinion, SEA;Company Confidential;Jakarta;Full time;https://www.jobstreet.co.id/job/77664601
01-Aug-24 11:05;Backend Java Developer - BANKING Company;PT. SIGMA GLOBAL TEKNOLOGI (SIGMATECH);Jakarta;Contract/Temp;https://www.jobstreet.co.id/job/77790932
31-Jul-24 23:48;Field Collection;Haswara Surabaya;Surabaya;Full time;https://www.jobstreet.co.id/job/77802571
31-Jul-24 10:57;Application Support (SQL, Query) - ASAP;PT. SIGMA GLOBAL TEKNOLOGI (SIGMATECH);Jakarta;Contract/Temp;https://www.jobstreet.co.id/job/77775179
31-Jul-24 07:29;Know Your Customer Agent;Telmark;West Jakarta;Contract/Temp;https://www.jobstreet.co.id/job/77775037
31-Jul-24 07:06;Mortage Specialist;Peluang Kerjaku;South Jakarta;Full time;https://www.jobstreet.co.id/job/77775182
