listing_date;title;company;location;work_type;link
02-Aug-24 00:30;Software Engineer;PT Trinusa Travelindo;Jakarta;Full time;https://www.jobstreet.co.id/job/77802166
02-Aug-24 00:30;Software Engineer;PT Trinusa Travelindo;Jakarta;Full time;https://www.jobstreet.co.id/job/77802091
01-Aug-24 02:16;Junior Software Engineer (Fresh Graduate);PT Nusantara Duta Solusindo (NDS);Jakarta;Full time;https://www.jobstreet.co.id/job/77768891
02-Aug-24 09:32;Backend Developer Internship;PT Tri Sapta Jaya;East Jakarta;Full time;https://www.jobstreet.co.id/job/77817492
01-Aug-24 00:30;Backend Software Engineer (Accommodation);PT Trinusa Travelindo;Jakarta;Full time;https://www.jobstreet.co.id/job/77775371
02-Aug-24 07:16;Senior System Developer Specialist;PT Nawakara Perkasa Nusantara;South Jakarta;Full time;https://www.jobstreet.co.id/job/77813070
31-Jul-24 05:45;Software Engineer, Backend - Transaction Platform;PT Solusi Transportasi Indonesia;Jakarta;Full time;https://www.jobstreet.co.id/job/77751293
01-Aug-24 08:38;Software Engineer;Yayasan Bina Nusantara;West Jakarta;Full time;https://www.jobstreet.co.id/job/77783523
31-Jul-24 09:17;Software Engineer;PT. Salam Pacific Indonesia Lines;Surabaya;Full time;https://www.jobstreet.co.id/job/77750591
31-Jul-24 04:46;Unity Software Developer for Simulation Training solutions;PT Revo Solusindo;West Jakarta;Contract/Temp;https://www.jobstreet.co.id/job/77741511
01-Aug-24 07:19;FullStack Developer;PT Esha Parama Teknologi;Jakarta;Full time;https://www.jobstreet.co.id/job/77781737
02-Aug-24 03:32;Software Lead Engineer;PT. Permata Azzuri Sehat;South Jakarta;Contract/Temp;https://www.jobstreet.co.id/job/77802857
29-Jul-24 10:44;RPA Software Developer;PT Okron Global Data;Jakarta;Full time;https://www.jobstreet.co.id/job/77659602
01-Aug-24 19:13;Senior Software Engineer, Fullstack - Lending;PT Solusi Transportasi Indonesia;Jakarta;Full time;https://www.jobstreet.co.id/job/77793744
01-Aug-24 10:18;Java Programmer - Bandung;PT Dwidasa Samsara Indonesia;Bandung;Full time;https://www.jobstreet.co.id/job/77787580
02-Aug-24 06:28;Web Engineer (for MCM);PT Merah Cipta Media;West Jakarta;Full time;https://www.jobstreet.co.id/job/77809909
29-Jul-24 01:30;Software Engineer - Full Stack;Yayasan Kesehatan Pertamina;Jakarta;Full time;https://www.jobstreet.co.id/job/77637654
30-Jul-24 02:32;ICDC - Consultant - Outsystem Developer;Deloitte Consulting SEA;Jakarta;Full time;https://www.jobstreet.co.id/job/77672149
01-Aug-24 06:43;Senior Software Engineer, Backend - Business Platform;PT Solusi Transportasi Indonesia;Jakarta;Full time;https://www.jobstreet.co.id/job/77787552
02-Aug-24 04:21;Backend Engineer (Node.js);PT Nomura Research Institute Indonesia;Jakarta;Contract/Temp;https://www.jobstreet.co.id/job/77804848
30-Jul-24 09:37;IT Programmer;Koperasi Jasa Bhakti BPJS Kesehatan;Central Jakarta;Contract/Temp;https://www.jobstreet.co.id/job/77711614
02-Aug-24 02:02;IT Database and Security Engineer;PT Inter Aneka Lestari Kimia;Tangerang;Full time;https://www.jobstreet.co.id/job/77799107
30-Jul-24 17:13;Software Engineer, Backend - Lending;PT Solusi Transportasi Indonesia;Jakarta;Full time;https://www.jobstreet.co.id/job/77728446
31-Jul-24 04:38;Full Stack Software Engineer - Ruby on Rails;Luce Maintenance Group;Jakarta;Full time;https://www.jobstreet.co.id/job/77741364
30-Jul-24 17:13;Lead Software Engineer, Backend - Lending;PT Solusi Transportasi Indonesia;Jakarta;Full time;https://www.jobstreet.co.id/job/77728438
30-Jul-24 17:13;Senior Software Engineer Backend - Lending;PT Solusi Transportasi Indonesia;Jakarta;Full time;https://www.jobstreet.co.id/job/77728452
01-Aug-24 11:43;Senior Backend Engineer - Lending;PT Kredit Pintar Indonesia;South Jakarta;Full time;https://www.jobstreet.co.id/job/77788300
29-Jul-24 07:34;Programmer ASP.NET C#;PT SaasIndo;Jakarta;Full time;https://www.jobstreet.co.id/job/77650357
01-Aug-24 06:28;Senior Software Developer;Healthway Medical Group;Jakarta;Full time;https://www.jobstreet.co.id/job/77779303
29-Jul-24 04:52;Application Team Leader;PT Nssol Systems Indonesia;Central Jakarta;Full time;https://www.jobstreet.co.id/job/77644950
02-Aug-24 10:41;Senior Back End Developer;PT Sentral Link Solutions;South Jakarta;Full time;https://www.jobstreet.co.id/job/77821913
02-Aug-24 07:27;Specialist Software Development;PT. Central Proteina Prima, Tbk;South Jakarta;Full time;https://www.jobstreet.co.id/job/77813425
30-Jul-24 10:09;Software Developer - Strategic Prototype Development;PT Dian Swastatika Sentosa, Tbk;Central Jakarta;Full time;https://www.jobstreet.co.id/job/77712527
30-Jul-24 03:22;IT GRC Manager;PT Finture Tech Indonesia;South Jakarta;Full time;https://www.jobstreet.co.id/job/77674004
29-Jul-24 16:14;Software Engineer, Mobile (iOS) - Demand & Ads;PT Solusi Transportasi Indonesia;Jakarta;Full time;https://www.jobstreet.co.id/job/77663866
30-Jul-24 08:04;C# Senior Software Developer;PT Fata Organa Solusi;South Tangerang;Full time;https://www.jobstreet.co.id/job/77708643
29-Jul-24 09:30;ERP Functional Consultant;POINTSTAR (PSGC);Jakarta;Full time;https://www.jobstreet.co.id/job/77654314
29-Jul-24 10:51;Part-time NodeJs Developer;Polyrific;Jakarta;Part time;https://www.jobstreet.co.id/job/77659634
02-Aug-24 09:23;Python Developer (Web Scraping);PT BCI CENTRAL INDONESIA;South Jakarta;Full time;https://www.jobstreet.co.id/job/77816755
02-Aug-24 02:31;AVP Network Automation & AI/ML Architect;Indosat Ooredoo;Central Jakarta;Full time;https://www.jobstreet.co.id/job/77800068
01-Aug-24 03:26;Backend Developer (PHP/Golang) + DevOps;PT Lentera Bangsa Benderang;South Jakarta;Contract/Temp;https://www.jobstreet.co.id/job/77771894
29-Jul-24 07:13;Programmer;PT Benari Solusindo Sejahtera;South Jakarta;Full time;https://www.jobstreet.co.id/job/77649361
31-Jul-24 07:15;Senior Software Developer;Private Advertiser;Bandung;Full time;https://www.jobstreet.co.id/job/77747111
02-Aug-24 10:00;Software Analyst;PT SBG Solusi Bisnis;Batam;Full time;https://www.jobstreet.co.id/job/77819370
01-Aug-24 11:34;Backend  Developer (For TRS Group);PT Tigaraksa Satria, Tbk;Bogor Regency;Full time;https://www.jobstreet.co.id/job/77788254
01-Aug-24 10:28;Backend Developer (Java);Solusi Transforma Teknologi;South Jakarta;Full time;https://www.jobstreet.co.id/job/77787760
30-Jul-24 03:10;.NET FULL-STACK DEVELOPER;PT. GLOBAL EDGE TEKNOLOGI;North Jakarta;Full time;https://www.jobstreet.co.id/job/77619003
31-Jul-24 08:13;Golang Developer;PT Adi Data Informatika;Jakarta;Contract/Temp;https://www.jobstreet.co.id/job/77748976
02-Aug-24 03:07;Operational Technology Engineer;PT TDK ELECTRONICS INDONESIA;Batam;Full time;https://www.jobstreet.co.id/job/77801501
01-Aug-24 04:55;Programmer;PT AKEZ Djaja Investama;Jakarta;Full time;https://www.jobstreet.co.id/job/77776310
02-Aug-24 10:40;IT Apps Support Engineer;Daikin Industries Indonesia;Cikarang;Full time;https://www.jobstreet.co.id/job/77821935
30-Jul-24 07:04;JAVA PROGRAMMER;PT. Bisnis Teknologi Manajemen;Batam;Full time;https://www.jobstreet.co.id/job/77707009
01-Aug-24 04:38;Senior Full Stack Programer;Sketsa House;Jakarta;Contract/Temp;https://www.jobstreet.co.id/job/77775847
02-Aug-24 08:12;Senior Fullstack Developer;PT Redbuzz Mediatama;West Jakarta;Contract/Temp;https://www.jobstreet.co.id/job/77814552
31-Jul-24 08:39;IT Software Developer (Odoo);PT Lyman Investindo;Jakarta;Full time;https://www.jobstreet.co.id/job/77749302
30-Jul-24 03:33;IT SOFTWARE;PT Woodone Integra Indonesia;Sidoarjo;Full time;https://www.jobstreet.co.id/job/77674948
31-Jul-24 09:15;IoT Lead;PT KOLTIVA;South Jakarta;Full time;https://www.jobstreet.co.id/job/77750530
01-Aug-24 04:11;Desktop Engineer;Teleperformance;Bali;Contract/Temp;https://www.jobstreet.co.id/job/77774261
29-Jul-24 11:12;Senior Programmer;PT PERFORMA OPTIMA KOMPUTINDO;Surabaya;Full time;https://www.jobstreet.co.id/job/77659823
01-Aug-24 04:14;Desktop Engineer;Teleperformance;Surakarta;Contract/Temp;https://www.jobstreet.co.id/job/77774393
02-Aug-24 08:50;Software Technical Support;PT Hashmicro Solusi Indonesia;Yogyakarta;Full time;https://www.jobstreet.co.id/job/77815528
02-Aug-24 06:32;Fullstack Web Developer;PT Integrasi Logistik Cipta Solusi;Jakarta;Contract/Temp;https://www.jobstreet.co.id/job/77810736
02-Aug-24 08:30;DevOps Engineer (Internship);PT iZeno Teknologi Indonesia;South Jakarta;Full time;https://www.jobstreet.co.id/job/77814953
31-Jul-24 07:39;ICDC - Experience Analyst - Outsystem Developer - [Jakarta - ID];Deloitte;Jakarta;Full time;https://www.jobstreet.co.id/job/77751248
02-Aug-24 08:04;Server Engineer;PT Netmarks Indonesia;North Jakarta;Contract/Temp;https://www.jobstreet.co.id/job/77814350
02-Aug-24 04:21;Test Engineer;PT Nomura Research Institute Indonesia;Jakarta;Contract/Temp;https://www.jobstreet.co.id/job/77804879
02-Aug-24 06:40;SYSTEM ENGINEER;PT Ras Digital Media;South Jakarta;Full time;https://www.jobstreet.co.id/job/77811544
01-Aug-24 19:13;Senior QA Engineer;PT Solusi Transportasi Indonesia;Jakarta;Full time;https://www.jobstreet.co.id/job/77793805
02-Aug-24 02:50;Business Process Engineer;PT SMART,Tbk;South Jakarta;Full time;https://www.jobstreet.co.id/job/77800782
02-Aug-24 08:19;System Engineer - Server & Storage;PT Net One Asia;South Jakarta;Contract/Temp;https://www.jobstreet.co.id/job/77814721
02-Aug-24 12:33;DevOps Engineer;Solusi Kode Indonesia;South Tangerang;Contract/Temp;https://www.jobstreet.co.id/job/77819078
01-Aug-24 04:54;IT System Engineer;PT. Berca Hardayaperkasa;Central Jakarta;Contract/Temp;https://www.jobstreet.co.id/job/77776262
31-Jul-24 10:53;Quality Assurance (QA) Software;PT Inovasi Adiwarna Raya;Surabaya;Full time;https://www.jobstreet.co.id/job/77753545
02-Aug-24 04:21;Data Engineer;PT Nomura Research Institute Indonesia;Jakarta;Contract/Temp;https://www.jobstreet.co.id/job/77804897
01-Aug-24 01:56;Junior Developer;PT Walden Global Services;West Java;Full time;https://www.jobstreet.co.id/job/77768230
31-Jul-24 02:14;Junior IT Security Engineer - Manufacture - Batam (A-109424);RGF HR Agent Indonesia;Batam;Full time;https://www.jobstreet.co.id/job/77735686
01-Aug-24 07:52;Full Stack Developer;PT Buana Varia Komputama;South Jakarta;Full time;https://www.jobstreet.co.id/job/77782572
31-Jul-24 04:52;Fullstack Developer (Payment Getaway);PT Abadi Sejahtera Finansindo;Tangerang;Full time;https://www.jobstreet.co.id/job/77741739
01-Aug-24 02:16;Junior IT Engineer Team (CODE: ITE);PT Uangel Indonesia;South Jakarta;Contract/Temp;https://www.jobstreet.co.id/job/77768894
02-Aug-24 04:22;DevOps Engineer;PT Nomura Research Institute Indonesia;Central Jakarta;Contract/Temp;https://www.jobstreet.co.id/job/77804907
29-Jul-24 07:29;Oracle Developer;PT Avows Technologies;South Jakarta;Contract/Temp;https://www.jobstreet.co.id/job/77650148
30-Jul-24 08:10;IT Team Lead dan Senior Developer;PT Adhikari Inovasi Indonesia;Bandung;Full time;https://www.jobstreet.co.id/job/77708783
01-Aug-24 08:23;Associate Technical Lead Specialist;Yayasan Bina Nusantara;West Jakarta;Full time;https://www.jobstreet.co.id/job/77783241
01-Aug-24 08:19;Programmer;Yayasan Bina Nusantara;West Jakarta;Full time;https://www.jobstreet.co.id/job/77783168
31-Jul-24 12:00;IT Mobile Engineer Jakarta;PT. Metrodata Electronics, Tbk;West Jakarta;Full time;https://www.jobstreet.co.id/job/77759044
01-Aug-24 02:11;IT Developer (CODE: ITD);PT Uangel Indonesia;South Jakarta;Contract/Temp;https://www.jobstreet.co.id/job/77768668
01-Aug-24 03:54;Developer Fullstack;PT XManagement Mandiri Group;Bandung;Full time;https://www.jobstreet.co.id/job/77773209
29-Jul-24 04:25;Presales Engineer;Cartrack;Jakarta;Full time;https://www.jobstreet.co.id/job/77644195
29-Jul-24 11:05;QA Engineer;PT. Trimegah Sekuritas Indonesia, Tbk;South Jakarta;Full time;https://www.jobstreet.co.id/job/77659792
01-Aug-24 04:24;Product Support and System Engineer;Private Advertiser;South Jakarta;Full time;https://www.jobstreet.co.id/job/77774986
31-Jul-24 04:58;Senior .NET Engineer with AWS Knowledge;PT CreateIT Solution Indonesia;Tangerang;Contract/Temp;https://www.jobstreet.co.id/job/77741875
01-Aug-24 03:10;Odoo Functional;PT. MITRA CAKRAWALA INTERNATIONAL;Jakarta;Full time;https://www.jobstreet.co.id/job/77770932
31-Jul-24 06:09;Shopify Developer;Aright Consulting Sdn Bhd;North Jakarta;Full time;https://www.jobstreet.co.id/job/77743957
31-Jul-24 03:11;Fullstack Developer (Front-end/Back-end);PT Berca Mandiri Perkasa;Central Jakarta;Full time;https://www.jobstreet.co.id/job/77737697
29-Jul-24 04:28;Presales System and Product Specialist (HCI or Virtualization);PT Trinet Prima Solusi;Central Jakarta;Full time;https://www.jobstreet.co.id/job/77644254
02-Aug-24 08:29;IT Manager;PT. Innolab Sains Internasional;East Jakarta;Full time;https://www.jobstreet.co.id/job/77814989
31-Jul-24 01:13;Technical Consultant;PT. Metrodata Electronics, Tbk;West Jakarta;Contract/Temp;https://www.jobstreet.co.id/job/77733925
31-Jul-24 07:02;IT Network;PT Arwana Citramulia Tbk;West Jakarta;Full time;https://www.jobstreet.co.id/job/77747219
31-Jul-24 08:55;Software Quality Assurance Tester;Rolling Glory - Creative Digital Enabler;Bandung;Full time;https://www.jobstreet.co.id/job/77749865
31-Jul-24 04:17;Senior Fullstack Developer;PT. Padepokan Tujuh Sembilan;Jakarta;Full time;https://www.jobstreet.co.id/job/77740731
