listing_date;title;company;location;work_type;link
02-Aug-24 02:31;AVP Network Automation & AI/ML Architect;Indosat Ooredoo;Central Jakarta;Full time;https://www.jobstreet.co.id/job/77800068
02-Aug-24 06:33;Presales (Solution Architect);PT Hipernet Indodata;Central Jakarta;Full time;https://www.jobstreet.co.id/job/77810865
02-Aug-24 09:33;Cloud Architect;PT Esha Parama Teknologi;Jakarta;Full time;https://www.jobstreet.co.id/job/77817573
30-Jul-24 06:54;Solution Architect (IT Infrastructure);PT Sapta Tunas Teknologi;Jakarta;Full time;https://www.jobstreet.co.id/job/77706706
30-Jul-24 07:05;Technical Presales;PT Reycom Document Solusi;Central Jakarta;Full time;https://www.jobstreet.co.id/job/77707032
02-Aug-24 12:33;DevOps Engineer;Solusi Kode Indonesia;South Tangerang;Contract/Temp;https://www.jobstreet.co.id/job/77819078
31-Jul-24 02:11;SMI Technical Program - Technical Engineer (SMK Freshgraduate);PT. Metrodata Electronics, Tbk;Jakarta;Full time;https://www.jobstreet.co.id/job/77735599
29-Jul-24 10:26;Technical Engineer;D-Link International Pte Ltd;Jakarta;Full time;https://www.jobstreet.co.id/job/77659463
29-Jul-24 18:47;Principal Consultant, Enterprise Solutions, Platinion, SEA;Company Confidential;Jakarta;Full time;https://www.jobstreet.co.id/job/77664601
