listing_date;title;company;location;work_type;link
31-Jul-24 08:56;Business Analyst Datawarehouse;PT Asta Protek Jiarsi;Tangerang;Full time;https://www.jobstreet.co.id/job/77749903
31-Jul-24 07:41;Business Analyst PSAK71;PT Asta Protek Jiarsi;Tangerang;Full time;https://www.jobstreet.co.id/job/77748252
01-Aug-24 09:35;IT Business Analyst;PT Harsana Eklinika Reforma;Jakarta;Full time;https://www.jobstreet.co.id/job/77785013
29-Jul-24 03:49;IT Business Analyst (Banking Background);PT. Wide Technologies Indonesia;South Jakarta;Full time;https://www.jobstreet.co.id/job/77643015
02-Aug-24 07:05;Microsoft Dynamics GP - Great Plains Technical Consultant (Based in Singapore);Nigel Frank International;Jakarta;Full time;https://www.jobstreet.co.id/job/77812653
01-Aug-24 16:25;IT Business Analyst Enablement Specialist;PT Tunas Ridean;South Jakarta;Full time;https://www.jobstreet.co.id/job/77790651
01-Aug-24 09:54;Business Analyst;PT Esha Parama Teknologi;Jakarta;Full time;https://www.jobstreet.co.id/job/77785543
29-Jul-24 05:01;IT Business Analyst - Alam Sutera;PT Gogomedia Visindo;South Tangerang;Full time;https://www.jobstreet.co.id/job/77645244
02-Aug-24 04:24;Business System Analyst;PT Kamoro Maxima Integra;West Jakarta;Full time;https://www.jobstreet.co.id/job/77804961
02-Aug-24 07:16;Senior System Developer Specialist;PT Nawakara Perkasa Nusantara;South Jakarta;Full time;https://www.jobstreet.co.id/job/77813070
01-Aug-24 02:09;IT PM Business Analyst;PT Insura Media Solusi (Jakarta);Jakarta;Full time;https://www.jobstreet.co.id/job/77768652
30-Jul-24 02:06;IT Business Analyst;PT Central Asia Financial (Asuransi JAGADIRI);Central Jakarta;Full time;https://www.jobstreet.co.id/job/77671364
31-Jul-24 03:25;Business Analyst;PT Swadaya Karya Sentosa;East Jakarta;Full time;https://www.jobstreet.co.id/job/77738161
02-Aug-24 04:22;Scrum Master;PT Nomura Research Institute Indonesia;Jakarta;Contract/Temp;https://www.jobstreet.co.id/job/77804910
30-Jul-24 00:00;Business System Analyst;PT Trinusa Travelindo;Jakarta;Full time;https://www.jobstreet.co.id/job/77675359
29-Jul-24 10:41;IT Project Analyst;PT Ako Media Asia;West Jakarta;Part time;https://www.jobstreet.co.id/job/77659603
02-Aug-24 10:00;Software Analyst;PT SBG Solusi Bisnis;Batam;Full time;https://www.jobstreet.co.id/job/77819370
29-Jul-24 01:38;Oracle Technical Consultant and Support Analyst;Hand International Pte. Ltd.;Central Jakarta;Full time;https://www.jobstreet.co.id/job/77638220
02-Aug-24 09:50;IT Project Manager Officer (PMO);PT Prawathiya Karsa Pradipta;Bekasi;Full time;https://www.jobstreet.co.id/job/77818817
29-Jul-24 05:52;Risk Process Analyst;PT Simplefi Teknologi Indonesia (Jakarta);Jakarta;Full time;https://www.jobstreet.co.id/job/77646496
02-Aug-24 09:05;IT Change & Availability Management;PT Bumi Amartha Teknologi Mandiri;Central Jakarta;Contract/Temp;https://www.jobstreet.co.id/job/77816217
02-Aug-24 03:35;Implementation and Functional Section Head;Karunia Prima Nastari (KPN CORP.);South Jakarta;Full time;https://www.jobstreet.co.id/job/77803157
31-Jul-24 00:00;Senior Product Analyst - Platform;PT Trinusa Travelindo;Jakarta;Full time;https://www.jobstreet.co.id/job/77739535
29-Jul-24 09:30;ERP Functional Consultant;POINTSTAR (PSGC);Jakarta;Full time;https://www.jobstreet.co.id/job/77654314
02-Aug-24 01:42;IT Support Specialist - ID;Deloitte Consulting SEA;Central Jakarta;Full time;https://www.jobstreet.co.id/job/77798434
02-Aug-24 04:21;Professional Product Owner;PT Nomura Research Institute Indonesia;Jakarta;Contract/Temp;https://www.jobstreet.co.id/job/77804896
29-Jul-24 01:44;ERP Implementation Consultant (Mandarin Speaker);PT Yonyou Network Indonesia;Jakarta;Full time;https://www.jobstreet.co.id/job/77638411
29-Jul-24 04:52;Application Team Leader;PT Nssol Systems Indonesia;Central Jakarta;Full time;https://www.jobstreet.co.id/job/77644950
02-Aug-24 05:41;Product Owner;VIA.com;Central Jakarta;Full time;https://www.jobstreet.co.id/job/77807208
02-Aug-24 04:22;Microsoft 365 Specialist;PT Nomura Research Institute Indonesia;Central Jakarta;Contract/Temp;https://www.jobstreet.co.id/job/77804898
02-Aug-24 10:56;SAP Delivery Manager;PT Mitra Solusi Telematika;South Jakarta;Full time;https://www.jobstreet.co.id/job/77822103
02-Aug-24 02:50;Business Process Engineer;PT SMART,Tbk;South Jakarta;Full time;https://www.jobstreet.co.id/job/77800782
02-Aug-24 08:29;IT Manager;PT. Innolab Sains Internasional;East Jakarta;Full time;https://www.jobstreet.co.id/job/77814989
02-Aug-24 08:47;IT Infrastructure Project Manager;PT Netmarks Indonesia;North Jakarta;Contract/Temp;https://www.jobstreet.co.id/job/77815419
02-Aug-24 02:19;Corporate & Commercial Credit Risk Reviewer;PT Bank JTrust Indonesia, Tbk;Central Jakarta;Full time;https://www.jobstreet.co.id/job/77799676
02-Aug-24 10:57;SAP Support Manager;PT Mitra Solusi Telematika;South Jakarta;Full time;https://www.jobstreet.co.id/job/77822109
02-Aug-24 09:21;Investment Team Member;Private Advertiser;East Jakarta;Full time;https://www.jobstreet.co.id/job/77816628
02-Aug-24 08:50;Software Technical Support;PT Hashmicro Solusi Indonesia;Yogyakarta;Full time;https://www.jobstreet.co.id/job/77815528
02-Aug-24 07:21;IT Senior Products Trainer - SaaS (A-108959);RGF HR Agent Indonesia;South Jakarta;Full time;https://www.jobstreet.co.id/job/77813248
01-Aug-24 10:23;IT Project Analyst Lead;PT Ako Media Asia;West Jakarta;Contract/Temp;https://www.jobstreet.co.id/job/77787704
01-Aug-24 03:57;Oracle Technical Consultant Jr. Manager;PT Bina Karya Prima;North Jakarta;Full time;https://www.jobstreet.co.id/job/77773434
01-Aug-24 08:21;System Analyst;Yayasan Bina Nusantara;West Jakarta;Full time;https://www.jobstreet.co.id/job/77783196
01-Aug-24 08:34;IT Project Management Support Section Head;Yayasan Bina Nusantara;Jakarta;Full time;https://www.jobstreet.co.id/job/77783454
01-Aug-24 08:28;Head of Software Solutions;Yayasan Bina Nusantara;West Jakarta;Full time;https://www.jobstreet.co.id/job/77783332
01-Aug-24 08:35;Business Analyst Manager;PT Tigaraksa Satria, Tbk;South Jakarta;Full time;https://www.jobstreet.co.id/job/77783469
01-Aug-24 09:26;System Analyst;PT Caraka Komunika Indonesia;South Jakarta;Full time;https://www.jobstreet.co.id/job/77784860
01-Aug-24 07:05;Associate Product Owner;PT Lentera Bangsa Benderang;Central Jakarta;Contract/Temp;https://www.jobstreet.co.id/job/77781403
01-Aug-24 07:30;Junior Business Analyst;PT MYPRO SOLUSINDO INFORMATIKA;Jakarta;Full time;https://www.jobstreet.co.id/job/77782041
01-Aug-24 08:23;Associate Technical Lead Specialist;Yayasan Bina Nusantara;West Jakarta;Full time;https://www.jobstreet.co.id/job/77783241
01-Aug-24 07:11;IT Tribe Leader;MSIG Life Insurance Indonesia Tbk;South Jakarta;Full time;https://www.jobstreet.co.id/job/77781582
01-Aug-24 06:57;ERP Solutions Specialist (SAP B1);FKS Group;Central Jakarta;Full time;https://www.jobstreet.co.id/job/77781183
01-Aug-24 03:43;Oracle Functional Consultant Specialist;PT Bina Karya Prima;North Jakarta;Full time;https://www.jobstreet.co.id/job/77772852
01-Aug-24 07:19;IT STRATEGIC PLANNING & INFORMATION;PT Pesta Pora Abadi;Malang;Full time;https://www.jobstreet.co.id/job/77781771
01-Aug-24 03:10;Odoo Functional;PT. MITRA CAKRAWALA INTERNATIONAL;Jakarta;Full time;https://www.jobstreet.co.id/job/77770932
01-Aug-24 06:01;Junior IT Consultant;PT. Vostra Internasional;Jakarta;Full time;https://www.jobstreet.co.id/job/77778338
01-Aug-24 02:14;IT CORE BANKING (FULL STACK DEVELOPER);PT. Bank KEB Hana Indonesia;Jakarta;Full time;https://www.jobstreet.co.id/job/77768815
01-Aug-24 10:30;IT Project Delivery;PT Asuransi Jiwa Manulife Indonesia (Dept PB Danamon);Jakarta;Full time;https://www.jobstreet.co.id/job/77796433
01-Aug-24 09:52;Technical Specialist - Compliance;PT Microsoft Indonesia;Jakarta;Full time;https://www.jobstreet.co.id/job/77793758
01-Aug-24 06:06;Investment Analyst (Finance, Investment, Capital Market, Funding);PT JAC Consulting Indonesia;Jakarta;Full time;https://www.jobstreet.co.id/job/77778541
01-Aug-24 11:03;IT Product Delivery;MSIG Life Insurance Indonesia Tbk;South Jakarta;Full time;https://www.jobstreet.co.id/job/77788081
01-Aug-24 04:24;Product Support and System Engineer;Private Advertiser;South Jakarta;Full time;https://www.jobstreet.co.id/job/77774986
01-Aug-24 03:58;Quality Analyst;Teleperformance;Bali;Contract/Temp;https://www.jobstreet.co.id/job/77773625
31-Jul-24 08:18;IT PMO Analyst XL Axiata;PT Multi Bangun Abadi;South Jakarta;Contract/Temp;https://www.jobstreet.co.id/job/77749089
01-Aug-24 00:30;Product Manager - Transport;PT Trinusa Travelindo;Jakarta;Full time;https://www.jobstreet.co.id/job/77774792
01-Aug-24 10:48;Quality Assurance Analyst - Regional Bali-Nusa Tenggara;PT Amartha Mikro Fintek (Jakarta);Denpasar;Full time;https://www.jobstreet.co.id/job/77793713
31-Jul-24 04:26;IT Product Specialist;PT Global Jet Express;North Jakarta;Contract/Temp;https://www.jobstreet.co.id/job/77741036
31-Jul-24 06:37;Data Analyst - Associate;PwC Indonesia;South Jakarta;Full time;https://www.jobstreet.co.id/job/77745603
31-Jul-24 01:13;Technical Consultant;PT. Metrodata Electronics, Tbk;West Jakarta;Contract/Temp;https://www.jobstreet.co.id/job/77733925
31-Jul-24 07:39;ICDC - Experience Analyst - Outsystem Developer - [Jakarta - ID];Deloitte;Jakarta;Full time;https://www.jobstreet.co.id/job/77751248
31-Jul-24 00:00;Senior Associate Product Manager - Platform;PT Trinusa Travelindo;Jakarta;Full time;https://www.jobstreet.co.id/job/77739135
31-Jul-24 00:00;Oracle Functional Analyst;PT Trinusa Travelindo;Jakarta;Full time;https://www.jobstreet.co.id/job/77738582
30-Jul-24 09:23;Branchless Banking User Interface Project Specialist;PT CIMB Niaga Tbk;South Jakarta;Full time;https://www.jobstreet.co.id/job/77710623
30-Jul-24 04:18;IT Functional SAP PP;PT Sukanda Djaya;Bekasi;Full time;https://www.jobstreet.co.id/job/77686120
31-Jul-24 00:00;Data Analyst;PT Trinusa Travelindo;Jakarta;Full time;https://www.jobstreet.co.id/job/77738507
31-Jul-24 10:21;Project Manager;PT Ninety Nine Dotco;Jakarta;Contract/Temp;https://www.jobstreet.co.id/job/77754957
30-Jul-24 07:30;SAP IT Consultant;PT Prima Sistem Terpadu;Jakarta;Contract/Temp;https://www.jobstreet.co.id/job/77707743
30-Jul-24 08:10;IT Team Lead dan Senior Developer;PT Adhikari Inovasi Indonesia;Bandung;Full time;https://www.jobstreet.co.id/job/77708783
30-Jul-24 06:48;Graduate Analyst Program - Technology Strategy & Transformation - October intake;Deloitte;Jakarta;Full time;https://www.jobstreet.co.id/job/77710834
29-Jul-24 18:14;Senior Manager - Technology Strategy & Transformation - ID;Deloitte;Jakarta;Full time;https://www.jobstreet.co.id/job/77664596
29-Jul-24 06:37;Project Manager;PT Digital Mediatama Maxima Tbk.;South Jakarta;Full time;https://www.jobstreet.co.id/job/77648271
29-Jul-24 03:37;IT Project Manager;PT Artha Solutions Indonesia;Jakarta;Contract/Temp;https://www.jobstreet.co.id/job/77642469
29-Jul-24 03:11;IT Project Manager;PT Bank Resona Perdania;Central Jakarta;Full time;https://www.jobstreet.co.id/job/77641480
29-Jul-24 05:22;Information Technology Project Manager;PT Fata Organa Solusi;South Tangerang;Full time;https://www.jobstreet.co.id/job/77645724
29-Jul-24 03:51;IT Quality Assurance (Testing);PT Lippo General Insurance Tbk;Tangerang;Full time;https://www.jobstreet.co.id/job/77643073
29-Jul-24 02:55;IT Project Management Officer;PT Akulaku Silvrr Indonesia;Central Jakarta;Full time;https://www.jobstreet.co.id/job/77640752
29-Jul-24 05:27;IT Team Lead dan Senior Developer;Private Advertiser;Bandung;Full time;https://www.jobstreet.co.id/job/77645359
29-Jul-24 04:40;System Analis;CITANUSA GROUP;North Jakarta;Contract/Temp;https://www.jobstreet.co.id/job/77644636
29-Jul-24 05:40;Senior Consultant - SAP SD - ID;Deloitte;Jakarta;Full time;https://www.jobstreet.co.id/job/77652987
28-Jul-24 12:00;Product Support Assc.;PT. Metrodata Electronics, Tbk;West Jakarta;Full time;https://www.jobstreet.co.id/job/77649660
02-Aug-24 09:22;DATA ANALYST;Kurniawan Group;Makassar;Full time;https://www.jobstreet.co.id/job/77816646
01-Aug-24 06:30;Actuarial Valuation Analyst;Sun Life;South Jakarta;Full time;https://www.jobstreet.co.id/job/77790188
30-Jul-24 15:00;Corporate Finance Associate Manager;PT Fashion Eservices Indonesia;South Jakarta;Full time;https://www.jobstreet.co.id/job/77724389
30-Jul-24 12:00;Project Manager (Mekari Jojonomic);PT Mid Solusi Nusantara (MEKARI);Jakarta;Full time;https://www.jobstreet.co.id/job/77723015
30-Jul-24 04:50;Staf IT Project Management;PT Bank Resona Perdania;Jakarta;Full time;https://www.jobstreet.co.id/job/77710733
30-Jul-24 09:09;IT BUSINESS APPLICATION SUPPORT;PT Kino Indonesia Tbk;Jakarta;Full time;https://www.jobstreet.co.id/job/77719971
29-Jul-24 00:00;IT QA & Business Analyst Senior Manager (Real Estate Development);SabiKerja;Jakarta;Full time;https://www.jobstreet.co.id/job/77663938
29-Jul-24 00:00;Technical Lead - IVR;Flintex Consulting Pte Ltd;Jakarta;Full time;https://www.jobstreet.co.id/job/77663834
31-Jul-24 10:57;Application Support (SQL, Query) - ASAP;PT. SIGMA GLOBAL TEKNOLOGI (SIGMATECH);Jakarta;Contract/Temp;https://www.jobstreet.co.id/job/77775179
31-Jul-24 02:31;Head of Data Science � Visa Consulting & Analytics, Indonesia;Company Confidential;Jakarta;Full time;https://www.jobstreet.co.id/job/77746242
29-Jul-24 18:47;Principal Consultant, Enterprise Solutions, Platinion, SEA;Company Confidential;Jakarta;Full time;https://www.jobstreet.co.id/job/77664601
