listing_date;title;company;location;work_type;link
01-Aug-24 07:55;IT Application & SAP Support;Erajaya Group;West Jakarta;Full time;https://www.jobstreet.co.id/job/77782640
31-Jul-24 14:08;IT Field Support Specialist (1-year contract);PT Pepsico Indonesia Foods And Beverages;South Jakarta;Contract/Temp;https://www.jobstreet.co.id/job/77757278
01-Aug-24 09:36;STAFF IT APPLICATION SUPPORT ( IT SUPPORT);PT Sungai Budi;South Jakarta;Full time;https://www.jobstreet.co.id/job/77785034
29-Jul-24 10:29;Application Support;PT Kreatif Global Primasolusindo;North Jakarta;Contract/Temp;https://www.jobstreet.co.id/job/77659473
30-Jul-24 02:04;IT Application Support Engineer;PT Plaza Auto Prima;Jakarta;Full time;https://www.jobstreet.co.id/job/77671275
01-Aug-24 04:36;Application Support Engineer (JBoss/Apache Tomcat, Web Server);PT Infinitium Solutions;Central Jakarta;Full time;https://www.jobstreet.co.id/job/77775788
26-Jul-24 09:53;Implementer Support;PT Autojaya Idetech;Jakarta;Full time;https://www.jobstreet.co.id/job/77614154
26-Jul-24 09:33;IT Application Support;PT Bank SBI Indonesia;Central Jakarta;Full time;https://www.jobstreet.co.id/job/77611636
29-Jul-24 02:42;IT Helpdesk Support / Application Support;Soedarpo Informatika;West Jakarta;Full time;https://www.jobstreet.co.id/job/77640360
26-Jul-24 08:10;Dynamics 365 Technical Support Consultant;PT SAGLOBAL INDONESIA OPERATIONS;West Jakarta;Full time;https://www.jobstreet.co.id/job/77608840
02-Aug-24 01:42;IT Support Specialist - ID;Deloitte Consulting SEA;Central Jakarta;Full time;https://www.jobstreet.co.id/job/77798434
31-Jul-24 07:52;IT Officer;PT Deli Group Indonesia;North Jakarta;Full time;https://www.jobstreet.co.id/job/77748129
31-Jul-24 02:38;IT Support Helpdesk;PT Talentvis Consulting Indonesia;West Jakarta;Full time;https://www.jobstreet.co.id/job/77736477
01-Aug-24 09:26;System Analyst;PT Caraka Komunika Indonesia;South Jakarta;Full time;https://www.jobstreet.co.id/job/77784860
30-Jul-24 05:52;IT � RECRUITMENT OPERATION SUPPORT;PT Solusi Digital Berkat;East Jakarta;Full time;https://www.jobstreet.co.id/job/77678371
02-Aug-24 04:50;IT Officer;PT Surya Jalur Anugerah;Jakarta;Full time;https://www.jobstreet.co.id/job/77805774
01-Aug-24 13:36;IT Assistant;PT.Indosari Sarana Pangan Abadi;North Jakarta;Full time;https://www.jobstreet.co.id/job/77789548
01-Aug-24 09:35;IT Business Analyst;PT Harsana Eklinika Reforma;Jakarta;Full time;https://www.jobstreet.co.id/job/77785013
31-Jul-24 04:27;IT Support;PT Square Gate One / ESPAY.ID;Central Jakarta;Full time;https://www.jobstreet.co.id/job/77741042
29-Jul-24 01:44;ERP Implementation Consultant (Mandarin Speaker);PT Yonyou Network Indonesia;Jakarta;Full time;https://www.jobstreet.co.id/job/77638411
01-Aug-24 08:23;Associate Technical Lead Specialist;Yayasan Bina Nusantara;West Jakarta;Full time;https://www.jobstreet.co.id/job/77783241
29-Jul-24 04:52;Application Team Leader;PT Nssol Systems Indonesia;Central Jakarta;Full time;https://www.jobstreet.co.id/job/77644950
26-Jul-24 08:03;Microsoft Dynamics 365 BC Functional Consultant;PT SAGLOBAL INDONESIA OPERATIONS;West Jakarta;Full time;https://www.jobstreet.co.id/job/77608661
31-Jul-24 08:39;ICT SUPPORT;Institut Bisnis Dan Informatika Kwik Kian Gie;Jakarta;Full time;https://www.jobstreet.co.id/job/77749516
31-Jul-24 02:48;IT System Staff;PT DCI Indonesia, Tbk;Bekasi;Full time;https://www.jobstreet.co.id/job/77736642
01-Aug-24 07:44;Staff IT Support - Patra Tani;PT Priamanaya Group;South Sumatra;Full time;https://www.jobstreet.co.id/job/77782344
26-Jul-24 07:29;System Analyst Supervisor;PT Tunas Ridean;South Jakarta;Full time;https://www.jobstreet.co.id/job/77607748
31-Jul-24 07:41;Business Analyst PSAK71;PT Asta Protek Jiarsi;Tangerang;Full time;https://www.jobstreet.co.id/job/77748252
01-Aug-24 04:24;Product Support and System Engineer;Private Advertiser;South Jakarta;Full time;https://www.jobstreet.co.id/job/77774986
26-Jul-24 07:50;Helpdesk;PT Halik Selindo Alpha;South Jakarta;Contract/Temp;https://www.jobstreet.co.id/job/77608312
31-Jul-24 10:04;IT Database & Storage Technology Officer;PT CIMB Niaga Auto Finance;Tangerang;Full time;https://www.jobstreet.co.id/job/77752319
01-Aug-24 09:16;IT Administrator with AWS or GCP Experience;PT Atreus Global;Jakarta;Full time;https://www.jobstreet.co.id/job/77784681
30-Jul-24 09:49;IT Software Tester;Koperasi Jasa Bhakti BPJS Kesehatan;Jakarta;Contract/Temp;https://www.jobstreet.co.id/job/77711999
02-Aug-24 04:24;Business System Analyst;PT Kamoro Maxima Integra;West Jakarta;Full time;https://www.jobstreet.co.id/job/77804961
27-Jul-24 09:00;IT Infra Engineer;PT Xpert Teknologi Inovasi;South Jakarta;Full time;https://www.jobstreet.co.id/job/77626931
30-Jul-24 09:30;IT Operations Intern;PT PEPPER SERVICES INDONESIA;South Jakarta;Part time;https://www.jobstreet.co.id/job/77711367
30-Jul-24 06:51;IT Officer;PT. BTR INDONESIA;Kendal Regency;Full time;https://www.jobstreet.co.id/job/77706583
31-Jul-24 12:00;IT Mobile Engineer Jakarta;PT. Metrodata Electronics, Tbk;West Jakarta;Full time;https://www.jobstreet.co.id/job/77759044
02-Aug-24 03:07;Operational Technology Engineer;PT TDK ELECTRONICS INDONESIA;Batam;Full time;https://www.jobstreet.co.id/job/77801501
26-Jul-24 08:28;Microsoft Dynamics 365 F&O Technical Manager;PT SAGLOBAL INDONESIA OPERATIONS;West Jakarta;Full time;https://www.jobstreet.co.id/job/77609248
01-Aug-24 16:25;IT Business Analyst Enablement Specialist;PT Tunas Ridean;South Jakarta;Full time;https://www.jobstreet.co.id/job/77790651
26-Jul-24 05:46;Software Engineer;PT Infolog Solutions Indonesia;Jakarta;Full time;https://www.jobstreet.co.id/job/77603590
26-Jul-24 10:10;IT Staff;PT Gesit Alumas;Central Jakarta;Full time;https://www.jobstreet.co.id/job/77615845
01-Aug-24 07:11;IT Tribe Leader;MSIG Life Insurance Indonesia Tbk;South Jakarta;Full time;https://www.jobstreet.co.id/job/77781582
01-Aug-24 03:57;Oracle Technical Consultant Jr. Manager;PT Bina Karya Prima;North Jakarta;Full time;https://www.jobstreet.co.id/job/77773434
30-Jul-24 02:06;IT Business Analyst;PT Central Asia Financial (Asuransi JAGADIRI);Central Jakarta;Full time;https://www.jobstreet.co.id/job/77671364
01-Aug-24 03:43;Oracle Functional Consultant Specialist;PT Bina Karya Prima;North Jakarta;Full time;https://www.jobstreet.co.id/job/77772852
28-Jul-24 12:00;Product Support Assc.;PT. Metrodata Electronics, Tbk;West Jakarta;Full time;https://www.jobstreet.co.id/job/77649660
01-Aug-24 02:09;IT PM Business Analyst;PT Insura Media Solusi (Jakarta);Jakarta;Full time;https://www.jobstreet.co.id/job/77768652
01-Aug-24 03:10;Odoo Functional;PT. MITRA CAKRAWALA INTERNATIONAL;Jakarta;Full time;https://www.jobstreet.co.id/job/77770932
30-Jul-24 08:19;Digital Support Staff;EmergingWISE;South Jakarta;Full time;https://www.jobstreet.co.id/job/77708920
31-Jul-24 04:09;Presales Support Jr.;PT. Metrodata Electronics, Tbk;West Jakarta;Full time;https://www.jobstreet.co.id/job/77746176
31-Jul-24 08:18;IT PMO Analyst XL Axiata;PT Multi Bangun Abadi;South Jakarta;Contract/Temp;https://www.jobstreet.co.id/job/77749089
26-Jul-24 09:29;IT Staff;PT Jakarta International Hotels & Development Tbk (Holding);Jakarta;Full time;https://www.jobstreet.co.id/job/77611501
31-Jul-24 04:09;Presales Support Assc.;PT. Metrodata Electronics, Tbk;West Jakarta;Full time;https://www.jobstreet.co.id/job/77746220
29-Jul-24 04:49;Information Technology;PT Mas Silueta Indonesia;Semarang;Full time;https://www.jobstreet.co.id/job/77644888
26-Jul-24 06:16;System Analyst;PT Karya Solusi Prima Sejahtera;Jakarta;Full time;https://www.jobstreet.co.id/job/77604700
29-Jul-24 04:40;System Analis;CITANUSA GROUP;North Jakarta;Contract/Temp;https://www.jobstreet.co.id/job/77644636
29-Jul-24 01:38;Oracle Technical Consultant and Support Analyst;Hand International Pte. Ltd.;Central Jakarta;Full time;https://www.jobstreet.co.id/job/77638220
01-Aug-24 06:57;ERP Solutions Specialist (SAP B1);FKS Group;Central Jakarta;Full time;https://www.jobstreet.co.id/job/77781183
26-Jul-24 09:18;L2 - KASEYA Administrator;PT. Berca Hardayaperkasa;Central Jakarta;Contract/Temp;https://www.jobstreet.co.id/job/77610860
31-Jul-24 07:50;Operational Support;PT. Sapta Visi Dinamika;Surabaya;Full time;https://www.jobstreet.co.id/job/77748462
26-Jul-24 03:45;Technical Support Staff;PT. Cyberindo Mega Persada (CBN Cloud);South Jakarta;Contract/Temp;https://www.jobstreet.co.id/job/77600345
31-Jul-24 06:37;IT Consultant;PT Lensung Technology Indonesia;West Jakarta;Full time;https://www.jobstreet.co.id/job/77651721
26-Jul-24 06:31;IT Process & Account Maintenance;PT Global Jet Cargo;North Jakarta;Full time;https://www.jobstreet.co.id/job/77605454
26-Jul-24 02:17;IT Officer;PT Bank China Construction Bank Indonesia Tbk;Central Jakarta;Full time;https://www.jobstreet.co.id/job/77596876
02-Aug-24 03:35;Implementation and Functional Section Head;Karunia Prima Nastari (KPN CORP.);South Jakarta;Full time;https://www.jobstreet.co.id/job/77803157
26-Jul-24 10:23;IT Business Analyst Staff;Cimory Group;West Jakarta;Full time;https://www.jobstreet.co.id/job/77616055
26-Jul-24 09:09;IT Infastructure & Support Engineer;AEON Credit Service Indonesia;Jakarta;Full time;https://www.jobstreet.co.id/job/77610653
01-Aug-24 08:34;IT Project Management Support Section Head;Yayasan Bina Nusantara;Jakarta;Full time;https://www.jobstreet.co.id/job/77783454
26-Jul-24 04:10;IT Support;PT. VIAPULSA GLOBAL INDONESIA;Yogyakarta Special Region;Full time;https://www.jobstreet.co.id/job/77601142
31-Jul-24 08:39;IT Software Developer (Odoo);PT Lyman Investindo;Jakarta;Full time;https://www.jobstreet.co.id/job/77749302
29-Jul-24 09:58;IT System Development Specialist;PT. Platinum Ceramics Industry;Surabaya;Full time;https://www.jobstreet.co.id/job/77658172
26-Jul-24 09:17;ERP STAFF;PT JINJIA NGP INDONESIA;Batam;Full time;https://www.jobstreet.co.id/job/77610839
