listing_date;title;company;location;work_type;link
02-Aug-24 04:21;Backend Engineer (Node.js);PT Nomura Research Institute Indonesia;Jakarta;Contract/Temp;https://www.jobstreet.co.id/job/77804848
01-Aug-24 11:34;Backend  Developer (For TRS Group);PT Tigaraksa Satria, Tbk;Bogor Regency;Full time;https://www.jobstreet.co.id/job/77788254
01-Aug-24 10:28;Backend Developer (Java);Solusi Transforma Teknologi;South Jakarta;Full time;https://www.jobstreet.co.id/job/77787760
01-Aug-24 03:26;Backend Developer (PHP/Golang) + DevOps;PT Lentera Bangsa Benderang;South Jakarta;Contract/Temp;https://www.jobstreet.co.id/job/77771894
29-Jul-24 10:51;Part-time NodeJs Developer;Polyrific;Jakarta;Part time;https://www.jobstreet.co.id/job/77659634
01-Aug-24 10:18;Java Programmer - Bandung;PT Dwidasa Samsara Indonesia;Bandung;Full time;https://www.jobstreet.co.id/job/77787580
01-Aug-24 07:19;FullStack Developer;PT Esha Parama Teknologi;Jakarta;Full time;https://www.jobstreet.co.id/job/77781737
31-Jul-24 03:11;Fullstack Developer (Front-end/Back-end);PT Berca Mandiri Perkasa;Central Jakarta;Full time;https://www.jobstreet.co.id/job/77737697
01-Aug-24 06:43;Senior Software Engineer, Backend - Business Platform;PT Solusi Transportasi Indonesia;Jakarta;Full time;https://www.jobstreet.co.id/job/77787552
01-Aug-24 11:43;Senior Backend Engineer - Lending;PT Kredit Pintar Indonesia;South Jakarta;Full time;https://www.jobstreet.co.id/job/77788300
01-Aug-24 02:20;IT Developer;PT MNC Asuransi Indonesia;Central Jakarta;Contract/Temp;https://www.jobstreet.co.id/job/77768999
26-Jul-24 07:55;Backend Developer (IT Team Leader/Supervisor);Korea Trade Investment Promotion Agency;Tangerang Regency;Contract/Temp;https://www.jobstreet.co.id/job/77608464
02-Aug-24 00:30;Software Engineer;PT Trinusa Travelindo;Jakarta;Full time;https://www.jobstreet.co.id/job/77802166
27-Jul-24 12:41;Fullstack Developer, Front End Developer, Back End Developer;PT Indo Retreading And Tire Services;Bekasi Regency;Full time;https://www.jobstreet.co.id/job/77627977
30-Jul-24 17:13;Software Engineer, Backend - Lending;PT Solusi Transportasi Indonesia;Jakarta;Full time;https://www.jobstreet.co.id/job/77728446
29-Jul-24 07:13;Programmer;PT Benari Solusindo Sejahtera;South Jakarta;Full time;https://www.jobstreet.co.id/job/77649361
31-Jul-24 05:45;Software Engineer, Backend - Transaction Platform;PT Solusi Transportasi Indonesia;Jakarta;Full time;https://www.jobstreet.co.id/job/77751293
31-Jul-24 08:13;Golang Developer;PT Adi Data Informatika;Jakarta;Contract/Temp;https://www.jobstreet.co.id/job/77748976
01-Aug-24 00:30;Backend Software Engineer (Accommodation);PT Trinusa Travelindo;Jakarta;Full time;https://www.jobstreet.co.id/job/77775371
02-Aug-24 00:30;Software Engineer;PT Trinusa Travelindo;Jakarta;Full time;https://www.jobstreet.co.id/job/77802091
29-Jul-24 01:30;Software Engineer - Full Stack;Yayasan Kesehatan Pertamina;Jakarta;Full time;https://www.jobstreet.co.id/job/77637654
26-Jul-24 05:46;Software Engineer;PT Infolog Solutions Indonesia;Jakarta;Full time;https://www.jobstreet.co.id/job/77603590
01-Aug-24 19:13;Senior Software Engineer, Fullstack - Lending;PT Solusi Transportasi Indonesia;Jakarta;Full time;https://www.jobstreet.co.id/job/77793744
31-Jul-24 04:38;Full Stack Software Engineer - Ruby on Rails;Luce Maintenance Group;Jakarta;Full time;https://www.jobstreet.co.id/job/77741364
30-Jul-24 10:09;Software Developer - Strategic Prototype Development;PT Dian Swastatika Sentosa, Tbk;Central Jakarta;Full time;https://www.jobstreet.co.id/job/77712527
30-Jul-24 17:13;Lead Software Engineer, Backend - Lending;PT Solusi Transportasi Indonesia;Jakarta;Full time;https://www.jobstreet.co.id/job/77728438
31-Jul-24 09:41;IT BackEnd / FrontEnd Staff;PT Serba Mulia Auto;North Jakarta;Full time;https://www.jobstreet.co.id/job/77751186
30-Jul-24 17:13;Senior Software Engineer Backend - Lending;PT Solusi Transportasi Indonesia;Jakarta;Full time;https://www.jobstreet.co.id/job/77728452
26-Jul-24 10:12;#10358 Software Engineer - Backend (Groceries);PT Aplikasi Karya Anak Bangsa (GO-JEK Indonesia);Jakarta;Full time;https://www.jobstreet.co.id/job/77617650
31-Jul-24 04:52;Fullstack Developer (Payment Getaway);PT Abadi Sejahtera Finansindo;Tangerang;Full time;https://www.jobstreet.co.id/job/77741739
01-Aug-24 03:54;Full Stack Developer;PT Darya Varia Laboratoria, Tbk;South Jakarta;Full time;https://www.jobstreet.co.id/job/77773370
25-Jul-24 18:23;#10359 Software Engineer - Backend;PT Aplikasi Karya Anak Bangsa (GO-JEK Indonesia);Jakarta;Full time;https://www.jobstreet.co.id/job/77589505
01-Aug-24 04:55;Programmer;PT AKEZ Djaja Investama;Jakarta;Full time;https://www.jobstreet.co.id/job/77776310
26-Jul-24 05:25;Full-Stack Developer;Simplepay;Magetan;Full time;https://www.jobstreet.co.id/job/77601080
01-Aug-24 03:02;Fullstack Developer (Node Js & Laravel - Payment);PT. KODE KOLEKTIF INDONESIA;Yogyakarta;Full time;https://www.jobstreet.co.id/job/77770700
31-Jul-24 07:39;ICDC - Experience Analyst - Outsystem Developer - [Jakarta - ID];Deloitte;Jakarta;Full time;https://www.jobstreet.co.id/job/77751248
26-Jul-24 03:40;Full Stack Developer;PT MAHAKARYA ADI INDONESIA;Central Jakarta;Full time;https://www.jobstreet.co.id/job/77600085
29-Jul-24 08:02;Senior .NET / NodeJS Developer;PT EBconnection Indonesia;South Jakarta;Contract/Temp;https://www.jobstreet.co.id/job/77651023
01-Aug-24 07:52;Full Stack Developer;PT Buana Varia Komputama;South Jakarta;Full time;https://www.jobstreet.co.id/job/77782572
25-Jul-24 18:23;#10357 Senior Software Engineer - Go-food;PT Aplikasi Karya Anak Bangsa (GO-JEK Indonesia);Jakarta;Full time;https://www.jobstreet.co.id/job/77589540
01-Aug-24 09:37;IT Programmer;PT.Medika Husada;Karawang;Full time;https://www.jobstreet.co.id/job/77785049
02-Aug-24 03:07;Operational Technology Engineer;PT TDK ELECTRONICS INDONESIA;Batam;Full time;https://www.jobstreet.co.id/job/77801501
01-Aug-24 08:23;Associate Technical Lead Specialist;Yayasan Bina Nusantara;West Jakarta;Full time;https://www.jobstreet.co.id/job/77783241
01-Aug-24 06:28;Senior Software Developer;Healthway Medical Group;Jakarta;Full time;https://www.jobstreet.co.id/job/77779303
01-Aug-24 08:19;Programmer;Yayasan Bina Nusantara;West Jakarta;Full time;https://www.jobstreet.co.id/job/77783168
01-Aug-24 08:38;Software Engineer;Yayasan Bina Nusantara;West Jakarta;Full time;https://www.jobstreet.co.id/job/77783523
01-Aug-24 06:22;IT Web & Mobile Application Developer;PT. Kalbe Farma Tbk. (International Division);East Jakarta;Full time;https://www.jobstreet.co.id/job/77779026
01-Aug-24 03:54;Developer Fullstack;PT XManagement Mandiri Group;Bandung;Full time;https://www.jobstreet.co.id/job/77773209
01-Aug-24 04:38;Senior Full Stack Programer;Sketsa House;Jakarta;Contract/Temp;https://www.jobstreet.co.id/job/77775847
31-Jul-24 09:17;Software Engineer;PT. Salam Pacific Indonesia Lines;Surabaya;Full time;https://www.jobstreet.co.id/job/77750591
01-Aug-24 01:56;Junior Developer;PT Walden Global Services;West Java;Full time;https://www.jobstreet.co.id/job/77768230
01-Aug-24 02:11;IT Developer (CODE: ITD);PT Uangel Indonesia;South Jakarta;Contract/Temp;https://www.jobstreet.co.id/job/77768668
31-Jul-24 00:28;Full Stack Developer;PT. Amalura Multi Dimensi;South Jakarta;Contract/Temp;https://www.jobstreet.co.id/job/77732767
31-Jul-24 04:17;Senior Fullstack Developer;PT. Padepokan Tujuh Sembilan;Jakarta;Full time;https://www.jobstreet.co.id/job/77740731
31-Jul-24 03:59;Full Stack Developer;PT Ketrosden Triasmitra;East Jakarta;Full time;https://www.jobstreet.co.id/job/77740159
30-Jul-24 07:04;JAVA PROGRAMMER;PT. Bisnis Teknologi Manajemen;Batam;Full time;https://www.jobstreet.co.id/job/77707009
30-Jul-24 08:38;SENIOR FULL STACK DEVELOPER;PT Nusantara Sakti Group (JAKARTA);West Jakarta;Full time;https://www.jobstreet.co.id/job/77709385
31-Jul-24 02:34;Staff IT API Specialist;PT Satria Antaran Prima Tbk.;Jakarta;Contract/Temp;https://www.jobstreet.co.id/job/77736346
30-Jul-24 08:10;IT Team Lead dan Senior Developer;PT Adhikari Inovasi Indonesia;Bandung;Full time;https://www.jobstreet.co.id/job/77708783
30-Jul-24 06:24;IT Developer;PT Beautilosophi Mahandaru Indonesia;South Jakarta;Contract/Temp;https://www.jobstreet.co.id/job/77705676
30-Jul-24 10:33;Web Game Developer;Blueondigo;North Jakarta;Full time;https://www.jobstreet.co.id/job/77714088
29-Jul-24 09:58;IT System Development Specialist;PT. Platinum Ceramics Industry;Surabaya;Full time;https://www.jobstreet.co.id/job/77658172
29-Jul-24 07:47;Full Stack Developer (PHP);PT. Metrocomjaddi Technology;South Jakarta;Contract/Temp;https://www.jobstreet.co.id/job/77650766
30-Jul-24 04:50;Full-Stack Developer;PT Gihon Telekomunikasi Indonesia;South Tangerang;Full time;https://www.jobstreet.co.id/job/77695358
30-Jul-24 04:04;Fullstack Programmer (.NET);PT BRINGIN KARYA SEJAHTERA;Jakarta;Full time;https://www.jobstreet.co.id/job/77682071
29-Jul-24 04:25;Full Stack Developer;PT. HTC Global Software Services;South Jakarta;Contract/Temp;https://www.jobstreet.co.id/job/77644206
29-Jul-24 04:42;Senior Full Stack Developer;PT. HTC Global Software Services;South Jakarta;Contract/Temp;https://www.jobstreet.co.id/job/77644706
26-Jul-24 09:27;Fullstack Developer (Laravel, React.JS);PT Karisma Zona Kreatifku;North Jakarta;Part time;https://www.jobstreet.co.id/job/77611439
26-Jul-24 10:31;Full Stack Developer (Site : Sumatera Selatan);PT. Metrodata Electronics, Tbk;West Jakarta;Contract/Temp;https://www.jobstreet.co.id/job/77616188
26-Jul-24 08:26;Software Engineer;PT SOD Technology Indonesia;Central Jakarta;Full time;https://www.jobstreet.co.id/job/77579773
26-Jul-24 10:44;FULL STACK DEVELOPER;PT Digital Mediatama Maxima Tbk.;Central Jakarta;Full time;https://www.jobstreet.co.id/job/77616266
26-Jul-24 07:29;Full Stack Developer;PT. Mengantar Karya Bangsa;Malang;Full time;https://www.jobstreet.co.id/job/77607740
26-Jul-24 06:55;Outsystems Developer;PT Adi Data Informatika;West Jakarta;Contract/Temp;https://www.jobstreet.co.id/job/77606843
26-Jul-24 06:04;IT Development;PT Technomed Asia;Bandung Regency;Full time;https://www.jobstreet.co.id/job/77595978
31-Jul-24 10:59;Senior Backend Developer - Node (100% Remote Indonesia Bandung);Tether Operations Limited;Bandung;Full time;https://www.jobstreet.co.id/job/77759631
31-Jul-24 11:00;Senior Backend Developer - Node (100% Remote Indonesia Jakarta);Tether Operations Limited;Jakarta;Full time;https://www.jobstreet.co.id/job/77759649
31-Jul-24 11:03;Senior Backend Developer - Node (100% Remote Indonesia Surabaya);Tether Operations Limited;Surabaya;Full time;https://www.jobstreet.co.id/job/77759596
30-Jul-24 04:52;BACK END DEVELOPER;PT Andara Rejo Makmur;Semarang Regency;Full time;https://www.jobstreet.co.id/job/77710537
27-Jul-24 08:01;Full Stack Developer;PT Telkomsel Ekosistem Digital;South Jakarta;Full time;https://www.jobstreet.co.id/job/77668338
26-Jul-24 08:08;Full-Stack Developer;PT. Internet Madju Abad Milenindo;Badung;Full time;https://www.jobstreet.co.id/job/77617752
30-Jul-24 05:01;Fullstack Developer;PT Andara Rejo Makmur;Semarang Regency;Full time;https://www.jobstreet.co.id/job/77710927
30-Jul-24 04:10;Mobile Developer;PT Walden Global Services;Batam;Contract/Temp;https://www.jobstreet.co.id/job/77683667
29-Jul-24 08:00;Senior Software Engineer;PT Samsung SDS Global SCL Indonesia;Jakarta;Full time;https://www.jobstreet.co.id/job/77663923
29-Jul-24 04:31;Web Developer;Talent Search Recruitment;Jakarta;Full time;https://www.jobstreet.co.id/job/77653025
28-Jul-24 09:20;iT Programmer;PT. Hida Berkarya Selalu;Medan;Full time;https://www.jobstreet.co.id/job/77632531
28-Jul-24 04:11;Senior Software Engineer;Staff Hunter;Jakarta;Full time;https://www.jobstreet.co.id/job/77632577
01-Aug-24 03:09;Backend Developer;Gefami Services Indonesia;Jakarta;Full time;https://www.jobstreet.co.id/job/77790946
01-Aug-24 04:19;Backend Developer;Universitas Siber Asia;South Jakarta;Full time;https://www.jobstreet.co.id/job/77802032
01-Aug-24 11:05;Backend Java Developer - BANKING Company;PT. SIGMA GLOBAL TEKNOLOGI (SIGMATECH);Jakarta;Contract/Temp;https://www.jobstreet.co.id/job/77790932
01-Aug-24 08:07;Back End Developer (Banking Industry - Exp: Machine Learning, AWS/GCP);PT. SIGMA GLOBAL TEKNOLOGI (SIGMATECH);Jakarta;Contract/Temp;https://www.jobstreet.co.id/job/77790959
27-Jul-24 06:51;Full-Stack Developer;Whitesky Aviation;Jakarta;Full time;https://www.jobstreet.co.id/job/77631430
01-Aug-24 10:00;Programmer GoLang;Rakhasa Artha Wisesa;West Jakarta;Full time;https://www.jobstreet.co.id/job/77802784
01-Aug-24 07:36;Programmer;Associe.co.id;Lamongan;Full time;https://www.jobstreet.co.id/job/77802126
31-Jul-24 08:52;Staff Programmer;Seven Smarts Indonesia;Boyolali;Contract/Temp;https://www.jobstreet.co.id/job/77775545
01-Aug-24 04:27;IT Programmer;PT. Mutiara Cahaya Tegal;Tegal;Contract/Temp;https://www.jobstreet.co.id/job/77803083
29-Jul-24 10:13;Full Stack Software Engineer;Manulife and John Hancock;Jakarta;Full time;https://www.jobstreet.co.id/job/77662267
29-Jul-24 10:22;Full-stack Software Engineer;Manulife and John Hancock;Jakarta;Full time;https://www.jobstreet.co.id/job/77662242
30-Jul-24 04:08;Delphi Developer - ASAP;PT. SIGMA GLOBAL TEKNOLOGI (SIGMATECH);Jakarta;Full time;https://www.jobstreet.co.id/job/77719941
30-Jul-24 03:51;Programmer Front-End Nextjs;Steven sebagai rekruter PT.Transporindo Agung Sejahtera;Medan;Full time;https://www.jobstreet.co.id/job/77710721
29-Jul-24 03:20;Web Developer;PT GOS Indoraya;Central Jakarta;Full time;https://www.jobstreet.co.id/job/77668685
