listing_date;title;company;location;work_type;link
31-Jul-24 08:56;Business Analyst Datawarehouse;PT Asta Protek Jiarsi;Tangerang;Full time;https://www.jobstreet.co.id/job/77749903
31-Jul-24 07:41;Business Analyst PSAK71;PT Asta Protek Jiarsi;Tangerang;Full time;https://www.jobstreet.co.id/job/77748252
01-Aug-24 09:54;Business Analyst;PT Esha Parama Teknologi;Jakarta;Full time;https://www.jobstreet.co.id/job/77785543
01-Aug-24 07:30;Junior Business Analyst;PT MYPRO SOLUSINDO INFORMATIKA;Jakarta;Full time;https://www.jobstreet.co.id/job/77782041
26-Jul-24 10:47;Business Analyst Manager;PT. Mganik Grup Mitra Indonesia;Tangerang;Full time;https://www.jobstreet.co.id/job/77616366
01-Aug-24 09:35;IT Business Analyst;PT Harsana Eklinika Reforma;Jakarta;Full time;https://www.jobstreet.co.id/job/77785013
01-Aug-24 08:35;Business Analyst Manager;PT Tigaraksa Satria, Tbk;South Jakarta;Full time;https://www.jobstreet.co.id/job/77783469
01-Aug-24 16:25;IT Business Analyst Enablement Specialist;PT Tunas Ridean;South Jakarta;Full time;https://www.jobstreet.co.id/job/77790651
31-Jul-24 03:25;Business Analyst;PT Swadaya Karya Sentosa;East Jakarta;Full time;https://www.jobstreet.co.id/job/77738161
02-Aug-24 04:24;Business System Analyst;PT Kamoro Maxima Integra;West Jakarta;Full time;https://www.jobstreet.co.id/job/77804961
01-Aug-24 02:09;IT PM Business Analyst;PT Insura Media Solusi (Jakarta);Jakarta;Full time;https://www.jobstreet.co.id/job/77768652
01-Aug-24 10:23;IT Project Analyst Lead;PT Ako Media Asia;West Jakarta;Contract/Temp;https://www.jobstreet.co.id/job/77787704
30-Jul-24 02:06;IT Business Analyst;PT Central Asia Financial (Asuransi JAGADIRI);Central Jakarta;Full time;https://www.jobstreet.co.id/job/77671364
26-Jul-24 10:23;Product Analyst;PT Solusi Pembayaran Elektronik;Tangerang;Full time;https://www.jobstreet.co.id/job/77616060
01-Aug-24 09:26;System Analyst;PT Caraka Komunika Indonesia;South Jakarta;Full time;https://www.jobstreet.co.id/job/77784860
30-Jul-24 00:00;Business System Analyst;PT Trinusa Travelindo;Jakarta;Full time;https://www.jobstreet.co.id/job/77675359
02-Aug-24 02:50;Business Process Engineer;PT SMART,Tbk;South Jakarta;Full time;https://www.jobstreet.co.id/job/77800782
01-Aug-24 08:21;System Analyst;Yayasan Bina Nusantara;West Jakarta;Full time;https://www.jobstreet.co.id/job/77783196
30-Jul-24 09:43;Bisnis Analis;Koperasi Jasa Bhakti BPJS Kesehatan;Central Jakarta;Contract/Temp;https://www.jobstreet.co.id/job/77711819
01-Aug-24 11:03;IT Product Delivery;MSIG Life Insurance Indonesia Tbk;South Jakarta;Full time;https://www.jobstreet.co.id/job/77788081
31-Jul-24 07:32;IT Manager;PT Indovisual Presentatama;North Jakarta;Full time;https://www.jobstreet.co.id/job/77748027
29-Jul-24 05:01;IT Business Analyst - Alam Sutera;PT Gogomedia Visindo;South Tangerang;Full time;https://www.jobstreet.co.id/job/77645244
29-Jul-24 09:30;ERP Functional Consultant;POINTSTAR (PSGC);Jakarta;Full time;https://www.jobstreet.co.id/job/77654314
31-Jul-24 08:18;IT PMO Analyst XL Axiata;PT Multi Bangun Abadi;South Jakarta;Contract/Temp;https://www.jobstreet.co.id/job/77749089
26-Jul-24 10:23;IT Business Analyst Staff;Cimory Group;West Jakarta;Full time;https://www.jobstreet.co.id/job/77616055
29-Jul-24 03:49;IT Business Analyst (Banking Background);PT. Wide Technologies Indonesia;South Jakarta;Full time;https://www.jobstreet.co.id/job/77643015
01-Aug-24 08:34;IT Project Management Support Section Head;Yayasan Bina Nusantara;Jakarta;Full time;https://www.jobstreet.co.id/job/77783454
02-Aug-24 04:21;Professional Product Owner;PT Nomura Research Institute Indonesia;Jakarta;Contract/Temp;https://www.jobstreet.co.id/job/77804896
01-Aug-24 05:37;Business Operations (English Speaker);PT. Indonesia Fintopia Technology;South Jakarta;Contract/Temp;https://www.jobstreet.co.id/job/77777332
01-Aug-24 07:05;Associate Product Owner;PT Lentera Bangsa Benderang;Central Jakarta;Contract/Temp;https://www.jobstreet.co.id/job/77781403
29-Jul-24 01:44;ERP Implementation Consultant (Mandarin Speaker);PT Yonyou Network Indonesia;Jakarta;Full time;https://www.jobstreet.co.id/job/77638411
26-Jul-24 08:03;Microsoft Dynamics 365 BC Functional Consultant;PT SAGLOBAL INDONESIA OPERATIONS;West Jakarta;Full time;https://www.jobstreet.co.id/job/77608661
01-Aug-24 07:19;IT STRATEGIC PLANNING & INFORMATION;PT Pesta Pora Abadi;Malang;Full time;https://www.jobstreet.co.id/job/77781771
31-Jul-24 06:37;Data Analyst - Associate;PwC Indonesia;South Jakarta;Full time;https://www.jobstreet.co.id/job/77745603
26-Jul-24 09:53;Implementer Support;PT Autojaya Idetech;Jakarta;Full time;https://www.jobstreet.co.id/job/77614154
26-Jul-24 05:46;Software Engineer;PT Infolog Solutions Indonesia;Jakarta;Full time;https://www.jobstreet.co.id/job/77603590
29-Jul-24 04:52;Application Team Leader;PT Nssol Systems Indonesia;Central Jakarta;Full time;https://www.jobstreet.co.id/job/77644950
26-Jul-24 08:08;Female Trading Analyst;PT. Indo Inovasi Teknologi;Badung;Full time;https://www.jobstreet.co.id/job/77504861
02-Aug-24 04:22;Scrum Master;PT Nomura Research Institute Indonesia;Jakarta;Contract/Temp;https://www.jobstreet.co.id/job/77804910
02-Aug-24 05:41;Product Owner;VIA.com;Central Jakarta;Full time;https://www.jobstreet.co.id/job/77807208
31-Jul-24 00:00;Data Analyst;PT Trinusa Travelindo;Jakarta;Full time;https://www.jobstreet.co.id/job/77738507
30-Jul-24 09:32;Merchant Relationship Manager;PT Mitra Transaksi Indonesia;South Jakarta;Full time;https://www.jobstreet.co.id/job/77711436
29-Jul-24 10:41;IT Project Analyst;PT Ako Media Asia;West Jakarta;Part time;https://www.jobstreet.co.id/job/77659603
31-Jul-24 06:20;Business Intelligence Lead;PT Royal Pesona Indonesia (Somethinc � Beautyhaul);West Jakarta;Full time;https://www.jobstreet.co.id/job/77744295
26-Jul-24 08:28;Microsoft Dynamics 365 F&O Technical Manager;PT SAGLOBAL INDONESIA OPERATIONS;West Jakarta;Full time;https://www.jobstreet.co.id/job/77609248
01-Aug-24 03:58;Quality Analyst;Teleperformance;Bali;Contract/Temp;https://www.jobstreet.co.id/job/77773625
29-Jul-24 01:33;Credit Analyst Staff;PT Bank Resona Perdania;Central Jakarta;Full time;https://www.jobstreet.co.id/job/77638113
29-Jul-24 03:37;Data Analyst;PT Sinar Jernih Suksesindo;South Tangerang;Contract/Temp;https://www.jobstreet.co.id/job/77642482
29-Jul-24 02:55;IT Project Management Officer;PT Akulaku Silvrr Indonesia;Central Jakarta;Full time;https://www.jobstreet.co.id/job/77640752
01-Aug-24 10:30;IT Project Delivery;PT Asuransi Jiwa Manulife Indonesia (Dept PB Danamon);Jakarta;Full time;https://www.jobstreet.co.id/job/77796433
01-Aug-24 13:59;Data Analyst Supervisor;PT. Maju Makmur Group (MMG);Biak Numfor;Full time;https://www.jobstreet.co.id/job/77789593
31-Jul-24 12:10;MIS & Data Analytics Supervisor;PT Bank Nationalnobu Tbk;Central Jakarta;Full time;https://www.jobstreet.co.id/job/77754124
01-Aug-24 09:36;STAFF IT APPLICATION SUPPORT ( IT SUPPORT);PT Sungai Budi;South Jakarta;Full time;https://www.jobstreet.co.id/job/77785034
29-Jul-24 03:51;IT Quality Assurance (Testing);PT Lippo General Insurance Tbk;Tangerang;Full time;https://www.jobstreet.co.id/job/77643073
01-Aug-24 07:11;IT Tribe Leader;MSIG Life Insurance Indonesia Tbk;South Jakarta;Full time;https://www.jobstreet.co.id/job/77781582
29-Jul-24 04:40;System Analis;CITANUSA GROUP;North Jakarta;Contract/Temp;https://www.jobstreet.co.id/job/77644636
30-Jul-24 07:35;Project Manager;PT Valortek Ratanika Utama;Jakarta;Full time;https://www.jobstreet.co.id/job/77707897
31-Jul-24 09:59;MIS Portofolio Reporting Specialist;PT CIMB Niaga Auto Finance;Tangerang;Full time;https://www.jobstreet.co.id/job/77752108
01-Aug-24 03:24;Product Manager (Growth);PT. Fore Kopi Indonesia;Central Jakarta;Full time;https://www.jobstreet.co.id/job/77771607
29-Jul-24 03:37;IT Project Manager;PT Artha Solutions Indonesia;Jakarta;Contract/Temp;https://www.jobstreet.co.id/job/77642469
31-Jul-24 04:26;IT Product Specialist;PT Global Jet Express;North Jakarta;Contract/Temp;https://www.jobstreet.co.id/job/77741036
01-Aug-24 08:28;Head of Software Solutions;Yayasan Bina Nusantara;West Jakarta;Full time;https://www.jobstreet.co.id/job/77783332
01-Aug-24 03:10;Odoo Functional;PT. MITRA CAKRAWALA INTERNATIONAL;Jakarta;Full time;https://www.jobstreet.co.id/job/77770932
29-Jul-24 03:11;IT Project Manager;PT Bank Resona Perdania;Central Jakarta;Full time;https://www.jobstreet.co.id/job/77641480
26-Jul-24 07:29;System Analyst Supervisor;PT Tunas Ridean;South Jakarta;Full time;https://www.jobstreet.co.id/job/77607748
31-Jul-24 10:21;Project Manager;PT Ninety Nine Dotco;Jakarta;Contract/Temp;https://www.jobstreet.co.id/job/77754957
26-Jul-24 06:16;System Analyst;PT Karya Solusi Prima Sejahtera;Jakarta;Full time;https://www.jobstreet.co.id/job/77604700
01-Aug-24 02:33;Asisten IT Manager;PT. K-LINK INDONESIA;South Jakarta;Full time;https://www.jobstreet.co.id/job/77769453
29-Jul-24 06:26;Data Governance;PT ZURICH ASURANSI INDONESIA, Tbk;Jakarta;Full time;https://www.jobstreet.co.id/job/77647769
30-Jul-24 09:11;Project Manager;PT Mitra Transaksi Indonesia;Jakarta;Full time;https://www.jobstreet.co.id/job/77710202
02-Aug-24 03:35;Implementation and Functional Section Head;Karunia Prima Nastari (KPN CORP.);South Jakarta;Full time;https://www.jobstreet.co.id/job/77803157
30-Jul-24 09:25;Junior Management Information System staff - Automation (A-109418);RGF HR Agent Indonesia;South Jakarta;Full time;https://www.jobstreet.co.id/job/77710995
29-Jul-24 05:22;Information Technology Project Manager;PT Fata Organa Solusi;South Tangerang;Full time;https://www.jobstreet.co.id/job/77645724
29-Jul-24 06:37;Project Manager;PT Digital Mediatama Maxima Tbk.;South Jakarta;Full time;https://www.jobstreet.co.id/job/77648271
01-Aug-24 06:57;ERP Solutions Specialist (SAP B1);FKS Group;Central Jakarta;Full time;https://www.jobstreet.co.id/job/77781183
31-Jul-24 00:00;Senior Product Analyst - Platform;PT Trinusa Travelindo;Jakarta;Full time;https://www.jobstreet.co.id/job/77739535
01-Aug-24 03:43;Oracle Functional Consultant Specialist;PT Bina Karya Prima;North Jakarta;Full time;https://www.jobstreet.co.id/job/77772852
31-Jul-24 04:09;Process Improvement Officer;Danone Indonesia;East Jakarta;Contract/Temp;https://www.jobstreet.co.id/job/77740508
31-Jul-24 04:17;Project Lead;Elite Asia;Jakarta;Full time;https://www.jobstreet.co.id/job/77740735
31-Jul-24 04:56;Project Management Office Executive;PT Nojorono Tobacco International;East Jakarta;Full time;https://www.jobstreet.co.id/job/77741850
31-Jul-24 09:53;MANAGER IT;PT Teguh Murni Perdana;Tangerang;Full time;https://www.jobstreet.co.id/job/77751870
29-Jul-24 05:52;Risk Process Analyst;PT Simplefi Teknologi Indonesia (Jakarta);Jakarta;Full time;https://www.jobstreet.co.id/job/77646496
26-Jul-24 06:36;Corporate Rating Analyst;PT Pemeringkat Efek Indonesia (PEFINDO);South Jakarta;Full time;https://www.jobstreet.co.id/job/77605788
01-Aug-24 10:48;Quality Assurance Analyst - Regional Bali-Nusa Tenggara;PT Amartha Mikro Fintek (Jakarta);Denpasar;Full time;https://www.jobstreet.co.id/job/77793713
29-Jul-24 07:39;IT Manager;PT Penta Valent;West Jakarta;Full time;https://www.jobstreet.co.id/job/77650539
26-Jul-24 06:10;Project Delivery Manager;PT Artha Infotama (Jakarta);Central Jakarta;Full time;https://www.jobstreet.co.id/job/77596095
30-Jul-24 09:23;Branchless Banking User Interface Project Specialist;PT CIMB Niaga Tbk;South Jakarta;Full time;https://www.jobstreet.co.id/job/77710623
01-Aug-24 00:30;Product Manager - Transport;PT Trinusa Travelindo;Jakarta;Full time;https://www.jobstreet.co.id/job/77774792
26-Jul-24 09:17;ERP STAFF;PT JINJIA NGP INDONESIA;Batam;Full time;https://www.jobstreet.co.id/job/77610839
29-Jul-24 18:14;Senior Manager - Technology Strategy & Transformation - ID;Deloitte;Jakarta;Full time;https://www.jobstreet.co.id/job/77664596
30-Jul-24 07:30;SAP IT Consultant;PT Prima Sistem Terpadu;Jakarta;Contract/Temp;https://www.jobstreet.co.id/job/77707743
31-Jul-24 10:01;MIS Acquisition Department Head;PT CIMB Niaga Auto Finance;Banten;Full time;https://www.jobstreet.co.id/job/77752175
31-Jul-24 00:00;Senior Associate Product Manager - Platform;PT Trinusa Travelindo;Jakarta;Full time;https://www.jobstreet.co.id/job/77739135
26-Jul-24 01:42;Senior Project Management Officer;Private Advertiser;South Jakarta;Full time;https://www.jobstreet.co.id/job/77595636
26-Jul-24 09:33;IT Application Support;PT Bank SBI Indonesia;Central Jakarta;Full time;https://www.jobstreet.co.id/job/77611636
01-Aug-24 13:11;Product Manager;PT Aplikasi Karya Anak Bangsa (GO-JEK Indonesia);Jakarta;Full time;https://www.jobstreet.co.id/job/77790154
26-Jul-24 10:04;Manajer Departemen Produk;PT Ide Bangsa Mahardika;Malang;Full time;https://www.jobstreet.co.id/job/77615719
26-Jul-24 11:49;Functional Consultant Analyst;PT. Metrodata Electronics, Tbk;West Jakarta;Full time;https://www.jobstreet.co.id/job/77619964
01-Aug-24 03:57;Oracle Technical Consultant Jr. Manager;PT Bina Karya Prima;North Jakarta;Full time;https://www.jobstreet.co.id/job/77773434
31-Jul-24 00:00;Oracle Functional Analyst;PT Trinusa Travelindo;Jakarta;Full time;https://www.jobstreet.co.id/job/77738582
