listing_date;title;company;location;work_type;link
02-Aug-24 02:02;IT Database and Security Engineer;PT Inter Aneka Lestari Kimia;Tangerang;Full time;https://www.jobstreet.co.id/job/77799107
01-Aug-24 04:45;IT Cyber Security Manager;PT Mandala Multifinance, Tbk;Central Jakarta;Full time;https://www.jobstreet.co.id/job/77776017
31-Jul-24 02:14;Junior IT Security Engineer - Manufacture - Batam (A-109424);RGF HR Agent Indonesia;Batam;Full time;https://www.jobstreet.co.id/job/77735686
29-Jul-24 03:40;Security Engineer;PT IP Network Solusindo;Central Jakarta;Full time;https://www.jobstreet.co.id/job/77642646
26-Jul-24 02:00;IT Security Supervisor;PT. FWD Insurance Indonesia ( HO );South Jakarta;Full time;https://www.jobstreet.co.id/job/77596343
31-Jul-24 08:02;IT Security staff - Rental - Karawang (A-109467);RGF HR Agent Indonesia;Karawang;Full time;https://www.jobstreet.co.id/job/77748757
30-Jul-24 08:28;IT Security - L1;PT Bawana Margatama;South Jakarta;Contract/Temp;https://www.jobstreet.co.id/job/77709184
29-Jul-24 10:44;RPA Software Developer;PT Okron Global Data;Jakarta;Full time;https://www.jobstreet.co.id/job/77659602
29-Jul-24 09:47;IT Security Officer;PT. Interaktif Internasional;Surabaya;Full time;https://www.jobstreet.co.id/job/77656618
01-Aug-24 09:52;Technical Specialist - Compliance;PT Microsoft Indonesia;Jakarta;Full time;https://www.jobstreet.co.id/job/77793758
01-Aug-24 09:06;IT Data Center Operation Executive;PT Niaga Nusa Abadi;East Jakarta;Full time;https://www.jobstreet.co.id/job/77783974
02-Aug-24 02:31;AVP Network Automation & AI/ML Architect;Indosat Ooredoo;Central Jakarta;Full time;https://www.jobstreet.co.id/job/77800068
30-Jul-24 10:40;System Security;PT Jatelindo Perkasa Abadi;South Jakarta;Contract/Temp;https://www.jobstreet.co.id/job/77715063
31-Jul-24 07:32;IT Manager;PT Indovisual Presentatama;North Jakarta;Full time;https://www.jobstreet.co.id/job/77748027
29-Jul-24 04:59;IT Security Engineer;PT. Lintas Teknologi Indonesia;Jakarta;Full time;https://www.jobstreet.co.id/job/77645185
31-Jul-24 09:27;IT SECURITY AND INFRASTRUCTURE SPECIALIST;PT Eka Jaya Internasional;Tangerang;Full time;https://www.jobstreet.co.id/job/77750777
01-Aug-24 10:49;IT Governance Manager (Automotive Distribution);Private Advertiser;South Jakarta;Full time;https://www.jobstreet.co.id/job/77787985
30-Jul-24 02:34;Security Engineer;PT Karya Solusi Prima Sejahtera;Central Jakarta;Full time;https://www.jobstreet.co.id/job/77672251
31-Jul-24 04:52;Subject Matter Expert - Mechanic (Focke F550, F5, 552);British American Tobacco Indonesia;Malang;Full time;https://www.jobstreet.co.id/job/77741751
30-Jul-24 09:37;IT Programmer;Koperasi Jasa Bhakti BPJS Kesehatan;Central Jakarta;Contract/Temp;https://www.jobstreet.co.id/job/77711614
30-Jul-24 03:22;IT GRC Manager;PT Finture Tech Indonesia;South Jakarta;Full time;https://www.jobstreet.co.id/job/77674004
29-Jul-24 06:51;Presales Engineer;PT Nusantara Compnet Integrator;West Jakarta;Full time;https://www.jobstreet.co.id/job/77648776
29-Jul-24 04:17;L1 Engineer Network Security & Compliance;PT Metrocom Global Solusi;Jakarta;Full time;https://www.jobstreet.co.id/job/77643922
29-Jul-24 04:22;L1 Engineer Endpoint Security;PT Metrocom Global Solusi;Jakarta;Full time;https://www.jobstreet.co.id/job/77644074
29-Jul-24 03:47;Onsite Engineer (Collaboration);PT Nusantara Compnet Integrator;West Jakarta;Contract/Temp;https://www.jobstreet.co.id/job/77642948
27-Jul-24 09:00;IT Infra Engineer;PT Xpert Teknologi Inovasi;South Jakarta;Full time;https://www.jobstreet.co.id/job/77626931
31-Jul-24 05:59;IT RISK MANAGEMENT & COMPLIENCE;PT Karya Solusi Prima Sejahtera;Tangerang;Full time;https://www.jobstreet.co.id/job/77743574
26-Jul-24 10:40;IT Governance;PT Phincon;Jakarta;Contract/Temp;https://www.jobstreet.co.id/job/77616300
26-Jul-24 08:24;Sales Engineer Cybersecurity;PT Valortek Ratanika Utama;Jakarta;Full time;https://www.jobstreet.co.id/job/77609170
01-Aug-24 09:52;Compliance Officer (Mandarin Speaker);PT ZTE Indonesia;South Jakarta;Full time;https://www.jobstreet.co.id/job/77785362
26-Jul-24 09:29;IT Staff;PT Jakarta International Hotels & Development Tbk (Holding);Jakarta;Full time;https://www.jobstreet.co.id/job/77611501
01-Aug-24 07:44;System Engineer;PT Prima Integrasi Network;Jakarta;Full time;https://www.jobstreet.co.id/job/77782376
26-Jul-24 08:33;IT Supervisor;Private Advertiser;Jakarta;Full time;https://www.jobstreet.co.id/job/77609357
29-Jul-24 10:41;IT Project Analyst;PT Ako Media Asia;West Jakarta;Part time;https://www.jobstreet.co.id/job/77659603
01-Aug-24 07:51;Anti Fraud Manager;PT Kredit Pintar Indonesia;South Jakarta;Full time;https://www.jobstreet.co.id/job/77782558
26-Jul-24 08:23;Frontend Developer (Angular);PT Ako Media Asia;West Jakarta;Full time;https://www.jobstreet.co.id/job/77609145
02-Aug-24 01:47;Network Engineer;LightsUp Network Solution Sdn Bhd;South Jakarta;Full time;https://www.jobstreet.co.id/job/77798579
02-Aug-24 04:47;System Engineer;PT Gaweku Human Technology (Gaweku);Semarang;Full time;https://www.jobstreet.co.id/job/77805693
01-Aug-24 03:49;IT Staff;PT Sunchirin Industries Indonesia;Karawang;Full time;https://www.jobstreet.co.id/job/77772295
01-Aug-24 03:44;IT Supervisor Network Manager Teknisi Komputer;Private Advertiser;Surabaya;Full time;https://www.jobstreet.co.id/job/77772828
01-Aug-24 04:11;Desktop Engineer;Teleperformance;Bali;Contract/Temp;https://www.jobstreet.co.id/job/77774261
01-Aug-24 04:14;Desktop Engineer;Teleperformance;Surakarta;Contract/Temp;https://www.jobstreet.co.id/job/77774393
01-Aug-24 04:36;Application Support Engineer (JBoss/Apache Tomcat, Web Server);PT Infinitium Solutions;Central Jakarta;Full time;https://www.jobstreet.co.id/job/77775788
01-Aug-24 06:04;FCC Control Operations Analyst - Indonesia;Standard Chartered Bank;Jakarta;Full time;https://www.jobstreet.co.id/job/77778459
31-Jul-24 09:53;MANAGER IT;PT Teguh Murni Perdana;Tangerang;Full time;https://www.jobstreet.co.id/job/77751870
01-Aug-24 04:24;Product Support and System Engineer;Private Advertiser;South Jakarta;Full time;https://www.jobstreet.co.id/job/77774986
31-Jul-24 06:37;IT Consultant;PT Lensung Technology Indonesia;West Jakarta;Full time;https://www.jobstreet.co.id/job/77651721
01-Aug-24 04:24;Senior System Administrator;PT PERFORMA OPTIMA KOMPUTINDO;Surabaya;Full time;https://www.jobstreet.co.id/job/77774999
01-Aug-24 02:16;Junior IT Engineer Team (CODE: ITE);PT Uangel Indonesia;South Jakarta;Contract/Temp;https://www.jobstreet.co.id/job/77768894
01-Aug-24 06:08;Quality Assurance [QA] and Testing for Web App Development;Blueondigo;North Jakarta;Full time;https://www.jobstreet.co.id/job/77778538
30-Jul-24 06:54;Solution Architect (IT Infrastructure);PT Sapta Tunas Teknologi;Jakarta;Full time;https://www.jobstreet.co.id/job/77706706
30-Jul-24 09:42;IT System Administrator Staff;Boga Group;Tangerang;Full time;https://www.jobstreet.co.id/job/77711762
30-Jul-24 07:57;Subject Matter Expert;PT Ihsan Solusi Informatika (Bandung);Central Jakarta;Contract/Temp;https://www.jobstreet.co.id/job/77708450
29-Jul-24 07:42;IT Risk Consultant (IT Governance, Risk, Compliance);PT Equine Global;Jakarta;Full time;https://www.jobstreet.co.id/job/77650606
29-Jul-24 07:59;Anti Fraud Specialist;PT Pembiayaan Digital Indonesia;South Jakarta;Contract/Temp;https://www.jobstreet.co.id/job/77651021
29-Jul-24 10:26;Technical Engineer;D-Link International Pte Ltd;Jakarta;Full time;https://www.jobstreet.co.id/job/77659463
30-Jul-24 03:29;Credit Risk Analysis Manager;PT. Tianxing Cloud Supply Chain (Polibeli);Central Jakarta;Full time;https://www.jobstreet.co.id/job/77674760
30-Jul-24 05:52;IT � RECRUITMENT OPERATION SUPPORT;PT Solusi Digital Berkat;East Jakarta;Full time;https://www.jobstreet.co.id/job/77678371
29-Jul-24 05:27;IT Team Lead dan Senior Developer;Private Advertiser;Bandung;Full time;https://www.jobstreet.co.id/job/77645359
29-Jul-24 05:22;Information Technology Project Manager;PT Fata Organa Solusi;South Tangerang;Full time;https://www.jobstreet.co.id/job/77645724
29-Jul-24 04:32;Enterprise Support Engineer (Cloud Engineer);PT Exabytes Network Indonesia;South Jakarta;Full time;https://www.jobstreet.co.id/job/77644413
29-Jul-24 04:25;Presales Engineer;Cartrack;Jakarta;Full time;https://www.jobstreet.co.id/job/77644195
29-Jul-24 03:37;IT Project Manager;PT Artha Solutions Indonesia;Jakarta;Contract/Temp;https://www.jobstreet.co.id/job/77642469
29-Jul-24 02:31;Network Engineer (Onsite : Jakarta);PT S Net Indonesia;Jakarta;Full time;https://www.jobstreet.co.id/job/77639991
29-Jul-24 04:39;System Engineer;PT Mitra Infosarana;South Jakarta;Full time;https://www.jobstreet.co.id/job/77644613
29-Jul-24 02:45;Facility Manager;PT DCI Indonesia, Tbk;Bekasi Regency;Full time;https://www.jobstreet.co.id/job/77640443
26-Jul-24 09:18;L2 - KASEYA Administrator;PT. Berca Hardayaperkasa;Central Jakarta;Contract/Temp;https://www.jobstreet.co.id/job/77610860
26-Jul-24 09:36;Command Center;PT. BELA PARAHIYANGAN INVESTINDO;West Bandung;Full time;https://www.jobstreet.co.id/job/77611795
26-Jul-24 06:49;Product Manager - Survey & Mapping;Halo Robotics;South Jakarta;Full time;https://www.jobstreet.co.id/job/77606618
26-Jul-24 06:31;IT Process & Account Maintenance;PT Global Jet Cargo;North Jakarta;Full time;https://www.jobstreet.co.id/job/77605454
26-Jul-24 08:26;Software Engineer;PT SOD Technology Indonesia;Central Jakarta;Full time;https://www.jobstreet.co.id/job/77579773
26-Jul-24 10:10;IT Staff;PT Gesit Alumas;Central Jakarta;Full time;https://www.jobstreet.co.id/job/77615845
26-Jul-24 02:29;Infrastructure & Network Supervisor;PT Griya Miesejati (Bakmi GM);West Jakarta;Full time;https://www.jobstreet.co.id/job/77597232
26-Jul-24 02:58;Manager IT Infrastructure Operation;Indofood Group;South Jakarta;Full time;https://www.jobstreet.co.id/job/77598204
26-Jul-24 03:42;Product Specialist (Cloud);PT. Metrodata Electronics, Tbk;West Jakarta;Full time;https://www.jobstreet.co.id/job/77600217
27-Jul-24 00:33;Head of Security;Influx Services;Jakarta;Full time;https://www.jobstreet.co.id/job/77625571
31-Jul-24 10:56;Security Operations Engineer;Modalku;Jakarta;Full time;https://www.jobstreet.co.id/job/77759629
01-Aug-24 02:26;DevSecOps;Cobek Bakar Mindut Gendut;South Tangerang;Full time;https://www.jobstreet.co.id/job/77779824
01-Aug-24 19:40;Know Your Client Analyst;PT Citi Interiorindo;Jakarta;Full time;https://www.jobstreet.co.id/job/77793806
31-Jul-24 11:03;Senior Backend Developer - Node (100% Remote Indonesia Surabaya);Tether Operations Limited;Surabaya;Full time;https://www.jobstreet.co.id/job/77759596
01-Aug-24 04:44;IT Administrator;YAYASAN HANACARAKA SAKA NUSANTARA;Bondowoso;Full time;https://www.jobstreet.co.id/job/77780049
31-Jul-24 11:00;Senior Backend Developer - Node (100% Remote Indonesia Jakarta);Tether Operations Limited;Jakarta;Full time;https://www.jobstreet.co.id/job/77759649
01-Aug-24 05:30;Associate Managed Services Operations Specialist;PT NTT Indonesia;Jakarta;Full time;https://www.jobstreet.co.id/job/77790126
31-Jul-24 10:59;Senior Backend Developer - Node (100% Remote Indonesia Bandung);Tether Operations Limited;Bandung;Full time;https://www.jobstreet.co.id/job/77759631
30-Jul-24 14:10;Security Operations Manager;British American Tobacco Indonesia;Malang;Full time;https://www.jobstreet.co.id/job/77724371
30-Jul-24 03:37;NETWORK & MULTIMEDIA ENGINEER;PT Media Telekomunikasi Mandiri;Wonosobo Regency;Full time;https://www.jobstreet.co.id/job/77710491
30-Jul-24 03:39;NETWORK & MULTIMEDIA ENGINEER;PT Media Telekomunikasi Mandiri;Surabaya;Full time;https://www.jobstreet.co.id/job/77710750
26-Jul-24 10:48;Computer Systems Analyst;American Embassy;Jakarta;Full time;https://www.jobstreet.co.id/job/77617747
27-Jul-24 05:38;Digital Development Specialist  - ( World Bank | req28589 | GF );World Bank Group - International Finance Corporation;Jakarta;Full time;https://www.jobstreet.co.id/job/77626997
26-Jul-24 04:40;Cloud Engineer;PT Netmarks Indonesia;North Jakarta;Full time;https://www.jobstreet.co.id/job/77606374
26-Jul-24 04:40;Network Engineer (CCNP);PT Netmarks Indonesia;Jakarta;Full time;https://www.jobstreet.co.id/job/77606204
26-Jul-24 04:40;Presales Engineer;PT Netmarks Indonesia;Jakarta;Full time;https://www.jobstreet.co.id/job/77606446
26-Jul-24 04:40;Server Engineer;PT Netmarks Indonesia;Jakarta;Full time;https://www.jobstreet.co.id/job/77606218
26-Jul-24 04:40;IT Consultant;PT Netmarks Indonesia;Jakarta;Full time;https://www.jobstreet.co.id/job/77606533
26-Jul-24 00:56;SOX Compliance Specialist;PT Seah Precision Metal Indonesia;Jakarta;Full time;https://www.jobstreet.co.id/job/77599879
01-Aug-24 10:11;Information Security Policy Expert;Fasset;Jakarta;Full time;https://www.jobstreet.co.id/job/77790943
31-Jul-24 03:24;Cloud Security Engineer;PT Sentra Paramitra;South Jakarta;Full time;https://www.jobstreet.co.id/job/77775391
31-Jul-24 22:47;DevOps Engineer;PT Cerdas Digital Nusantara;Yogyakarta;Full time;https://www.jobstreet.co.id/job/77775214
31-Jul-24 07:29;Know Your Customer Agent;Telmark;West Jakarta;Contract/Temp;https://www.jobstreet.co.id/job/77775037
29-Jul-24 18:47;Principal Consultant, Enterprise Solutions, Platinion, SEA;Company Confidential;Jakarta;Full time;https://www.jobstreet.co.id/job/77664601
