listing_date;title;company;location;work_type;link
01-Aug-24 04:08;Alibaba Data Center-Operations Engineer;TITANICOM TECH LIMITED;Jakarta;Full time;https://www.jobstreet.co.id/job/77774091
31-Jul-24 08:56;Business Analyst Datawarehouse;PT Asta Protek Jiarsi;Tangerang;Full time;https://www.jobstreet.co.id/job/77749903
02-Aug-24 04:21;Data Engineer;PT Nomura Research Institute Indonesia;Jakarta;Contract/Temp;https://www.jobstreet.co.id/job/77804897
02-Aug-24 02:02;IT Database and Security Engineer;PT Inter Aneka Lestari Kimia;Tangerang;Full time;https://www.jobstreet.co.id/job/77799107
29-Jul-24 03:24;Big Data Engineer;PT Data Labs Analytics;Central Jakarta;Full time;https://www.jobstreet.co.id/job/77641844
31-Jul-24 06:20;Business Intelligence Lead;PT Royal Pesona Indonesia (Somethinc � Beautyhaul);West Jakarta;Full time;https://www.jobstreet.co.id/job/77744295
26-Jul-24 09:50;Data Engineer;PT Kamoro Maxima Integra;South Jakarta;Full time;https://www.jobstreet.co.id/job/77613808
31-Jul-24 05:14;Data Lead;Klinik Pintar;South Jakarta;Full time;https://www.jobstreet.co.id/job/77742262
01-Aug-24 06:13;Business Intelligence Developer;PT. Berca Hardayaperkasa;Central Jakarta;Full time;https://www.jobstreet.co.id/job/77778735
29-Jul-24 06:51;Presales Engineer;PT Nusantara Compnet Integrator;West Jakarta;Full time;https://www.jobstreet.co.id/job/77648776
26-Jul-24 04:14;Database Engineer (Oracle Certified);PT Sisindokom Lintasbuana;Central Jakarta;Full time;https://www.jobstreet.co.id/job/77601234
29-Jul-24 06:26;Data Governance;PT ZURICH ASURANSI INDONESIA, Tbk;Jakarta;Full time;https://www.jobstreet.co.id/job/77647769
02-Aug-24 01:47;Network Engineer;LightsUp Network Solution Sdn Bhd;South Jakarta;Full time;https://www.jobstreet.co.id/job/77798579
02-Aug-24 02:50;Business Process Engineer;PT SMART,Tbk;South Jakarta;Full time;https://www.jobstreet.co.id/job/77800782
02-Aug-24 02:31;AVP Network Automation & AI/ML Architect;Indosat Ooredoo;Central Jakarta;Full time;https://www.jobstreet.co.id/job/77800068
02-Aug-24 03:07;Operational Technology Engineer;PT TDK ELECTRONICS INDONESIA;Batam;Full time;https://www.jobstreet.co.id/job/77801501
01-Aug-24 04:11;Desktop Engineer;Teleperformance;Bali;Contract/Temp;https://www.jobstreet.co.id/job/77774261
02-Aug-24 04:47;System Engineer;PT Gaweku Human Technology (Gaweku);Semarang;Full time;https://www.jobstreet.co.id/job/77805693
01-Aug-24 04:14;Desktop Engineer;Teleperformance;Surakarta;Contract/Temp;https://www.jobstreet.co.id/job/77774393
29-Jul-24 06:27;Senior Database Programmer/Storage Procedure;PT Cyberindo Aditama (CBN);South Jakarta;Full time;https://www.jobstreet.co.id/job/77647912
30-Jul-24 03:22;IT GRC Manager;PT Finture Tech Indonesia;South Jakarta;Full time;https://www.jobstreet.co.id/job/77674004
01-Aug-24 19:13;Senior QA Engineer;PT Solusi Transportasi Indonesia;Jakarta;Full time;https://www.jobstreet.co.id/job/77793805
26-Jul-24 10:23;Product Analyst;PT Solusi Pembayaran Elektronik;Tangerang;Full time;https://www.jobstreet.co.id/job/77616060
02-Aug-24 03:32;Software Lead Engineer;PT. Permata Azzuri Sehat;South Jakarta;Contract/Temp;https://www.jobstreet.co.id/job/77802857
01-Aug-24 11:18;Dies Manufacturing Development Engineer;PT Astra Honda Motor (Head Office);Jakarta;Full time;https://www.jobstreet.co.id/job/77790147
30-Jul-24 06:52;Division Head Data Science ( PT ABM Investama Tbk);PT Cipta Kridatama;South Jakarta;Full time;https://www.jobstreet.co.id/job/77706637
02-Aug-24 00:30;Software Engineer;PT Trinusa Travelindo;Jakarta;Full time;https://www.jobstreet.co.id/job/77802166
02-Aug-24 00:30;Software Engineer;PT Trinusa Travelindo;Jakarta;Full time;https://www.jobstreet.co.id/job/77802091
01-Aug-24 04:54;IT System Engineer;PT. Berca Hardayaperkasa;Central Jakarta;Contract/Temp;https://www.jobstreet.co.id/job/77776262
02-Aug-24 04:22;Frontend Engineer (Flutter);PT Nomura Research Institute Indonesia;Central Jakarta;Contract/Temp;https://www.jobstreet.co.id/job/77804912
31-Jul-24 02:14;Junior IT Security Engineer - Manufacture - Batam (A-109424);RGF HR Agent Indonesia;Batam;Full time;https://www.jobstreet.co.id/job/77735686
01-Aug-24 00:30;Backend Software Engineer (Accommodation);PT Trinusa Travelindo;Jakarta;Full time;https://www.jobstreet.co.id/job/77775371
29-Jul-24 04:59;IT Security Engineer;PT. Lintas Teknologi Indonesia;Jakarta;Full time;https://www.jobstreet.co.id/job/77645185
31-Jul-24 04:58;Senior .NET Engineer with AWS Knowledge;PT CreateIT Solution Indonesia;Tangerang;Contract/Temp;https://www.jobstreet.co.id/job/77741875
29-Jul-24 01:30;Software Engineer - Full Stack;Yayasan Kesehatan Pertamina;Jakarta;Full time;https://www.jobstreet.co.id/job/77637654
01-Aug-24 11:43;Senior Backend Engineer - Lending;PT Kredit Pintar Indonesia;South Jakarta;Full time;https://www.jobstreet.co.id/job/77788300
29-Jul-24 11:05;QA Engineer;PT. Trimegah Sekuritas Indonesia, Tbk;South Jakarta;Full time;https://www.jobstreet.co.id/job/77659792
26-Jul-24 06:51;Software Engineer;PT Inti Everspring Indonesia (Jakarta branch);Serang;Full time;https://www.jobstreet.co.id/job/77606690
26-Jul-24 09:09;IT Infastructure & Support Engineer;AEON Credit Service Indonesia;Jakarta;Full time;https://www.jobstreet.co.id/job/77610653
30-Jul-24 17:13;Software Engineer, Backend - Lending;PT Solusi Transportasi Indonesia;Jakarta;Full time;https://www.jobstreet.co.id/job/77728446
01-Aug-24 19:13;Senior Software Engineer, Fullstack - Lending;PT Solusi Transportasi Indonesia;Jakarta;Full time;https://www.jobstreet.co.id/job/77793744
30-Jul-24 17:13;Lead Software Engineer, Backend - Lending;PT Solusi Transportasi Indonesia;Jakarta;Full time;https://www.jobstreet.co.id/job/77728438
01-Aug-24 06:43;Senior Software Engineer, Backend - Business Platform;PT Solusi Transportasi Indonesia;Jakarta;Full time;https://www.jobstreet.co.id/job/77787552
30-Jul-24 00:00;Business System Analyst;PT Trinusa Travelindo;Jakarta;Full time;https://www.jobstreet.co.id/job/77675359
31-Jul-24 05:45;Software Engineer, Backend - Transaction Platform;PT Solusi Transportasi Indonesia;Jakarta;Full time;https://www.jobstreet.co.id/job/77751293
29-Jul-24 16:14;Software Engineer, Mobile (iOS) - Demand & Ads;PT Solusi Transportasi Indonesia;Jakarta;Full time;https://www.jobstreet.co.id/job/77663866
26-Jul-24 10:12;#10358 Software Engineer - Backend (Groceries);PT Aplikasi Karya Anak Bangsa (GO-JEK Indonesia);Jakarta;Full time;https://www.jobstreet.co.id/job/77617650
30-Jul-24 17:13;Senior Software Engineer Backend - Lending;PT Solusi Transportasi Indonesia;Jakarta;Full time;https://www.jobstreet.co.id/job/77728452
01-Aug-24 02:52;PROJECT MANAGEMENT OFFICE ASSISTANT (MANDARIN SPEAKER);PT ZTE Indonesia;South Jakarta;Contract/Temp;https://www.jobstreet.co.id/job/77770044
25-Jul-24 18:23;#10359 Software Engineer - Backend;PT Aplikasi Karya Anak Bangsa (GO-JEK Indonesia);Jakarta;Full time;https://www.jobstreet.co.id/job/77589505
29-Jul-24 03:37;IT Project Manager;PT Artha Solutions Indonesia;Jakarta;Contract/Temp;https://www.jobstreet.co.id/job/77642469
02-Aug-24 06:11;Power BI Developer;PT Rsystems Ibizcs International;North Jakarta;Contract/Temp;https://www.jobstreet.co.id/job/77808444
29-Jul-24 07:29;Oracle Developer;PT Avows Technologies;South Jakarta;Contract/Temp;https://www.jobstreet.co.id/job/77650148
25-Jul-24 18:25;Software Engineer - Logistic;PT Aplikasi Karya Anak Bangsa (GO-JEK Indonesia);Jakarta;Full time;https://www.jobstreet.co.id/job/77589483
01-Aug-24 03:10;Odoo Functional;PT. MITRA CAKRAWALA INTERNATIONAL;Jakarta;Full time;https://www.jobstreet.co.id/job/77770932
25-Jul-24 18:23;#10357 Senior Software Engineer - Go-food;PT Aplikasi Karya Anak Bangsa (GO-JEK Indonesia);Jakarta;Full time;https://www.jobstreet.co.id/job/77589540
29-Jul-24 06:22;IT Developer;PT Eka Mas Republik;Central Jakarta;Full time;https://www.jobstreet.co.id/job/77647617
26-Jul-24 03:33;Procurement Officer;PT Ciptajaya Sejahtera Abadi;Jakarta;Contract/Temp;https://www.jobstreet.co.id/job/77599692
31-Jul-24 09:15;IoT Lead;PT KOLTIVA;South Jakarta;Full time;https://www.jobstreet.co.id/job/77750530
31-Jul-24 01:13;Technical Consultant;PT. Metrodata Electronics, Tbk;West Jakarta;Contract/Temp;https://www.jobstreet.co.id/job/77733925
31-Jul-24 12:40;Manager of Customer Growth Planning and Operation;PT Aplikasi Karya Anak Bangsa (GO-JEK Indonesia);Jakarta;Full time;https://www.jobstreet.co.id/job/77757838
30-Jul-24 09:25;Junior Management Information System staff - Automation (A-109418);RGF HR Agent Indonesia;South Jakarta;Full time;https://www.jobstreet.co.id/job/77710995
30-Jul-24 04:18;IT Functional SAP PP;PT Sukanda Djaya;Bekasi;Full time;https://www.jobstreet.co.id/job/77686120
01-Aug-24 07:51;Anti Fraud Manager;PT Kredit Pintar Indonesia;South Jakarta;Full time;https://www.jobstreet.co.id/job/77782558
01-Aug-24 00:30;Product Manager - Transport;PT Trinusa Travelindo;Jakarta;Full time;https://www.jobstreet.co.id/job/77774792
31-Jul-24 00:00;Senior Product Analyst - Platform;PT Trinusa Travelindo;Jakarta;Full time;https://www.jobstreet.co.id/job/77739535
26-Jul-24 07:55;Backend Developer (IT Team Leader/Supervisor);Korea Trade Investment Promotion Agency;Tangerang Regency;Contract/Temp;https://www.jobstreet.co.id/job/77608464
01-Aug-24 13:11;Product Manager;PT Aplikasi Karya Anak Bangsa (GO-JEK Indonesia);Jakarta;Full time;https://www.jobstreet.co.id/job/77790154
29-Jul-24 07:39;IT Manager;PT Penta Valent;West Jakarta;Full time;https://www.jobstreet.co.id/job/77650539
02-Aug-24 05:41;Product Owner;VIA.com;Central Jakarta;Full time;https://www.jobstreet.co.id/job/77807208
26-Jul-24 06:49;Product Manager - Survey & Mapping;Halo Robotics;South Jakarta;Full time;https://www.jobstreet.co.id/job/77606618
31-Jul-24 00:00;Senior Associate Product Manager - Platform;PT Trinusa Travelindo;Jakarta;Full time;https://www.jobstreet.co.id/job/77739135
29-Jul-24 06:37;Project Manager;PT Digital Mediatama Maxima Tbk.;South Jakarta;Full time;https://www.jobstreet.co.id/job/77648271
31-Jul-24 00:00;Product Manager - Storefront;PT Trinusa Travelindo;Jakarta;Full time;https://www.jobstreet.co.id/job/77739256
31-Jul-24 00:00;Product Manager - Cross-Selling;PT Trinusa Travelindo;Jakarta;Full time;https://www.jobstreet.co.id/job/77738998
26-Jul-24 10:44;FULL STACK DEVELOPER;PT Digital Mediatama Maxima Tbk.;Central Jakarta;Full time;https://www.jobstreet.co.id/job/77616266
29-Jul-24 05:52;Risk Process Analyst;PT Simplefi Teknologi Indonesia (Jakarta);Jakarta;Full time;https://www.jobstreet.co.id/job/77646496
30-Jul-24 03:10;.NET FULL-STACK DEVELOPER;PT. GLOBAL EDGE TEKNOLOGI;North Jakarta;Full time;https://www.jobstreet.co.id/job/77619003
26-Jul-24 08:23;Frontend Developer (Angular);PT Ako Media Asia;West Jakarta;Full time;https://www.jobstreet.co.id/job/77609145
26-Jul-24 06:28;NoSQL Database Administrator;PT Rejeki Berkah Berlimpah Ruah;East Jakarta;Contract/Temp;https://www.jobstreet.co.id/job/77605292
31-Jul-24 00:00;Oracle Functional Analyst;PT Trinusa Travelindo;Jakarta;Full time;https://www.jobstreet.co.id/job/77738582
30-Jul-24 06:48;Graduate Analyst Program - Technology Strategy & Transformation - October intake;Deloitte;Jakarta;Full time;https://www.jobstreet.co.id/job/77710834
01-Aug-24 02:56;AI Enginer;PT. Rancang Persada;Surabaya;Full time;https://www.jobstreet.co.id/job/77780069
26-Jul-24 07:49;Data Management;AGRO BOGA UTAMA GROUP;South Jakarta;Full time;https://www.jobstreet.co.id/job/77608283
01-Aug-24 03:02;Al Specialist;PT. Rancang Persada;Surabaya;Full time;https://www.jobstreet.co.id/job/77780037
26-Jul-24 09:00;Senior Associate Oracle DBA;PT NTT Indonesia;Jakarta;Full time;https://www.jobstreet.co.id/job/77622010
26-Jul-24 04:40;Machine Learning Developer;PT Netmarks Indonesia;Jakarta;Full time;https://www.jobstreet.co.id/job/77606478
31-Jul-24 10:56;Security Operations Engineer;Modalku;Jakarta;Full time;https://www.jobstreet.co.id/job/77759629
26-Jul-24 04:40;Cloud Engineer;PT Netmarks Indonesia;North Jakarta;Full time;https://www.jobstreet.co.id/job/77606374
26-Jul-24 09:00;Associate DBA;PT NTT Indonesia;Jakarta;Full time;https://www.jobstreet.co.id/job/77621966
26-Jul-24 09:16;Credit Business Analyst - Experiments;Xendit;Jakarta;Full time;https://www.jobstreet.co.id/job/77617671
27-Jul-24 05:38;Digital Development Specialist  - ( World Bank | req28589 | GF );World Bank Group - International Finance Corporation;Jakarta;Full time;https://www.jobstreet.co.id/job/77626997
26-Jul-24 10:48;Computer Systems Analyst;American Embassy;Jakarta;Full time;https://www.jobstreet.co.id/job/77617747
30-Jul-24 01:45;Mobile Engineer (Kotlin) (WonderTech Solution);Dealls;Jakarta;Full time;https://www.jobstreet.co.id/job/77719654
29-Jul-24 10:13;Full Stack Software Engineer;Manulife and John Hancock;Jakarta;Full time;https://www.jobstreet.co.id/job/77662267
29-Jul-24 10:22;Full-stack Software Engineer;Manulife and John Hancock;Jakarta;Full time;https://www.jobstreet.co.id/job/77662242
29-Jul-24 01:01;IT Project Admin;PT Graha Karya Informasi;Jakarta;Contract/Temp;https://www.jobstreet.co.id/job/77649817
27-Jul-24 06:51;Full-Stack Developer;Whitesky Aviation;Jakarta;Full time;https://www.jobstreet.co.id/job/77631430
