listing_date;title;company;location;work_type;link
31-Jul-24 10:04;IT Database & Storage Technology Officer;PT CIMB Niaga Auto Finance;Tangerang;Full time;https://www.jobstreet.co.id/job/77752319
02-Aug-24 03:46;Database Administrator;PT Valuestream International;Bandung;Full time;https://www.jobstreet.co.id/job/77803667
31-Jul-24 06:25;Finance Database Administrator;PwC Indonesia;South Jakarta;Full time;https://www.jobstreet.co.id/job/77744563
02-Aug-24 06:12;Oracle Database Administrator;PT. Berca Hardayaperkasa;Jakarta;Contract/Temp;https://www.jobstreet.co.id/job/77808476
02-Aug-24 02:02;IT Database and Security Engineer;PT Inter Aneka Lestari Kimia;Tangerang;Full time;https://www.jobstreet.co.id/job/77799107
30-Jul-24 02:34;Database Administrator;PT Bank Sinarmas, Tbk;West Jakarta;Full time;https://www.jobstreet.co.id/job/77672254
01-Aug-24 09:06;IT Data Center Operation Executive;PT Niaga Nusa Abadi;East Jakarta;Full time;https://www.jobstreet.co.id/job/77783974
26-Jul-24 06:28;NoSQL Database Administrator;PT Rejeki Berkah Berlimpah Ruah;East Jakarta;Contract/Temp;https://www.jobstreet.co.id/job/77605292
02-Aug-24 02:02;ORACLE PROGRAMMER;PT Padang Golf Bukit sentul;Bogor;Full time;https://www.jobstreet.co.id/job/77799081
01-Aug-24 04:08;Alibaba Data Center-Operations Engineer;TITANICOM TECH LIMITED;Jakarta;Full time;https://www.jobstreet.co.id/job/77774091
31-Jul-24 06:39;HR Data Specialist;PT Finture Tech Indonesia;South Jakarta;Full time;https://www.jobstreet.co.id/job/77745687
31-Jul-24 08:56;Business Analyst Datawarehouse;PT Asta Protek Jiarsi;Tangerang;Full time;https://www.jobstreet.co.id/job/77749903
29-Jul-24 06:27;Senior Database Programmer/Storage Procedure;PT Cyberindo Aditama (CBN);South Jakarta;Full time;https://www.jobstreet.co.id/job/77647912
26-Jul-24 04:14;Database Engineer (Oracle Certified);PT Sisindokom Lintasbuana;Central Jakarta;Full time;https://www.jobstreet.co.id/job/77601234
31-Jul-24 07:41;Business Analyst PSAK71;PT Asta Protek Jiarsi;Tangerang;Full time;https://www.jobstreet.co.id/job/77748252
31-Jul-24 06:46;ASP Developer Jakarta;PT Galva Galindra Multi Cipta;Central Jakarta;Full time;https://www.jobstreet.co.id/job/77746357
31-Jul-24 06:20;Business Intelligence Lead;PT Royal Pesona Indonesia (Somethinc � Beautyhaul);West Jakarta;Full time;https://www.jobstreet.co.id/job/77744295
26-Jul-24 09:33;IT Application Support;PT Bank SBI Indonesia;Central Jakarta;Full time;https://www.jobstreet.co.id/job/77611636
29-Jul-24 07:29;Oracle Developer;PT Avows Technologies;South Jakarta;Contract/Temp;https://www.jobstreet.co.id/job/77650148
31-Jul-24 01:48;Warehouse Management System Administrator;Private Advertiser;Central Jakarta;Full time;https://www.jobstreet.co.id/job/77734904
01-Aug-24 04:24;Senior System Administrator;PT PERFORMA OPTIMA KOMPUTINDO;Surabaya;Full time;https://www.jobstreet.co.id/job/77774999
26-Jul-24 09:18;L2 - KASEYA Administrator;PT. Berca Hardayaperkasa;Central Jakarta;Contract/Temp;https://www.jobstreet.co.id/job/77610860
01-Aug-24 02:30;SAP Basis Consultant;PT. Metrodata Electronics, Tbk;West Jakarta;Full time;https://www.jobstreet.co.id/job/77769350
29-Jul-24 09:30;ERP Functional Consultant;POINTSTAR (PSGC);Jakarta;Full time;https://www.jobstreet.co.id/job/77654314
02-Aug-24 04:21;Data Engineer;PT Nomura Research Institute Indonesia;Jakarta;Contract/Temp;https://www.jobstreet.co.id/job/77804897
02-Aug-24 06:11;Power BI Developer;PT Rsystems Ibizcs International;North Jakarta;Contract/Temp;https://www.jobstreet.co.id/job/77808444
01-Aug-24 06:57;ERP Solutions Specialist (SAP B1);FKS Group;Central Jakarta;Full time;https://www.jobstreet.co.id/job/77781183
01-Aug-24 09:26;System Analyst;PT Caraka Komunika Indonesia;South Jakarta;Full time;https://www.jobstreet.co.id/job/77784860
26-Jul-24 09:53;Implementer Support;PT Autojaya Idetech;Jakarta;Full time;https://www.jobstreet.co.id/job/77614154
01-Aug-24 13:59;Data Analyst Supervisor;PT. Maju Makmur Group (MMG);Biak Numfor;Full time;https://www.jobstreet.co.id/job/77789593
01-Aug-24 08:21;System Analyst;Yayasan Bina Nusantara;West Jakarta;Full time;https://www.jobstreet.co.id/job/77783196
01-Aug-24 10:23;IT Programmer;PT Sarana Sukses Mandiritama;Tangerang;Contract/Temp;https://www.jobstreet.co.id/job/77769587
01-Aug-24 07:55;IT Application & SAP Support;Erajaya Group;West Jakarta;Full time;https://www.jobstreet.co.id/job/77782640
02-Aug-24 04:47;System Engineer;PT Gaweku Human Technology (Gaweku);Semarang;Full time;https://www.jobstreet.co.id/job/77805693
02-Aug-24 04:24;Business System Analyst;PT Kamoro Maxima Integra;West Jakarta;Full time;https://www.jobstreet.co.id/job/77804961
01-Aug-24 03:57;Oracle Technical Consultant Jr. Manager;PT Bina Karya Prima;North Jakarta;Full time;https://www.jobstreet.co.id/job/77773434
31-Jul-24 09:59;MIS Portofolio Reporting Specialist;PT CIMB Niaga Auto Finance;Tangerang;Full time;https://www.jobstreet.co.id/job/77752108
01-Aug-24 03:43;Oracle Functional Consultant Specialist;PT Bina Karya Prima;North Jakarta;Full time;https://www.jobstreet.co.id/job/77772852
01-Aug-24 02:26;Evaluation Database Specialist;Private Advertiser;East Kalimantan;Contract/Temp;https://www.jobstreet.co.id/job/77769210
31-Jul-24 12:10;MIS & Data Analytics Supervisor;PT Bank Nationalnobu Tbk;Central Jakarta;Full time;https://www.jobstreet.co.id/job/77754124
01-Aug-24 03:10;Odoo Functional;PT. MITRA CAKRAWALA INTERNATIONAL;Jakarta;Full time;https://www.jobstreet.co.id/job/77770932
01-Aug-24 03:49;IT Staff;PT Sunchirin Industries Indonesia;Karawang;Full time;https://www.jobstreet.co.id/job/77772295
01-Aug-24 04:36;Application Support Engineer (JBoss/Apache Tomcat, Web Server);PT Infinitium Solutions;Central Jakarta;Full time;https://www.jobstreet.co.id/job/77775788
01-Aug-24 06:13;Business Intelligence Developer;PT. Berca Hardayaperkasa;Central Jakarta;Full time;https://www.jobstreet.co.id/job/77778735
31-Jul-24 07:39;ICDC - Experience Analyst - Outsystem Developer - [Jakarta - ID];Deloitte;Jakarta;Full time;https://www.jobstreet.co.id/job/77751248
31-Jul-24 06:37;Data Analyst - Associate;PwC Indonesia;South Jakarta;Full time;https://www.jobstreet.co.id/job/77745603
31-Jul-24 08:39;IT Software Developer (Odoo);PT Lyman Investindo;Jakarta;Full time;https://www.jobstreet.co.id/job/77749302
01-Aug-24 02:09;IT PM Business Analyst;PT Insura Media Solusi (Jakarta);Jakarta;Full time;https://www.jobstreet.co.id/job/77768652
31-Jul-24 04:08;ICT Administration Staff;PT Maybank Indonesia Finance;Jakarta;Contract/Temp;https://www.jobstreet.co.id/job/77740484
31-Jul-24 05:14;Data Lead;Klinik Pintar;South Jakarta;Full time;https://www.jobstreet.co.id/job/77742262
30-Jul-24 09:25;Junior Management Information System staff - Automation (A-109418);RGF HR Agent Indonesia;South Jakarta;Full time;https://www.jobstreet.co.id/job/77710995
30-Jul-24 08:02;IT Staff Oil and Gas;PT TRUELOGS GEO ENERGI..;Bekasi;Full time;https://www.jobstreet.co.id/job/77708420
30-Jul-24 09:42;IT System Administrator Staff;Boga Group;Tangerang;Full time;https://www.jobstreet.co.id/job/77711762
31-Jul-24 00:00;Oracle Functional Analyst;PT Trinusa Travelindo;Jakarta;Full time;https://www.jobstreet.co.id/job/77738582
31-Jul-24 02:34;Staff IT API Specialist;PT Satria Antaran Prima Tbk.;Jakarta;Contract/Temp;https://www.jobstreet.co.id/job/77736346
30-Jul-24 09:21;Junior IT Staff (Infrastructure) - Automation (A-109416);RGF HR Agent Indonesia;South Jakarta;Full time;https://www.jobstreet.co.id/job/77710383
29-Jul-24 11:36;System Dev & Infrastructure Officer - Bintaro;PT CIMB Niaga Tbk;South Tangerang;Full time;https://www.jobstreet.co.id/job/77659967
29-Jul-24 06:26;Data Governance;PT ZURICH ASURANSI INDONESIA, Tbk;Jakarta;Full time;https://www.jobstreet.co.id/job/77647769
31-Jul-24 00:00;Data Analyst;PT Trinusa Travelindo;Jakarta;Full time;https://www.jobstreet.co.id/job/77738507
29-Jul-24 10:29;Application Support;PT Kreatif Global Primasolusindo;North Jakarta;Contract/Temp;https://www.jobstreet.co.id/job/77659473
29-Jul-24 08:30;IT STAFF;PT Perdana Jatiputra;Central Jakarta;Full time;https://www.jobstreet.co.id/job/77651715
29-Jul-24 06:57;Data Analist;PT Maju Mapan Mangan;Central Jakarta;Full time;https://www.jobstreet.co.id/job/77648939
30-Jul-24 02:04;IT Application Support Engineer;PT Plaza Auto Prima;Jakarta;Full time;https://www.jobstreet.co.id/job/77671275
29-Jul-24 07:39;IT Manager;PT Penta Valent;West Jakarta;Full time;https://www.jobstreet.co.id/job/77650539
30-Jul-24 03:33;IT SOFTWARE;PT Woodone Integra Indonesia;Sidoarjo;Full time;https://www.jobstreet.co.id/job/77674948
29-Jul-24 03:24;Big Data Engineer;PT Data Labs Analytics;Central Jakarta;Full time;https://www.jobstreet.co.id/job/77641844
30-Jul-24 00:00;Business System Analyst;PT Trinusa Travelindo;Jakarta;Full time;https://www.jobstreet.co.id/job/77675359
29-Jul-24 01:38;Oracle Technical Consultant and Support Analyst;Hand International Pte. Ltd.;Central Jakarta;Full time;https://www.jobstreet.co.id/job/77638220
29-Jul-24 03:37;Data Analyst;PT Sinar Jernih Suksesindo;South Tangerang;Contract/Temp;https://www.jobstreet.co.id/job/77642482
29-Jul-24 04:39;System Engineer;PT Mitra Infosarana;South Jakarta;Full time;https://www.jobstreet.co.id/job/77644613
29-Jul-24 04:40;System Analis;CITANUSA GROUP;North Jakarta;Contract/Temp;https://www.jobstreet.co.id/job/77644636
29-Jul-24 03:49;IT Business Analyst (Banking Background);PT. Wide Technologies Indonesia;South Jakarta;Full time;https://www.jobstreet.co.id/job/77643015
26-Jul-24 09:17;ERP STAFF;PT JINJIA NGP INDONESIA;Batam;Full time;https://www.jobstreet.co.id/job/77610839
26-Jul-24 09:50;Data Engineer;PT Kamoro Maxima Integra;South Jakarta;Full time;https://www.jobstreet.co.id/job/77613808
26-Jul-24 09:09;IT Infastructure & Support Engineer;AEON Credit Service Indonesia;Jakarta;Full time;https://www.jobstreet.co.id/job/77610653
26-Jul-24 07:29;System Analyst Supervisor;PT Tunas Ridean;South Jakarta;Full time;https://www.jobstreet.co.id/job/77607748
