listing_date;title;company;location;work_type;link
29-Jul-24 07:42;IT Risk Consultant (IT Governance, Risk, Compliance);PT Equine Global;Jakarta;Full time;https://www.jobstreet.co.id/job/77650606
01-Aug-24 10:49;IT Governance Manager (Automotive Distribution);Private Advertiser;South Jakarta;Full time;https://www.jobstreet.co.id/job/77787985
01-Aug-24 06:01;Junior IT Consultant;PT. Vostra Internasional;Jakarta;Full time;https://www.jobstreet.co.id/job/77778338
31-Jul-24 05:59;IT RISK MANAGEMENT & COMPLIENCE;PT Karya Solusi Prima Sejahtera;Tangerang;Full time;https://www.jobstreet.co.id/job/77743574
26-Jul-24 10:40;IT Governance;PT Phincon;Jakarta;Contract/Temp;https://www.jobstreet.co.id/job/77616300
02-Aug-24 02:02;IT Database and Security Engineer;PT Inter Aneka Lestari Kimia;Tangerang;Full time;https://www.jobstreet.co.id/job/77799107
01-Aug-24 04:45;IT Cyber Security Manager;PT Mandala Multifinance, Tbk;Central Jakarta;Full time;https://www.jobstreet.co.id/job/77776017
01-Aug-24 09:52;Compliance Officer (Mandarin Speaker);PT ZTE Indonesia;South Jakarta;Full time;https://www.jobstreet.co.id/job/77785362
01-Aug-24 09:52;Technical Specialist - Compliance;PT Microsoft Indonesia;Jakarta;Full time;https://www.jobstreet.co.id/job/77793758
31-Jul-24 07:41;Business Analyst PSAK71;PT Asta Protek Jiarsi;Tangerang;Full time;https://www.jobstreet.co.id/job/77748252
02-Aug-24 03:07;Operational Technology Engineer;PT TDK ELECTRONICS INDONESIA;Batam;Full time;https://www.jobstreet.co.id/job/77801501
31-Jul-24 04:08;ICT Administration Staff;PT Maybank Indonesia Finance;Jakarta;Contract/Temp;https://www.jobstreet.co.id/job/77740484
31-Jul-24 10:04;IT Database & Storage Technology Officer;PT CIMB Niaga Auto Finance;Tangerang;Full time;https://www.jobstreet.co.id/job/77752319
31-Jul-24 07:32;IT Manager;PT Indovisual Presentatama;North Jakarta;Full time;https://www.jobstreet.co.id/job/77748027
30-Jul-24 09:49;IT Software Tester;Koperasi Jasa Bhakti BPJS Kesehatan;Jakarta;Contract/Temp;https://www.jobstreet.co.id/job/77711999
02-Aug-24 04:50;IT Officer;PT Surya Jalur Anugerah;Jakarta;Full time;https://www.jobstreet.co.id/job/77805774
31-Jul-24 00:00;Oracle Functional Analyst;PT Trinusa Travelindo;Jakarta;Full time;https://www.jobstreet.co.id/job/77738582
26-Jul-24 09:18;L2 - KASEYA Administrator;PT. Berca Hardayaperkasa;Central Jakarta;Contract/Temp;https://www.jobstreet.co.id/job/77610860
30-Jul-24 03:22;IT GRC Manager;PT Finture Tech Indonesia;South Jakarta;Full time;https://www.jobstreet.co.id/job/77674004
01-Aug-24 07:51;Anti Fraud Manager;PT Kredit Pintar Indonesia;South Jakarta;Full time;https://www.jobstreet.co.id/job/77782558
27-Jul-24 09:00;IT Infra Engineer;PT Xpert Teknologi Inovasi;South Jakarta;Full time;https://www.jobstreet.co.id/job/77626931
02-Aug-24 01:42;IT Support Specialist - ID;Deloitte Consulting SEA;Central Jakarta;Full time;https://www.jobstreet.co.id/job/77798434
01-Aug-24 10:48;Quality Assurance Analyst - Regional Bali-Nusa Tenggara;PT Amartha Mikro Fintek (Jakarta);Denpasar;Full time;https://www.jobstreet.co.id/job/77793713
01-Aug-24 08:34;IT Project Management Support Section Head;Yayasan Bina Nusantara;Jakarta;Full time;https://www.jobstreet.co.id/job/77783454
02-Aug-24 04:30;Compliance Officer;PT Talentvis Consulting Indonesia;West Jakarta;Full time;https://www.jobstreet.co.id/job/77805136
01-Aug-24 09:16;IT Administrator with AWS or GCP Experience;PT Atreus Global;Jakarta;Full time;https://www.jobstreet.co.id/job/77784681
26-Jul-24 02:00;IT Security Supervisor;PT. FWD Insurance Indonesia ( HO );South Jakarta;Full time;https://www.jobstreet.co.id/job/77596343
01-Aug-24 10:23;IT Project Analyst Lead;PT Ako Media Asia;West Jakarta;Contract/Temp;https://www.jobstreet.co.id/job/77787704
01-Aug-24 06:46;STAF IT INTERNAL;PT Anugrah Pratama Informatika;Surabaya;Full time;https://www.jobstreet.co.id/job/77780857
01-Aug-24 08:26;Risk Management Head;PT Asuransi Central Asia;West Jakarta;Full time;https://www.jobstreet.co.id/job/77783306
01-Aug-24 07:11;IT Tribe Leader;MSIG Life Insurance Indonesia Tbk;South Jakarta;Full time;https://www.jobstreet.co.id/job/77781582
01-Aug-24 11:15;HRIS Manager;Paramount Enterprise;Banten;Full time;https://www.jobstreet.co.id/job/77788161
02-Aug-24 02:19;Corporate & Commercial Credit Risk Reviewer;PT Bank JTrust Indonesia, Tbk;Central Jakarta;Full time;https://www.jobstreet.co.id/job/77799676
01-Aug-24 06:04;FCC Control Operations Analyst - Indonesia;Standard Chartered Bank;Jakarta;Full time;https://www.jobstreet.co.id/job/77778459
01-Aug-24 19:13;Senior QA Engineer;PT Solusi Transportasi Indonesia;Jakarta;Full time;https://www.jobstreet.co.id/job/77793805
31-Jul-24 08:02;IT Security staff - Rental - Karawang (A-109467);RGF HR Agent Indonesia;Karawang;Full time;https://www.jobstreet.co.id/job/77748757
01-Aug-24 03:44;IT Supervisor Network Manager Teknisi Komputer;Private Advertiser;Surabaya;Full time;https://www.jobstreet.co.id/job/77772828
01-Aug-24 10:30;IT Project Delivery;PT Asuransi Jiwa Manulife Indonesia (Dept PB Danamon);Jakarta;Full time;https://www.jobstreet.co.id/job/77796433
01-Aug-24 02:33;Asisten IT Manager;PT. K-LINK INDONESIA;South Jakarta;Full time;https://www.jobstreet.co.id/job/77769453
31-Jul-24 08:18;IT PMO Analyst XL Axiata;PT Multi Bangun Abadi;South Jakarta;Contract/Temp;https://www.jobstreet.co.id/job/77749089
31-Jul-24 07:52;IT Officer;PT Deli Group Indonesia;North Jakarta;Full time;https://www.jobstreet.co.id/job/77748129
01-Aug-24 03:49;IT Staff;PT Sunchirin Industries Indonesia;Karawang;Full time;https://www.jobstreet.co.id/job/77772295
31-Jul-24 06:37;IT Consultant;PT Lensung Technology Indonesia;West Jakarta;Full time;https://www.jobstreet.co.id/job/77651721
31-Jul-24 09:59;MIS Portofolio Reporting Specialist;PT CIMB Niaga Auto Finance;Tangerang;Full time;https://www.jobstreet.co.id/job/77752108
30-Jul-24 10:23;Senior Risk Managemnt;PT Sigma Cipta Caraka (Telkomsigma);Tangerang;Full time;https://www.jobstreet.co.id/job/77713323
30-Jul-24 07:30;SAP IT Consultant;PT Prima Sistem Terpadu;Jakarta;Contract/Temp;https://www.jobstreet.co.id/job/77707743
31-Jul-24 07:39;ICDC - Experience Analyst - Outsystem Developer - [Jakarta - ID];Deloitte;Jakarta;Full time;https://www.jobstreet.co.id/job/77751248
31-Jul-24 02:14;Junior IT Security Engineer - Manufacture - Batam (A-109424);RGF HR Agent Indonesia;Batam;Full time;https://www.jobstreet.co.id/job/77735686
30-Jul-24 08:02;IT Staff Oil and Gas;PT TRUELOGS GEO ENERGI..;Bekasi;Full time;https://www.jobstreet.co.id/job/77708420
30-Jul-24 09:42;IT System Administrator Staff;Boga Group;Tangerang;Full time;https://www.jobstreet.co.id/job/77711762
31-Jul-24 01:48;Warehouse Management System Administrator;Private Advertiser;Central Jakarta;Full time;https://www.jobstreet.co.id/job/77734904
30-Jul-24 10:40;System Security;PT Jatelindo Perkasa Abadi;South Jakarta;Contract/Temp;https://www.jobstreet.co.id/job/77715063
30-Jul-24 03:29;Credit Risk Analysis Manager;PT. Tianxing Cloud Supply Chain (Polibeli);Central Jakarta;Full time;https://www.jobstreet.co.id/job/77674760
29-Jul-24 07:59;Anti Fraud Specialist;PT Pembiayaan Digital Indonesia;South Jakarta;Contract/Temp;https://www.jobstreet.co.id/job/77651021
29-Jul-24 10:41;IT Project Analyst;PT Ako Media Asia;West Jakarta;Part time;https://www.jobstreet.co.id/job/77659603
30-Jul-24 06:48;Graduate Analyst Program - Technology Strategy & Transformation - October intake;Deloitte;Jakarta;Full time;https://www.jobstreet.co.id/job/77710834
29-Jul-24 09:47;IT Security Officer;PT. Interaktif Internasional;Surabaya;Full time;https://www.jobstreet.co.id/job/77656618
29-Jul-24 05:52;Risk Process Analyst;PT Simplefi Teknologi Indonesia (Jakarta);Jakarta;Full time;https://www.jobstreet.co.id/job/77646496
29-Jul-24 03:11;IT Project Manager;PT Bank Resona Perdania;Central Jakarta;Full time;https://www.jobstreet.co.id/job/77641480
29-Jul-24 03:37;IT Project Manager;PT Artha Solutions Indonesia;Jakarta;Contract/Temp;https://www.jobstreet.co.id/job/77642469
29-Jul-24 05:27;IT Team Lead dan Senior Developer;Private Advertiser;Bandung;Full time;https://www.jobstreet.co.id/job/77645359
29-Jul-24 18:14;Senior Manager - Technology Strategy & Transformation - ID;Deloitte;Jakarta;Full time;https://www.jobstreet.co.id/job/77664596
29-Jul-24 05:22;Information Technology Project Manager;PT Fata Organa Solusi;South Tangerang;Full time;https://www.jobstreet.co.id/job/77645724
29-Jul-24 04:49;Information Technology;PT Mas Silueta Indonesia;Semarang;Full time;https://www.jobstreet.co.id/job/77644888
29-Jul-24 02:55;IT Project Management Officer;PT Akulaku Silvrr Indonesia;Central Jakarta;Full time;https://www.jobstreet.co.id/job/77640752
29-Jul-24 04:59;IT Security Engineer;PT. Lintas Teknologi Indonesia;Jakarta;Full time;https://www.jobstreet.co.id/job/77645185
26-Jul-24 08:33;IT Supervisor;Private Advertiser;Jakarta;Full time;https://www.jobstreet.co.id/job/77609357
26-Jul-24 06:31;IT Process & Account Maintenance;PT Global Jet Cargo;North Jakarta;Full time;https://www.jobstreet.co.id/job/77605454
26-Jul-24 10:32;Compliance Officer;PT Mitsui Leasing Capital Indonesia;Jakarta;Full time;https://www.jobstreet.co.id/job/77616190
26-Jul-24 09:10;Risk Management Staff;PT ORIX Indonesia Finance;Central Jakarta;Full time;https://www.jobstreet.co.id/job/77610676
26-Jul-24 09:29;IT Staff;PT Jakarta International Hotels & Development Tbk (Holding);Jakarta;Full time;https://www.jobstreet.co.id/job/77611501
26-Jul-24 08:36;QA Engineer;PT WIK Far East Batam;Batam;Full time;https://www.jobstreet.co.id/job/77609407
26-Jul-24 09:33;IT Application Support;PT Bank SBI Indonesia;Central Jakarta;Full time;https://www.jobstreet.co.id/job/77611636
26-Jul-24 07:29;System Analyst Supervisor;PT Tunas Ridean;South Jakarta;Full time;https://www.jobstreet.co.id/job/77607748
26-Jul-24 04:48;Credit Risk Management Officer;PT Bank SBI Indonesia;Central Jakarta;Full time;https://www.jobstreet.co.id/job/77602156
26-Jul-24 02:58;Manager IT Infrastructure Operation;Indofood Group;South Jakarta;Full time;https://www.jobstreet.co.id/job/77598204
26-Jul-24 05:14;Senior Credit Manager - Corporate & Institutional Banking (CIB) - Indonesia;Standard Chartered Bank;Jakarta;Full time;https://www.jobstreet.co.id/job/77602786
26-Jul-24 01:41;Oracle Financial Consultant;Hand International Pte. Ltd.;Central Jakarta;Full time;https://www.jobstreet.co.id/job/77595651
26-Jul-24 02:57;IT Help desk/ Infrastructure Engineer - IT Consulting (A-109338);RGF HR Agent Indonesia;South Jakarta;Full time;https://www.jobstreet.co.id/job/77598164
26-Jul-24 03:09;Project Manager SAP;PT Jasa Teknologi Informasi IBM;Jakarta;Full time;https://www.jobstreet.co.id/job/77606578
01-Aug-24 19:40;Know Your Client Analyst;PT Citi Interiorindo;Jakarta;Full time;https://www.jobstreet.co.id/job/77793806
31-Jul-24 10:56;Security Operations Engineer;Modalku;Jakarta;Full time;https://www.jobstreet.co.id/job/77759629
01-Aug-24 05:30;Associate Managed Services Operations Specialist;PT NTT Indonesia;Jakarta;Full time;https://www.jobstreet.co.id/job/77790126
30-Jul-24 14:10;Security Operations Manager;British American Tobacco Indonesia;Malang;Full time;https://www.jobstreet.co.id/job/77724371
30-Jul-24 15:00;Corporate Finance Associate Manager;PT Fashion Eservices Indonesia;South Jakarta;Full time;https://www.jobstreet.co.id/job/77724389
30-Jul-24 04:50;Staf IT Project Management;PT Bank Resona Perdania;Jakarta;Full time;https://www.jobstreet.co.id/job/77710733
29-Jul-24 00:00;IT QA & Business Analyst Senior Manager (Real Estate Development);SabiKerja;Jakarta;Full time;https://www.jobstreet.co.id/job/77663938
29-Jul-24 04:00;Senior Managed Services Client Service Desk Agent;PT NTT Indonesia;Jakarta;Full time;https://www.jobstreet.co.id/job/77660569
28-Jul-24 04:29;Implementation Specialist;PT Bima Sakti Alterra;Denpasar;Full time;https://www.jobstreet.co.id/job/77631927
26-Jul-24 11:45;Compliance Lead - Financial Services;PT Fliptech Lentera Inspirasi Pertiwi;Jakarta;Full time;https://www.jobstreet.co.id/job/77619844
26-Jul-24 16:11;VP - ICG Indonesia Credit Officer - Hybrid;PT Citi Interiorindo;Jakarta;Full time;https://www.jobstreet.co.id/job/77620605
26-Jul-24 10:48;Computer Systems Analyst;American Embassy;Jakarta;Full time;https://www.jobstreet.co.id/job/77617747
27-Jul-24 05:38;Digital Development Specialist  - ( World Bank | req28589 | GF );World Bank Group - International Finance Corporation;Jakarta;Full time;https://www.jobstreet.co.id/job/77626997
26-Jul-24 09:16;Credit Business Analyst - Experiments;Xendit;Jakarta;Full time;https://www.jobstreet.co.id/job/77617671
26-Jul-24 00:56;SOX Compliance Specialist;PT Seah Precision Metal Indonesia;Jakarta;Full time;https://www.jobstreet.co.id/job/77599879
26-Jul-24 04:40;IT Consultant;PT Netmarks Indonesia;Jakarta;Full time;https://www.jobstreet.co.id/job/77606533
25-Jul-24 22:42;IT Vendor Performance Analyst;PT Hanjaya Mandala Sampoerna Tbk;Jakarta;Full time;https://www.jobstreet.co.id/job/77592095
01-Aug-24 11:09;Risk Controller;NES Fircroft;Jakarta;Full time;https://www.jobstreet.co.id/job/77790193
01-Aug-24 10:11;Information Security Policy Expert;Fasset;Jakarta;Full time;https://www.jobstreet.co.id/job/77790943
29-Jul-24 18:47;Principal Consultant, Enterprise Solutions, Platinion, SEA;Company Confidential;Jakarta;Full time;https://www.jobstreet.co.id/job/77664601
