listing_date;title;company;location;work_type;link
01-Aug-24 08:34;IT Project Management Support Section Head;Yayasan Bina Nusantara;Jakarta;Full time;https://www.jobstreet.co.id/job/77783454
02-Aug-24 03:35;Implementation and Functional Section Head;Karunia Prima Nastari (KPN CORP.);South Jakarta;Full time;https://www.jobstreet.co.id/job/77803157
31-Jul-24 07:32;IT Manager;PT Indovisual Presentatama;North Jakarta;Full time;https://www.jobstreet.co.id/job/77748027
02-Aug-24 01:42;IT Support Specialist - ID;Deloitte Consulting SEA;Central Jakarta;Full time;https://www.jobstreet.co.id/job/77798434
01-Aug-24 08:28;Head of Software Solutions;Yayasan Bina Nusantara;West Jakarta;Full time;https://www.jobstreet.co.id/job/77783332
01-Aug-24 10:49;IT Governance Manager (Automotive Distribution);Private Advertiser;South Jakarta;Full time;https://www.jobstreet.co.id/job/77787985
01-Aug-24 09:16;IT Administrator with AWS or GCP Experience;PT Atreus Global;Jakarta;Full time;https://www.jobstreet.co.id/job/77784681
31-Jul-24 14:08;IT Field Support Specialist (1-year contract);PT Pepsico Indonesia Foods And Beverages;South Jakarta;Contract/Temp;https://www.jobstreet.co.id/job/77757278
01-Aug-24 07:11;IT Tribe Leader;MSIG Life Insurance Indonesia Tbk;South Jakarta;Full time;https://www.jobstreet.co.id/job/77781582
30-Jul-24 03:22;IT GRC Manager;PT Finture Tech Indonesia;South Jakarta;Full time;https://www.jobstreet.co.id/job/77674004
30-Jul-24 06:52;Division Head Data Science ( PT ABM Investama Tbk);PT Cipta Kridatama;South Jakarta;Full time;https://www.jobstreet.co.id/job/77706637
29-Jul-24 18:14;Senior Manager - Technology Strategy & Transformation - ID;Deloitte;Jakarta;Full time;https://www.jobstreet.co.id/job/77664596
02-Aug-24 04:50;IT Officer;PT Surya Jalur Anugerah;Jakarta;Full time;https://www.jobstreet.co.id/job/77805774
26-Jul-24 08:28;Microsoft Dynamics 365 F&O Technical Manager;PT SAGLOBAL INDONESIA OPERATIONS;West Jakarta;Full time;https://www.jobstreet.co.id/job/77609248
30-Jul-24 07:30;SAP IT Consultant;PT Prima Sistem Terpadu;Jakarta;Contract/Temp;https://www.jobstreet.co.id/job/77707743
01-Aug-24 09:52;Technical Specialist - Compliance;PT Microsoft Indonesia;Jakarta;Full time;https://www.jobstreet.co.id/job/77793758
01-Aug-24 06:04;FCC Control Operations Analyst - Indonesia;Standard Chartered Bank;Jakarta;Full time;https://www.jobstreet.co.id/job/77778459
01-Aug-24 04:45;IT Cyber Security Manager;PT Mandala Multifinance, Tbk;Central Jakarta;Full time;https://www.jobstreet.co.id/job/77776017
01-Aug-24 07:55;IT Application & SAP Support;Erajaya Group;West Jakarta;Full time;https://www.jobstreet.co.id/job/77782640
31-Jul-24 06:37;IT Consultant;PT Lensung Technology Indonesia;West Jakarta;Full time;https://www.jobstreet.co.id/job/77651721
02-Aug-24 04:47;System Engineer;PT Gaweku Human Technology (Gaweku);Semarang;Full time;https://www.jobstreet.co.id/job/77805693
01-Aug-24 10:30;IT Project Delivery;PT Asuransi Jiwa Manulife Indonesia (Dept PB Danamon);Jakarta;Full time;https://www.jobstreet.co.id/job/77796433
29-Jul-24 03:11;IT Project Manager;PT Bank Resona Perdania;Central Jakarta;Full time;https://www.jobstreet.co.id/job/77641480
31-Jul-24 09:15;IoT Lead;PT KOLTIVA;South Jakarta;Full time;https://www.jobstreet.co.id/job/77750530
01-Aug-24 02:09;IT PM Business Analyst;PT Insura Media Solusi (Jakarta);Jakarta;Full time;https://www.jobstreet.co.id/job/77768652
31-Jul-24 07:39;ICDC - Experience Analyst - Outsystem Developer - [Jakarta - ID];Deloitte;Jakarta;Full time;https://www.jobstreet.co.id/job/77751248
31-Jul-24 10:01;MIS Acquisition Department Head;PT CIMB Niaga Auto Finance;Banten;Full time;https://www.jobstreet.co.id/job/77752175
30-Jul-24 08:10;IT Team Lead dan Senior Developer;PT Adhikari Inovasi Indonesia;Bandung;Full time;https://www.jobstreet.co.id/job/77708783
31-Jul-24 01:13;Technical Consultant;PT. Metrodata Electronics, Tbk;West Jakarta;Contract/Temp;https://www.jobstreet.co.id/job/77733925
01-Aug-24 06:01;Junior IT Consultant;PT. Vostra Internasional;Jakarta;Full time;https://www.jobstreet.co.id/job/77778338
29-Jul-24 05:40;Senior Consultant - SAP SD - ID;Deloitte;Jakarta;Full time;https://www.jobstreet.co.id/job/77652987
30-Jul-24 06:48;Graduate Analyst Program - Technology Strategy & Transformation - October intake;Deloitte;Jakarta;Full time;https://www.jobstreet.co.id/job/77710834
01-Aug-24 02:23;IT Infrastructure;PT Talentvis Consulting Indonesia;West Jakarta;Full time;https://www.jobstreet.co.id/job/77769112
31-Jul-24 04:17;Project Lead;Elite Asia;Jakarta;Full time;https://www.jobstreet.co.id/job/77740735
29-Jul-24 03:37;IT Project Manager;PT Artha Solutions Indonesia;Jakarta;Contract/Temp;https://www.jobstreet.co.id/job/77642469
29-Jul-24 10:41;IT Project Analyst;PT Ako Media Asia;West Jakarta;Part time;https://www.jobstreet.co.id/job/77659603
29-Jul-24 05:22;Information Technology Project Manager;PT Fata Organa Solusi;South Tangerang;Full time;https://www.jobstreet.co.id/job/77645724
29-Jul-24 07:39;IT Manager;PT Penta Valent;West Jakarta;Full time;https://www.jobstreet.co.id/job/77650539
31-Jul-24 05:14;Data Lead;Klinik Pintar;South Jakarta;Full time;https://www.jobstreet.co.id/job/77742262
29-Jul-24 05:27;IT Team Lead dan Senior Developer;Private Advertiser;Bandung;Full time;https://www.jobstreet.co.id/job/77645359
26-Jul-24 01:09;General Manager of Sales ( IT & Data Center);PT. HUBBRI TEKNOTAMA NUSANTARA;West Jakarta;Full time;https://www.jobstreet.co.id/job/77593585
26-Jul-24 10:40;IT Governance;PT Phincon;Jakarta;Contract/Temp;https://www.jobstreet.co.id/job/77616300
29-Jul-24 04:25;Presales Engineer;Cartrack;Jakarta;Full time;https://www.jobstreet.co.id/job/77644195
26-Jul-24 02:58;Manager IT Infrastructure Operation;Indofood Group;South Jakarta;Full time;https://www.jobstreet.co.id/job/77598204
26-Jul-24 03:42;Product Specialist (Cloud);PT. Metrodata Electronics, Tbk;West Jakarta;Full time;https://www.jobstreet.co.id/job/77600217
26-Jul-24 06:10;Project Delivery Manager;PT Artha Infotama (Jakarta);Central Jakarta;Full time;https://www.jobstreet.co.id/job/77596095
26-Jul-24 08:33;IT Supervisor;Private Advertiser;Jakarta;Full time;https://www.jobstreet.co.id/job/77609357
26-Jul-24 01:22;Technical Consultant ( DevOps );PT. Metrodata Electronics, Tbk;Jakarta;Full time;https://www.jobstreet.co.id/job/77594434
26-Jul-24 01:41;Oracle Financial Consultant;Hand International Pte. Ltd.;Central Jakarta;Full time;https://www.jobstreet.co.id/job/77595651
26-Jul-24 03:09;Project Manager SAP;PT Jasa Teknologi Informasi IBM;Jakarta;Full time;https://www.jobstreet.co.id/job/77606578
30-Jul-24 14:10;Security Operations Manager;British American Tobacco Indonesia;Malang;Full time;https://www.jobstreet.co.id/job/77724371
29-Jul-24 05:38;Head of Data Science - Visa Consulting & Analytics, Indonesia;Visasoft Ltd;Jakarta;Full time;https://www.jobstreet.co.id/job/77653325
01-Aug-24 05:30;Associate Managed Services Operations Specialist;PT NTT Indonesia;Jakarta;Full time;https://www.jobstreet.co.id/job/77790126
29-Jul-24 00:00;IT QA & Business Analyst Senior Manager (Real Estate Development);SabiKerja;Jakarta;Full time;https://www.jobstreet.co.id/job/77663938
26-Jul-24 10:48;Computer Systems Analyst;American Embassy;Jakarta;Full time;https://www.jobstreet.co.id/job/77617747
29-Jul-24 00:00;Technical Lead - IVR;Flintex Consulting Pte Ltd;Jakarta;Full time;https://www.jobstreet.co.id/job/77663834
29-Jul-24 07:09;Head of Multinational Corporates;PT BNP Paribas Investment Partners;Jakarta;Full time;https://www.jobstreet.co.id/job/77653092
27-Jul-24 00:33;Head of Security;Influx Services;Jakarta;Full time;https://www.jobstreet.co.id/job/77625571
26-Jul-24 04:40;IT Consultant;PT Netmarks Indonesia;Jakarta;Full time;https://www.jobstreet.co.id/job/77606533
25-Jul-24 22:42;IT Vendor Performance Analyst;PT Hanjaya Mandala Sampoerna Tbk;Jakarta;Full time;https://www.jobstreet.co.id/job/77592095
31-Jul-24 02:31;Head of Data Science � Visa Consulting & Analytics, Indonesia;Company Confidential;Jakarta;Full time;https://www.jobstreet.co.id/job/77746242
29-Jul-24 18:47;Principal Consultant, Enterprise Solutions, Platinion, SEA;Company Confidential;Jakarta;Full time;https://www.jobstreet.co.id/job/77664601
01-Aug-24 10:11;Information Security Policy Expert;Fasset;Jakarta;Full time;https://www.jobstreet.co.id/job/77790943
