listing_date;title;company;location;work_type;link
01-Aug-24 09:06;IT Data Center Operation Executive;PT Niaga Nusa Abadi;East Jakarta;Full time;https://www.jobstreet.co.id/job/77783974
30-Jul-24 09:30;IT Operations Intern;PT PEPPER SERVICES INDONESIA;South Jakarta;Part time;https://www.jobstreet.co.id/job/77711367
01-Aug-24 04:08;Alibaba Data Center-Operations Engineer;TITANICOM TECH LIMITED;Jakarta;Full time;https://www.jobstreet.co.id/job/77774091
27-Jul-24 09:00;IT Infra Engineer;PT Xpert Teknologi Inovasi;South Jakarta;Full time;https://www.jobstreet.co.id/job/77626931
30-Jul-24 05:52;IT � RECRUITMENT OPERATION SUPPORT;PT Solusi Digital Berkat;East Jakarta;Full time;https://www.jobstreet.co.id/job/77678371
30-Jul-24 09:21;Junior IT Staff (Infrastructure) - Automation (A-109416);RGF HR Agent Indonesia;South Jakarta;Full time;https://www.jobstreet.co.id/job/77710383
26-Jul-24 02:58;Manager IT Infrastructure Operation;Indofood Group;South Jakarta;Full time;https://www.jobstreet.co.id/job/77598204
29-Jul-24 09:49;IT Infrastructure;PT Hiba Utama;East Jakarta;Contract/Temp;https://www.jobstreet.co.id/job/77656897
29-Jul-24 07:39;IT Manager;PT Penta Valent;West Jakarta;Full time;https://www.jobstreet.co.id/job/77650539
29-Jul-24 04:52;Application Team Leader;PT Nssol Systems Indonesia;Central Jakarta;Full time;https://www.jobstreet.co.id/job/77644950
31-Jul-24 07:32;IT Manager;PT Indovisual Presentatama;North Jakarta;Full time;https://www.jobstreet.co.id/job/77748027
31-Jul-24 08:02;IT Security staff - Rental - Karawang (A-109467);RGF HR Agent Indonesia;Karawang;Full time;https://www.jobstreet.co.id/job/77748757
01-Aug-24 09:16;IT Administrator with AWS or GCP Experience;PT Atreus Global;Jakarta;Full time;https://www.jobstreet.co.id/job/77784681
01-Aug-24 04:54;IT System Engineer;PT. Berca Hardayaperkasa;Central Jakarta;Contract/Temp;https://www.jobstreet.co.id/job/77776262
01-Aug-24 11:15;HRIS Manager;Paramount Enterprise;Banten;Full time;https://www.jobstreet.co.id/job/77788161
02-Aug-24 01:42;IT Support Specialist - ID;Deloitte Consulting SEA;Central Jakarta;Full time;https://www.jobstreet.co.id/job/77798434
31-Jul-24 07:52;IT Officer;PT Deli Group Indonesia;North Jakarta;Full time;https://www.jobstreet.co.id/job/77748129
01-Aug-24 16:25;IT Business Analyst Enablement Specialist;PT Tunas Ridean;South Jakarta;Full time;https://www.jobstreet.co.id/job/77790651
30-Jul-24 03:22;IT GRC Manager;PT Finture Tech Indonesia;South Jakarta;Full time;https://www.jobstreet.co.id/job/77674004
26-Jul-24 02:57;IT Help desk/ Infrastructure Engineer - IT Consulting (A-109338);RGF HR Agent Indonesia;South Jakarta;Full time;https://www.jobstreet.co.id/job/77598164
01-Aug-24 09:44;IT Network Supervisor;PT Niaga Nusa Abadi;East Jakarta;Full time;https://www.jobstreet.co.id/job/77785164
26-Jul-24 09:53;Implementer Support;PT Autojaya Idetech;Jakarta;Full time;https://www.jobstreet.co.id/job/77614154
01-Aug-24 10:49;IT Governance Manager (Automotive Distribution);Private Advertiser;South Jakarta;Full time;https://www.jobstreet.co.id/job/77787985
26-Jul-24 08:28;Microsoft Dynamics 365 F&O Technical Manager;PT SAGLOBAL INDONESIA OPERATIONS;West Jakarta;Full time;https://www.jobstreet.co.id/job/77609248
29-Jul-24 04:59;IT Security Engineer;PT. Lintas Teknologi Indonesia;Jakarta;Full time;https://www.jobstreet.co.id/job/77645185
02-Aug-24 03:35;Supervisor IT;PT Airkon Pratama;East Kalimantan;Contract/Temp;https://www.jobstreet.co.id/job/77803148
31-Jul-24 10:07;IT Product Specialist (Mandarin Speaker);PT Global Jet Cargo;North Jakarta;Full time;https://www.jobstreet.co.id/job/77752437
01-Aug-24 07:44;System Engineer;PT Prima Integrasi Network;Jakarta;Full time;https://www.jobstreet.co.id/job/77782376
01-Aug-24 07:55;IT Application & SAP Support;Erajaya Group;West Jakarta;Full time;https://www.jobstreet.co.id/job/77782640
01-Aug-24 02:16;Junior IT Engineer Team (CODE: ITE);PT Uangel Indonesia;South Jakarta;Contract/Temp;https://www.jobstreet.co.id/job/77768894
01-Aug-24 04:11;Desktop Engineer;Teleperformance;Bali;Contract/Temp;https://www.jobstreet.co.id/job/77774261
01-Aug-24 04:14;Desktop Engineer;Teleperformance;Surakarta;Contract/Temp;https://www.jobstreet.co.id/job/77774393
02-Aug-24 04:50;IT Officer;PT Surya Jalur Anugerah;Jakarta;Full time;https://www.jobstreet.co.id/job/77805774
29-Jul-24 03:21;.Net Developer;PT XSIS MITRA UTAMA - Recruitment Center;South Jakarta;Full time;https://www.jobstreet.co.id/job/77641773
01-Aug-24 06:04;FCC Control Operations Analyst - Indonesia;Standard Chartered Bank;Jakarta;Full time;https://www.jobstreet.co.id/job/77778459
01-Aug-24 09:57;TikTok Operations Mandarin Speaker - ORAIMO (Gadget Accessories);PT Carlcare Service Ila;West Jakarta;Full time;https://www.jobstreet.co.id/job/77785883
02-Aug-24 01:47;Network Engineer;LightsUp Network Solution Sdn Bhd;South Jakarta;Full time;https://www.jobstreet.co.id/job/77798579
31-Jul-24 07:50;Operational Support;PT. Sapta Visi Dinamika;Surabaya;Full time;https://www.jobstreet.co.id/job/77748462
01-Aug-24 09:52;Technical Specialist - Compliance;PT Microsoft Indonesia;Jakarta;Full time;https://www.jobstreet.co.id/job/77793758
31-Jul-24 09:53;MANAGER IT;PT Teguh Murni Perdana;Tangerang;Full time;https://www.jobstreet.co.id/job/77751870
01-Aug-24 04:45;IT Cyber Security Manager;PT Mandala Multifinance, Tbk;Central Jakarta;Full time;https://www.jobstreet.co.id/job/77776017
02-Aug-24 03:07;Operational Technology Engineer;PT TDK ELECTRONICS INDONESIA;Batam;Full time;https://www.jobstreet.co.id/job/77801501
31-Jul-24 02:48;IT System Staff;PT DCI Indonesia, Tbk;Bekasi;Full time;https://www.jobstreet.co.id/job/77736642
31-Jul-24 00:00;Oracle Functional Analyst;PT Trinusa Travelindo;Jakarta;Full time;https://www.jobstreet.co.id/job/77738582
01-Aug-24 07:51;Anti Fraud Manager;PT Kredit Pintar Indonesia;South Jakarta;Full time;https://www.jobstreet.co.id/job/77782558
01-Aug-24 08:34;IT Project Management Support Section Head;Yayasan Bina Nusantara;Jakarta;Full time;https://www.jobstreet.co.id/job/77783454
26-Jul-24 01:43;Oracle SCM / MFG Consultant;Hand International Pte. Ltd.;Central Jakarta;Full time;https://www.jobstreet.co.id/job/77595712
01-Aug-24 09:35;IT Business Analyst;PT Harsana Eklinika Reforma;Jakarta;Full time;https://www.jobstreet.co.id/job/77785013
26-Jul-24 01:41;Oracle Financial Consultant;Hand International Pte. Ltd.;Central Jakarta;Full time;https://www.jobstreet.co.id/job/77595651
01-Aug-24 02:33;Asisten IT Manager;PT. K-LINK INDONESIA;South Jakarta;Full time;https://www.jobstreet.co.id/job/77769453
29-Jul-24 07:42;IT Risk Consultant (IT Governance, Risk, Compliance);PT Equine Global;Jakarta;Full time;https://www.jobstreet.co.id/job/77650606
01-Aug-24 06:01;Junior IT Consultant;PT. Vostra Internasional;Jakarta;Full time;https://www.jobstreet.co.id/job/77778338
01-Aug-24 03:44;IT Supervisor Network Manager Teknisi Komputer;Private Advertiser;Surabaya;Full time;https://www.jobstreet.co.id/job/77772828
29-Jul-24 10:41;IT Project Analyst;PT Ako Media Asia;West Jakarta;Part time;https://www.jobstreet.co.id/job/77659603
30-Jul-24 06:51;IT Officer;PT. BTR INDONESIA;Kendal Regency;Full time;https://www.jobstreet.co.id/job/77706583
29-Jul-24 03:37;IT Project Manager;PT Artha Solutions Indonesia;Jakarta;Contract/Temp;https://www.jobstreet.co.id/job/77642469
29-Jul-24 04:32;Enterprise Support Engineer (Cloud Engineer);PT Exabytes Network Indonesia;South Jakarta;Full time;https://www.jobstreet.co.id/job/77644413
26-Jul-24 08:33;IT Supervisor;Private Advertiser;Jakarta;Full time;https://www.jobstreet.co.id/job/77609357
29-Jul-24 03:11;IT Project Manager;PT Bank Resona Perdania;Central Jakarta;Full time;https://www.jobstreet.co.id/job/77641480
31-Jul-24 10:21;Project Manager;PT Ninety Nine Dotco;Jakarta;Contract/Temp;https://www.jobstreet.co.id/job/77754957
29-Jul-24 02:42;IT Helpdesk Support / Application Support;Soedarpo Informatika;West Jakarta;Full time;https://www.jobstreet.co.id/job/77640360
26-Jul-24 10:40;IT Governance;PT Phincon;Jakarta;Contract/Temp;https://www.jobstreet.co.id/job/77616300
26-Jul-24 09:09;IT Infastructure & Support Engineer;AEON Credit Service Indonesia;Jakarta;Full time;https://www.jobstreet.co.id/job/77610653
29-Jul-24 04:53;Network Administrator;PT Airfast Indonesia;Tangerang;Contract/Temp;https://www.jobstreet.co.id/job/77645005
30-Jul-24 02:52;IT Support Service Desk;PT. Berca Hardayaperkasa;South Sulawesi;Contract/Temp;https://www.jobstreet.co.id/job/77672825
29-Jul-24 04:25;Presales Engineer;Cartrack;Jakarta;Full time;https://www.jobstreet.co.id/job/77644195
26-Jul-24 09:29;IT Staff;PT Jakarta International Hotels & Development Tbk (Holding);Jakarta;Full time;https://www.jobstreet.co.id/job/77611501
29-Jul-24 04:39;System Engineer;PT Mitra Infosarana;South Jakarta;Full time;https://www.jobstreet.co.id/job/77644613
26-Jul-24 09:18;L2 - KASEYA Administrator;PT. Berca Hardayaperkasa;Central Jakarta;Contract/Temp;https://www.jobstreet.co.id/job/77610860
29-Jul-24 18:14;Senior Manager - Technology Strategy & Transformation - ID;Deloitte;Jakarta;Full time;https://www.jobstreet.co.id/job/77664596
26-Jul-24 06:31;IT Process & Account Maintenance;PT Global Jet Cargo;North Jakarta;Full time;https://www.jobstreet.co.id/job/77605454
