listing_date;title;company;location;work_type;link
31-Jul-24 08:18;IT PMO Analyst XL Axiata;PT Multi Bangun Abadi;South Jakarta;Contract/Temp;https://www.jobstreet.co.id/job/77749089
01-Aug-24 08:34;IT Project Management Support Section Head;Yayasan Bina Nusantara;Jakarta;Full time;https://www.jobstreet.co.id/job/77783454
01-Aug-24 10:30;IT Project Delivery;PT Asuransi Jiwa Manulife Indonesia (Dept PB Danamon);Jakarta;Full time;https://www.jobstreet.co.id/job/77796433
29-Jul-24 02:55;IT Project Management Officer;PT Akulaku Silvrr Indonesia;Central Jakarta;Full time;https://www.jobstreet.co.id/job/77640752
29-Jul-24 10:41;IT Project Analyst;PT Ako Media Asia;West Jakarta;Part time;https://www.jobstreet.co.id/job/77659603
26-Jul-24 01:42;Senior Project Management Officer;Private Advertiser;South Jakarta;Full time;https://www.jobstreet.co.id/job/77595636
01-Aug-24 10:23;IT Project Analyst Lead;PT Ako Media Asia;West Jakarta;Contract/Temp;https://www.jobstreet.co.id/job/77787704
01-Aug-24 02:09;IT PM Business Analyst;PT Insura Media Solusi (Jakarta);Jakarta;Full time;https://www.jobstreet.co.id/job/77768652
31-Jul-24 04:17;Project Lead;Elite Asia;Jakarta;Full time;https://www.jobstreet.co.id/job/77740735
02-Aug-24 03:35;Supervisor IT;PT Airkon Pratama;East Kalimantan;Contract/Temp;https://www.jobstreet.co.id/job/77803148
01-Aug-24 02:33;Asisten IT Manager;PT. K-LINK INDONESIA;South Jakarta;Full time;https://www.jobstreet.co.id/job/77769453
29-Jul-24 03:37;IT Project Manager;PT Artha Solutions Indonesia;Jakarta;Contract/Temp;https://www.jobstreet.co.id/job/77642469
01-Aug-24 07:11;IT Tribe Leader;MSIG Life Insurance Indonesia Tbk;South Jakarta;Full time;https://www.jobstreet.co.id/job/77781582
02-Aug-24 04:22;Scrum Master;PT Nomura Research Institute Indonesia;Jakarta;Contract/Temp;https://www.jobstreet.co.id/job/77804910
01-Aug-24 09:54;Business Analyst;PT Esha Parama Teknologi;Jakarta;Full time;https://www.jobstreet.co.id/job/77785543
29-Jul-24 07:42;IT Risk Consultant (IT Governance, Risk, Compliance);PT Equine Global;Jakarta;Full time;https://www.jobstreet.co.id/job/77650606
29-Jul-24 03:11;IT Project Manager;PT Bank Resona Perdania;Central Jakarta;Full time;https://www.jobstreet.co.id/job/77641480
26-Jul-24 06:10;Project Delivery Manager;PT Artha Infotama (Jakarta);Central Jakarta;Full time;https://www.jobstreet.co.id/job/77596095
26-Jul-24 10:40;IT Governance;PT Phincon;Jakarta;Contract/Temp;https://www.jobstreet.co.id/job/77616300
30-Jul-24 04:50;Staf IT Project Management;PT Bank Resona Perdania;Jakarta;Full time;https://www.jobstreet.co.id/job/77710733
29-Jul-24 01:01;IT Project Admin;PT Graha Karya Informasi;Jakarta;Contract/Temp;https://www.jobstreet.co.id/job/77649817
