listing_date;title;company;location;work_type;link
01-Aug-24 08:34;IT Project Management Support Section Head;Yayasan Bina Nusantara;Jakarta;Full time;https://www.jobstreet.co.id/job/77783454
01-Aug-24 08:28;Head of Software Solutions;Yayasan Bina Nusantara;West Jakarta;Full time;https://www.jobstreet.co.id/job/77783332
01-Aug-24 07:11;IT Tribe Leader;MSIG Life Insurance Indonesia Tbk;South Jakarta;Full time;https://www.jobstreet.co.id/job/77781582
02-Aug-24 03:35;Implementation and Functional Section Head;Karunia Prima Nastari (KPN CORP.);South Jakarta;Full time;https://www.jobstreet.co.id/job/77803157
31-Jul-24 07:32;IT Manager;PT Indovisual Presentatama;North Jakarta;Full time;https://www.jobstreet.co.id/job/77748027
01-Aug-24 10:30;IT Project Delivery;PT Asuransi Jiwa Manulife Indonesia (Dept PB Danamon);Jakarta;Full time;https://www.jobstreet.co.id/job/77796433
02-Aug-24 01:42;IT Support Specialist - ID;Deloitte Consulting SEA;Central Jakarta;Full time;https://www.jobstreet.co.id/job/77798434
01-Aug-24 09:16;IT Administrator with AWS or GCP Experience;PT Atreus Global;Jakarta;Full time;https://www.jobstreet.co.id/job/77784681
31-Jul-24 14:08;IT Field Support Specialist (1-year contract);PT Pepsico Indonesia Foods And Beverages;South Jakarta;Contract/Temp;https://www.jobstreet.co.id/job/77757278
01-Aug-24 08:25;Kepala Kantor Unit (MUFNET Head) Bangko;PT Mandiri Utama Finance;Merangin;Full time;https://www.jobstreet.co.id/job/77783272
02-Aug-24 04:50;IT Officer;PT Surya Jalur Anugerah;Jakarta;Full time;https://www.jobstreet.co.id/job/77805774
01-Aug-24 07:57;Kepala Kantor Unit (MUFNET Head) Area Jabar;PT Mandiri Utama Finance;West Java;Full time;https://www.jobstreet.co.id/job/77782671
31-Jul-24 04:52;Subject Matter Expert - Mechanic (Focke F550, F5, 552);British American Tobacco Indonesia;Malang;Full time;https://www.jobstreet.co.id/job/77741751
01-Aug-24 10:49;IT Governance Manager (Automotive Distribution);Private Advertiser;South Jakarta;Full time;https://www.jobstreet.co.id/job/77787985
01-Aug-24 09:52;Technical Specialist - Compliance;PT Microsoft Indonesia;Jakarta;Full time;https://www.jobstreet.co.id/job/77793758
01-Aug-24 08:23;Associate Technical Lead Specialist;Yayasan Bina Nusantara;West Jakarta;Full time;https://www.jobstreet.co.id/job/77783241
01-Aug-24 08:20;Kepala Kantor Unit (MUFNET Head) Area JATIM;PT Mandiri Utama Finance;East Java;Full time;https://www.jobstreet.co.id/job/77783187
02-Aug-24 03:35;Supervisor IT;PT Airkon Pratama;East Kalimantan;Contract/Temp;https://www.jobstreet.co.id/job/77803148
30-Jul-24 03:22;IT GRC Manager;PT Finture Tech Indonesia;South Jakarta;Full time;https://www.jobstreet.co.id/job/77674004
01-Aug-24 11:03;IT Product Delivery;MSIG Life Insurance Indonesia Tbk;South Jakarta;Full time;https://www.jobstreet.co.id/job/77788081
01-Aug-24 07:44;System Engineer;PT Prima Integrasi Network;Jakarta;Full time;https://www.jobstreet.co.id/job/77782376
01-Aug-24 10:23;IT Project Analyst Lead;PT Ako Media Asia;West Jakarta;Contract/Temp;https://www.jobstreet.co.id/job/77787704
01-Aug-24 11:15;HRIS Manager;Paramount Enterprise;Banten;Full time;https://www.jobstreet.co.id/job/77788161
02-Aug-24 04:47;System Engineer;PT Gaweku Human Technology (Gaweku);Semarang;Full time;https://www.jobstreet.co.id/job/77805693
29-Jul-24 01:44;ERP Implementation Consultant (Mandarin Speaker);PT Yonyou Network Indonesia;Jakarta;Full time;https://www.jobstreet.co.id/job/77638411
01-Aug-24 07:55;IT Application & SAP Support;Erajaya Group;West Jakarta;Full time;https://www.jobstreet.co.id/job/77782640
26-Jul-24 08:28;Microsoft Dynamics 365 F&O Technical Manager;PT SAGLOBAL INDONESIA OPERATIONS;West Jakarta;Full time;https://www.jobstreet.co.id/job/77609248
01-Aug-24 09:44;IT Network Supervisor;PT Niaga Nusa Abadi;East Jakarta;Full time;https://www.jobstreet.co.id/job/77785164
01-Aug-24 09:35;IT Business Analyst;PT Harsana Eklinika Reforma;Jakarta;Full time;https://www.jobstreet.co.id/job/77785013
26-Jul-24 02:00;IT Security Supervisor;PT. FWD Insurance Indonesia ( HO );South Jakarta;Full time;https://www.jobstreet.co.id/job/77596343
31-Jul-24 08:18;IT PMO Analyst XL Axiata;PT Multi Bangun Abadi;South Jakarta;Contract/Temp;https://www.jobstreet.co.id/job/77749089
01-Aug-24 04:45;IT Cyber Security Manager;PT Mandala Multifinance, Tbk;Central Jakarta;Full time;https://www.jobstreet.co.id/job/77776017
01-Aug-24 03:44;IT Supervisor Network Manager Teknisi Komputer;Private Advertiser;Surabaya;Full time;https://www.jobstreet.co.id/job/77772828
31-Jul-24 10:01;MIS Acquisition Department Head;PT CIMB Niaga Auto Finance;Banten;Full time;https://www.jobstreet.co.id/job/77752175
01-Aug-24 02:33;Asisten IT Manager;PT. K-LINK INDONESIA;South Jakarta;Full time;https://www.jobstreet.co.id/job/77769453
01-Aug-24 02:23;IT Infrastructure;PT Talentvis Consulting Indonesia;West Jakarta;Full time;https://www.jobstreet.co.id/job/77769112
31-Jul-24 06:37;IT Consultant;PT Lensung Technology Indonesia;West Jakarta;Full time;https://www.jobstreet.co.id/job/77651721
01-Aug-24 02:35;Key Account Manager (Telco/IT Background);PT NTT Global Data Centers Indonesia;Central Jakarta;Full time;https://www.jobstreet.co.id/job/77769525
01-Aug-24 06:04;FCC Control Operations Analyst - Indonesia;Standard Chartered Bank;Jakarta;Full time;https://www.jobstreet.co.id/job/77778459
01-Aug-24 02:09;IT PM Business Analyst;PT Insura Media Solusi (Jakarta);Jakarta;Full time;https://www.jobstreet.co.id/job/77768652
31-Jul-24 09:53;MANAGER IT;PT Teguh Murni Perdana;Tangerang;Full time;https://www.jobstreet.co.id/job/77751870
31-Jul-24 08:02;IT Security staff - Rental - Karawang (A-109467);RGF HR Agent Indonesia;Karawang;Full time;https://www.jobstreet.co.id/job/77748757
01-Aug-24 02:16;Junior IT Engineer Team (CODE: ITE);PT Uangel Indonesia;South Jakarta;Contract/Temp;https://www.jobstreet.co.id/job/77768894
31-Jul-24 10:07;IT Product Specialist (Mandarin Speaker);PT Global Jet Cargo;North Jakarta;Full time;https://www.jobstreet.co.id/job/77752437
01-Aug-24 06:01;Junior IT Consultant;PT. Vostra Internasional;Jakarta;Full time;https://www.jobstreet.co.id/job/77778338
01-Aug-24 02:14;IT CORE BANKING (FULL STACK DEVELOPER);PT. Bank KEB Hana Indonesia;Jakarta;Full time;https://www.jobstreet.co.id/job/77768815
01-Aug-24 02:30;SAP Basis Consultant;PT. Metrodata Electronics, Tbk;West Jakarta;Full time;https://www.jobstreet.co.id/job/77769350
31-Jul-24 07:52;IT Officer;PT Deli Group Indonesia;North Jakarta;Full time;https://www.jobstreet.co.id/job/77748129
31-Jul-24 10:21;Project Manager;PT Ninety Nine Dotco;Jakarta;Contract/Temp;https://www.jobstreet.co.id/job/77754957
30-Jul-24 08:10;IT Team Lead dan Senior Developer;PT Adhikari Inovasi Indonesia;Bandung;Full time;https://www.jobstreet.co.id/job/77708783
31-Jul-24 04:26;IT Product Specialist;PT Global Jet Express;North Jakarta;Contract/Temp;https://www.jobstreet.co.id/job/77741036
31-Jul-24 07:39;ICDC - Experience Analyst - Outsystem Developer - [Jakarta - ID];Deloitte;Jakarta;Full time;https://www.jobstreet.co.id/job/77751248
30-Jul-24 07:05;Technical Presales;PT Reycom Document Solusi;Central Jakarta;Full time;https://www.jobstreet.co.id/job/77707032
31-Jul-24 05:14;Data Lead;Klinik Pintar;South Jakarta;Full time;https://www.jobstreet.co.id/job/77742262
30-Jul-24 07:30;SAP IT Consultant;PT Prima Sistem Terpadu;Jakarta;Contract/Temp;https://www.jobstreet.co.id/job/77707743
31-Jul-24 02:38;IT Support Helpdesk;PT Talentvis Consulting Indonesia;West Jakarta;Full time;https://www.jobstreet.co.id/job/77736477
30-Jul-24 09:11;Project Manager;PT Mitra Transaksi Indonesia;Jakarta;Full time;https://www.jobstreet.co.id/job/77710202
30-Jul-24 06:52;Division Head Data Science ( PT ABM Investama Tbk);PT Cipta Kridatama;South Jakarta;Full time;https://www.jobstreet.co.id/job/77706637
31-Jul-24 04:09;Presales Support Assc.;PT. Metrodata Electronics, Tbk;West Jakarta;Full time;https://www.jobstreet.co.id/job/77746220
29-Jul-24 10:41;IT Project Analyst;PT Ako Media Asia;West Jakarta;Part time;https://www.jobstreet.co.id/job/77659603
29-Jul-24 09:49;IT Infrastructure;PT Hiba Utama;East Jakarta;Contract/Temp;https://www.jobstreet.co.id/job/77656897
29-Jul-24 07:39;IT Manager;PT Penta Valent;West Jakarta;Full time;https://www.jobstreet.co.id/job/77650539
29-Jul-24 18:14;Senior Manager - Technology Strategy & Transformation - ID;Deloitte;Jakarta;Full time;https://www.jobstreet.co.id/job/77664596
29-Jul-24 07:42;IT Risk Consultant (IT Governance, Risk, Compliance);PT Equine Global;Jakarta;Full time;https://www.jobstreet.co.id/job/77650606
30-Jul-24 04:18;IT Functional SAP PP;PT Sukanda Djaya;Bekasi;Full time;https://www.jobstreet.co.id/job/77686120
29-Jul-24 06:37;Project Manager;PT Digital Mediatama Maxima Tbk.;South Jakarta;Full time;https://www.jobstreet.co.id/job/77648271
29-Jul-24 05:27;IT Team Lead dan Senior Developer;Private Advertiser;Bandung;Full time;https://www.jobstreet.co.id/job/77645359
29-Jul-24 03:11;IT Project Manager;PT Bank Resona Perdania;Central Jakarta;Full time;https://www.jobstreet.co.id/job/77641480
29-Jul-24 03:37;IT Project Manager;PT Artha Solutions Indonesia;Jakarta;Contract/Temp;https://www.jobstreet.co.id/job/77642469
29-Jul-24 05:22;Information Technology Project Manager;PT Fata Organa Solusi;South Tangerang;Full time;https://www.jobstreet.co.id/job/77645724
29-Jul-24 02:45;Facility Manager;PT DCI Indonesia, Tbk;Bekasi Regency;Full time;https://www.jobstreet.co.id/job/77640443
26-Jul-24 08:33;IT Supervisor;Private Advertiser;Jakarta;Full time;https://www.jobstreet.co.id/job/77609357
26-Jul-24 09:29;IT Staff;PT Jakarta International Hotels & Development Tbk (Holding);Jakarta;Full time;https://www.jobstreet.co.id/job/77611501
26-Jul-24 09:09;IT Infastructure & Support Engineer;AEON Credit Service Indonesia;Jakarta;Full time;https://www.jobstreet.co.id/job/77610653
26-Jul-24 06:31;IT Process & Account Maintenance;PT Global Jet Cargo;North Jakarta;Full time;https://www.jobstreet.co.id/job/77605454
28-Jul-24 12:00;Product Support Assc.;PT. Metrodata Electronics, Tbk;West Jakarta;Full time;https://www.jobstreet.co.id/job/77649660
26-Jul-24 10:04;Manajer Departemen Produk;PT Ide Bangsa Mahardika;Malang;Full time;https://www.jobstreet.co.id/job/77615719
26-Jul-24 01:09;General Manager of Sales ( IT & Data Center);PT. HUBBRI TEKNOTAMA NUSANTARA;West Jakarta;Full time;https://www.jobstreet.co.id/job/77593585
26-Jul-24 02:58;Manager IT Infrastructure Operation;Indofood Group;South Jakarta;Full time;https://www.jobstreet.co.id/job/77598204
26-Jul-24 02:54;Senior SAP Basis;Indofood Group;South Jakarta;Full time;https://www.jobstreet.co.id/job/77598048
26-Jul-24 02:57;IT Help desk/ Infrastructure Engineer - IT Consulting (A-109338);RGF HR Agent Indonesia;South Jakarta;Full time;https://www.jobstreet.co.id/job/77598164
26-Jul-24 05:14;Senior Credit Manager - Corporate & Institutional Banking (CIB) - Indonesia;Standard Chartered Bank;Jakarta;Full time;https://www.jobstreet.co.id/job/77602786
26-Jul-24 06:10;Project Delivery Manager;PT Artha Infotama (Jakarta);Central Jakarta;Full time;https://www.jobstreet.co.id/job/77596095
26-Jul-24 03:42;Product Specialist (Cloud);PT. Metrodata Electronics, Tbk;West Jakarta;Full time;https://www.jobstreet.co.id/job/77600217
26-Jul-24 03:09;Project Manager SAP;PT Jasa Teknologi Informasi IBM;Jakarta;Full time;https://www.jobstreet.co.id/job/77606578
30-Jul-24 14:10;Security Operations Manager;British American Tobacco Indonesia;Malang;Full time;https://www.jobstreet.co.id/job/77724371
30-Jul-24 04:50;Staf IT Project Management;PT Bank Resona Perdania;Jakarta;Full time;https://www.jobstreet.co.id/job/77710733
29-Jul-24 07:09;Head of Multinational Corporates;PT BNP Paribas Investment Partners;Jakarta;Full time;https://www.jobstreet.co.id/job/77653092
29-Jul-24 00:00;IT QA & Business Analyst Senior Manager (Real Estate Development);SabiKerja;Jakarta;Full time;https://www.jobstreet.co.id/job/77663938
29-Jul-24 05:38;Head of Data Science - Visa Consulting & Analytics, Indonesia;Visasoft Ltd;Jakarta;Full time;https://www.jobstreet.co.id/job/77653325
29-Jul-24 04:00;Senior Managed Services Client Service Desk Agent;PT NTT Indonesia;Jakarta;Full time;https://www.jobstreet.co.id/job/77660569
29-Jul-24 00:00;Technical Lead - IVR;Flintex Consulting Pte Ltd;Jakarta;Full time;https://www.jobstreet.co.id/job/77663834
26-Jul-24 10:48;Computer Systems Analyst;American Embassy;Jakarta;Full time;https://www.jobstreet.co.id/job/77617747
27-Jul-24 00:33;Head of Security;Influx Services;Jakarta;Full time;https://www.jobstreet.co.id/job/77625571
27-Jul-24 05:38;Digital Development Specialist  - ( World Bank | req28589 | GF );World Bank Group - International Finance Corporation;Jakarta;Full time;https://www.jobstreet.co.id/job/77626997
26-Jul-24 04:40;IT Consultant;PT Netmarks Indonesia;Jakarta;Full time;https://www.jobstreet.co.id/job/77606533
25-Jul-24 22:42;IT Vendor Performance Analyst;PT Hanjaya Mandala Sampoerna Tbk;Jakarta;Full time;https://www.jobstreet.co.id/job/77592095
01-Aug-24 10:11;Information Security Policy Expert;Fasset;Jakarta;Full time;https://www.jobstreet.co.id/job/77790943
31-Jul-24 02:31;Head of Data Science � Visa Consulting & Analytics, Indonesia;Company Confidential;Jakarta;Full time;https://www.jobstreet.co.id/job/77746242
29-Jul-24 18:47;Principal Consultant, Enterprise Solutions, Platinion, SEA;Company Confidential;Jakarta;Full time;https://www.jobstreet.co.id/job/77664601
