listing_date;title;company;location;work_type;link
01-Aug-24 11:03;IT Product Delivery;MSIG Life Insurance Indonesia Tbk;South Jakarta;Full time;https://www.jobstreet.co.id/job/77788081
01-Aug-24 13:11;Product Manager;PT Aplikasi Karya Anak Bangsa (GO-JEK Indonesia);Jakarta;Full time;https://www.jobstreet.co.id/job/77790154
26-Jul-24 10:23;Product Analyst;PT Solusi Pembayaran Elektronik;Tangerang;Full time;https://www.jobstreet.co.id/job/77616060
02-Aug-24 04:21;Professional Product Owner;PT Nomura Research Institute Indonesia;Jakarta;Contract/Temp;https://www.jobstreet.co.id/job/77804896
01-Aug-24 03:24;Product Manager (Growth);PT. Fore Kopi Indonesia;Central Jakarta;Full time;https://www.jobstreet.co.id/job/77771607
01-Aug-24 07:05;Associate Product Owner;PT Lentera Bangsa Benderang;Central Jakarta;Contract/Temp;https://www.jobstreet.co.id/job/77781403
01-Aug-24 00:30;Product Manager - Transport;PT Trinusa Travelindo;Jakarta;Full time;https://www.jobstreet.co.id/job/77774792
30-Jul-24 09:32;Merchant Relationship Manager;PT Mitra Transaksi Indonesia;South Jakarta;Full time;https://www.jobstreet.co.id/job/77711436
02-Aug-24 05:41;Product Owner;VIA.com;Central Jakarta;Full time;https://www.jobstreet.co.id/job/77807208
01-Aug-24 07:39;Area Sales Manager;Private Advertiser;Bengkulu City;Full time;https://www.jobstreet.co.id/job/77782273
31-Jul-24 00:00;Product Manager - Storefront;PT Trinusa Travelindo;Jakarta;Full time;https://www.jobstreet.co.id/job/77739256
31-Jul-24 00:00;Senior Associate Product Manager - Platform;PT Trinusa Travelindo;Jakarta;Full time;https://www.jobstreet.co.id/job/77739135
02-Aug-24 04:22;Scrum Master;PT Nomura Research Institute Indonesia;Jakarta;Contract/Temp;https://www.jobstreet.co.id/job/77804910
31-Jul-24 00:00;Product Manager - Cross-Selling;PT Trinusa Travelindo;Jakarta;Full time;https://www.jobstreet.co.id/job/77738998
01-Aug-24 11:35;Senior Sales Manager;PT Kation Teknologi Indonesia;South Jakarta;Contract/Temp;https://www.jobstreet.co.id/job/77788242
29-Jul-24 06:37;Project Manager;PT Digital Mediatama Maxima Tbk.;South Jakarta;Full time;https://www.jobstreet.co.id/job/77648271
26-Jul-24 06:49;Product Manager - Survey & Mapping;Halo Robotics;South Jakarta;Full time;https://www.jobstreet.co.id/job/77606618
31-Jul-24 04:26;IT Product Specialist;PT Global Jet Express;North Jakarta;Contract/Temp;https://www.jobstreet.co.id/job/77741036
30-Jul-24 09:14;Financial Institutions Partnership;PT Mitra Transaksi Indonesia;Jakarta;Full time;https://www.jobstreet.co.id/job/77710255
29-Jul-24 03:37;IT Project Manager;PT Artha Solutions Indonesia;Jakarta;Contract/Temp;https://www.jobstreet.co.id/job/77642469
31-Jul-24 04:52;Subject Matter Expert - Mechanic (Focke F550, F5, 552);British American Tobacco Indonesia;Malang;Full time;https://www.jobstreet.co.id/job/77741751
30-Jul-24 03:22;IT GRC Manager;PT Finture Tech Indonesia;South Jakarta;Full time;https://www.jobstreet.co.id/job/77674004
31-Jul-24 10:21;Project Manager;PT Ninety Nine Dotco;Jakarta;Contract/Temp;https://www.jobstreet.co.id/job/77754957
26-Jul-24 08:28;Microsoft Dynamics 365 F&O Technical Manager;PT SAGLOBAL INDONESIA OPERATIONS;West Jakarta;Full time;https://www.jobstreet.co.id/job/77609248
26-Jul-24 10:47;Business Analyst Manager;PT. Mganik Grup Mitra Indonesia;Tangerang;Full time;https://www.jobstreet.co.id/job/77616366
31-Jul-24 12:40;Manager of Customer Growth Planning and Operation;PT Aplikasi Karya Anak Bangsa (GO-JEK Indonesia);Jakarta;Full time;https://www.jobstreet.co.id/job/77757838
31-Jul-24 06:53;Area Manager - SMEs Lending (Relationship Manager);PT Lunaria Annua Teknologi (KoinWorks);Lampung;Full time;https://www.jobstreet.co.id/job/77746820
29-Jul-24 05:22;Information Technology Project Manager;PT Fata Organa Solusi;South Tangerang;Full time;https://www.jobstreet.co.id/job/77645724
29-Jul-24 03:11;IT Project Manager;PT Bank Resona Perdania;Central Jakarta;Full time;https://www.jobstreet.co.id/job/77641480
26-Jul-24 03:42;Product Specialist (Cloud);PT. Metrodata Electronics, Tbk;West Jakarta;Full time;https://www.jobstreet.co.id/job/77600217
01-Aug-24 10:23;IT Project Analyst Lead;PT Ako Media Asia;West Jakarta;Contract/Temp;https://www.jobstreet.co.id/job/77787704
31-Jul-24 00:00;Senior Product Analyst - Platform;PT Trinusa Travelindo;Jakarta;Full time;https://www.jobstreet.co.id/job/77739535
01-Aug-24 08:28;Head of Software Solutions;Yayasan Bina Nusantara;West Jakarta;Full time;https://www.jobstreet.co.id/job/77783332
30-Jul-24 03:53;Relationship Manager Hajj & Funding;PT Bank Muamalat Indonesia, Tbk;Balikpapan;Full time;https://www.jobstreet.co.id/job/77678436
01-Aug-24 10:30;IT Project Delivery;PT Asuransi Jiwa Manulife Indonesia (Dept PB Danamon);Jakarta;Full time;https://www.jobstreet.co.id/job/77796433
01-Aug-24 04:24;Product Support and System Engineer;Private Advertiser;South Jakarta;Full time;https://www.jobstreet.co.id/job/77774986
01-Aug-24 09:54;Business Analyst;PT Esha Parama Teknologi;Jakarta;Full time;https://www.jobstreet.co.id/job/77785543
01-Aug-24 08:35;Business Analyst Manager;PT Tigaraksa Satria, Tbk;South Jakarta;Full time;https://www.jobstreet.co.id/job/77783469
01-Aug-24 10:49;IT Governance Manager (Automotive Distribution);Private Advertiser;South Jakarta;Full time;https://www.jobstreet.co.id/job/77787985
01-Aug-24 07:11;IT Tribe Leader;MSIG Life Insurance Indonesia Tbk;South Jakarta;Full time;https://www.jobstreet.co.id/job/77781582
31-Jul-24 08:29;Senior Relationship Manager Funding;PT. Dwi Inti Sari;Malang;Full time;https://www.jobstreet.co.id/job/77749311
29-Jul-24 08:16;Relationship Manager Partnership;PT Bank Amar Indonesia;South Jakarta;Contract/Temp;https://www.jobstreet.co.id/job/77651414
01-Aug-24 07:19;IT STRATEGIC PLANNING & INFORMATION;PT Pesta Pora Abadi;Malang;Full time;https://www.jobstreet.co.id/job/77781771
01-Aug-24 03:02;Relationship Manager Funding (Financial Consultant);PT Lunaria Annua Teknologi (KoinWorks);Surabaya;Full time;https://www.jobstreet.co.id/job/76255098
01-Aug-24 06:38;Relationship Manager - Medan;PT Lunaria Annua Teknologi (KoinWorks);Medan;Full time;https://www.jobstreet.co.id/job/77779971
29-Jul-24 07:44;Mortgage Collection Manager Jawa Timur;PT. BFI FINANCE INDONESIA, Tbk;Surabaya;Full time;https://www.jobstreet.co.id/job/77650689
01-Aug-24 08:34;IT Project Management Support Section Head;Yayasan Bina Nusantara;Jakarta;Full time;https://www.jobstreet.co.id/job/77783454
31-Jul-24 05:14;Data Lead;Klinik Pintar;South Jakarta;Full time;https://www.jobstreet.co.id/job/77742262
02-Aug-24 04:22;Microsoft 365 Specialist;PT Nomura Research Institute Indonesia;Central Jakarta;Contract/Temp;https://www.jobstreet.co.id/job/77804898
26-Jul-24 07:33;Relationship Manager;Fazz Financial;South Jakarta;Full time;https://www.jobstreet.co.id/job/77607857
31-Jul-24 10:07;IT Product Specialist (Mandarin Speaker);PT Global Jet Cargo;North Jakarta;Full time;https://www.jobstreet.co.id/job/77752437
26-Jul-24 04:29;Relationship Manager Hajj & Funding;PT Bank Muamalat Indonesia, Tbk;Jakarta;Full time;https://www.jobstreet.co.id/job/76859764
30-Jul-24 03:29;Credit Risk Analysis Manager;PT. Tianxing Cloud Supply Chain (Polibeli);Central Jakarta;Full time;https://www.jobstreet.co.id/job/77674760
01-Aug-24 03:57;Oracle Technical Consultant Jr. Manager;PT Bina Karya Prima;North Jakarta;Full time;https://www.jobstreet.co.id/job/77773434
29-Jul-24 08:20;Corporate Lending Manager (Jakarta);PT Simplefi Teknologi Indonesia (Jakarta);Jakarta;Full time;https://www.jobstreet.co.id/job/77651499
01-Aug-24 19:13;Senior QA Engineer;PT Solusi Transportasi Indonesia;Jakarta;Full time;https://www.jobstreet.co.id/job/77793805
01-Aug-24 02:09;IT PM Business Analyst;PT Insura Media Solusi (Jakarta);Jakarta;Full time;https://www.jobstreet.co.id/job/77768652
31-Jul-24 08:59;Service Center Operation Manager;PT. CANDRA BROADCAST MEDIANTARA;Jakarta;Full time;https://www.jobstreet.co.id/job/77750232
01-Aug-24 04:38;Senior Full Stack Programer;Sketsa House;Jakarta;Contract/Temp;https://www.jobstreet.co.id/job/77775847
01-Aug-24 02:33;Asisten IT Manager;PT. K-LINK INDONESIA;South Jakarta;Full time;https://www.jobstreet.co.id/job/77769453
01-Aug-24 16:25;IT Business Analyst Enablement Specialist;PT Tunas Ridean;South Jakarta;Full time;https://www.jobstreet.co.id/job/77790651
31-Jul-24 09:15;IoT Lead;PT KOLTIVA;South Jakarta;Full time;https://www.jobstreet.co.id/job/77750530
31-Jul-24 09:53;MANAGER IT;PT Teguh Murni Perdana;Tangerang;Full time;https://www.jobstreet.co.id/job/77751870
26-Jul-24 05:19;Credit Analyst, Corporate & Investment Banking - Indonesia;Standard Chartered Bank;Jakarta;Full time;https://www.jobstreet.co.id/job/77602896
31-Jul-24 10:01;MIS Acquisition Department Head;PT CIMB Niaga Auto Finance;Banten;Full time;https://www.jobstreet.co.id/job/77752175
30-Jul-24 07:35;Project Manager;PT Valortek Ratanika Utama;Jakarta;Full time;https://www.jobstreet.co.id/job/77707897
30-Jul-24 09:23;Branchless Banking User Interface Project Specialist;PT CIMB Niaga Tbk;South Jakarta;Full time;https://www.jobstreet.co.id/job/77710623
30-Jul-24 09:11;Project Manager;PT Mitra Transaksi Indonesia;Jakarta;Full time;https://www.jobstreet.co.id/job/77710202
30-Jul-24 08:10;IT Team Lead dan Senior Developer;PT Adhikari Inovasi Indonesia;Bandung;Full time;https://www.jobstreet.co.id/job/77708783
30-Jul-24 07:57;Subject Matter Expert;PT Ihsan Solusi Informatika (Bandung);Central Jakarta;Contract/Temp;https://www.jobstreet.co.id/job/77708450
31-Jul-24 04:17;Project Lead;Elite Asia;Jakarta;Full time;https://www.jobstreet.co.id/job/77740735
31-Jul-24 01:13;Technical Consultant;PT. Metrodata Electronics, Tbk;West Jakarta;Contract/Temp;https://www.jobstreet.co.id/job/77733925
31-Jul-24 03:47;Relationship Manager;PT Bank Capital Indonesia, Tbk;Jakarta;Full time;https://www.jobstreet.co.id/job/77739691
29-Jul-24 10:41;IT Project Analyst;PT Ako Media Asia;West Jakarta;Part time;https://www.jobstreet.co.id/job/77659603
29-Jul-24 08:14;Merchant Partnership;PT Media Indonusa (Jakarta);Central Jakarta;Full time;https://www.jobstreet.co.id/job/77651368
30-Jul-24 02:30;Relationship Manager SMEs (UMKM) Lending - Surabaya;PT Lunaria Annua Teknologi (KoinWorks);Surabaya;Full time;https://www.jobstreet.co.id/job/77672122
30-Jul-24 06:48;Graduate Analyst Program - Technology Strategy & Transformation - October intake;Deloitte;Jakarta;Full time;https://www.jobstreet.co.id/job/77710834
30-Jul-24 03:51;Corporate Development Manager (Corporate Finance);Halodoc;Jakarta;Full time;https://www.jobstreet.co.id/job/77678213
29-Jul-24 18:14;Senior Manager - Technology Strategy & Transformation - ID;Deloitte;Jakarta;Full time;https://www.jobstreet.co.id/job/77664596
29-Jul-24 04:28;Presales System and Product Specialist (HCI or Virtualization);PT Trinet Prima Solusi;Central Jakarta;Full time;https://www.jobstreet.co.id/job/77644254
29-Jul-24 03:27;PROJECT EXECUTIVE;PT Ceria Jusindo Nusantara;South Jakarta;Full time;https://www.jobstreet.co.id/job/77641928
29-Jul-24 05:27;IT Team Lead dan Senior Developer;Private Advertiser;Bandung;Full time;https://www.jobstreet.co.id/job/77645359
29-Jul-24 04:25;Presales Engineer;Cartrack;Jakarta;Full time;https://www.jobstreet.co.id/job/77644195
29-Jul-24 05:01;IT Business Analyst - Alam Sutera;PT Gogomedia Visindo;South Tangerang;Full time;https://www.jobstreet.co.id/job/77645244
29-Jul-24 02:55;IT Project Management Officer;PT Akulaku Silvrr Indonesia;Central Jakarta;Full time;https://www.jobstreet.co.id/job/77640752
26-Jul-24 10:04;Manajer Departemen Produk;PT Ide Bangsa Mahardika;Malang;Full time;https://www.jobstreet.co.id/job/77615719
26-Jul-24 10:23;National Service Manager;PT Setiawan Sedjati;Jakarta;Full time;https://www.jobstreet.co.id/job/77616029
26-Jul-24 07:46;Channel Account Manager;PT Usaha Trinitas Makmur;West Jakarta;Full time;https://www.jobstreet.co.id/job/77608163
27-Jul-24 03:40;Regional Supervisor (Chinese Speaker);Private Advertiser;Surabaya;Full time;https://www.jobstreet.co.id/job/77625363
26-Jul-24 06:10;Project Delivery Manager;PT Artha Infotama (Jakarta);Central Jakarta;Full time;https://www.jobstreet.co.id/job/77596095
26-Jul-24 01:42;Senior Project Management Officer;Private Advertiser;South Jakarta;Full time;https://www.jobstreet.co.id/job/77595636
28-Jul-24 12:00;Product Support Assc.;PT. Metrodata Electronics, Tbk;West Jakarta;Full time;https://www.jobstreet.co.id/job/77649660
26-Jul-24 05:14;Senior Credit Manager - Corporate & Institutional Banking (CIB) - Indonesia;Standard Chartered Bank;Jakarta;Full time;https://www.jobstreet.co.id/job/77602786
26-Jul-24 01:09;General Manager of Sales ( IT & Data Center);PT. HUBBRI TEKNOTAMA NUSANTARA;West Jakarta;Full time;https://www.jobstreet.co.id/job/77593585
26-Jul-24 03:09;Project Manager SAP;PT Jasa Teknologi Informasi IBM;Jakarta;Full time;https://www.jobstreet.co.id/job/77606578
25-Jul-24 18:25;Software Engineer - Logistic;PT Aplikasi Karya Anak Bangsa (GO-JEK Indonesia);Jakarta;Full time;https://www.jobstreet.co.id/job/77589483
30-Jul-24 18:21;Product Management (Clearing & Settlement) - Sea Labs;PT Seah Precision Metal Indonesia;Jakarta;Full time;https://www.jobstreet.co.id/job/77728440
29-Jul-24 00:00;Technical Lead - IVR;Flintex Consulting Pte Ltd;Jakarta;Full time;https://www.jobstreet.co.id/job/77663834
29-Jul-24 10:47;Product Designer Lead;PT Cerdas Digital Nusantara;Jakarta;Full time;https://www.jobstreet.co.id/job/77660689
30-Jul-24 12:00;Project Manager (Mekari Jojonomic);PT Mid Solusi Nusantara (MEKARI);Jakarta;Full time;https://www.jobstreet.co.id/job/77723015
