listing_date;title;company;location;work_type;link
30-Jul-24 09:49;IT Software Tester;Koperasi Jasa Bhakti BPJS Kesehatan;Jakarta;Contract/Temp;https://www.jobstreet.co.id/job/77711999
31-Jul-24 03:44;Quality Assurance;PT. Padepokan Tujuh Sembilan;Jakarta;Full time;https://www.jobstreet.co.id/job/77739477
31-Jul-24 02:22;Quality Assurance;PT Swadaya Karya Sentosa;East Jakarta;Full time;https://www.jobstreet.co.id/job/77735948
01-Aug-24 06:08;Quality Assurance [QA] and Testing for Web App Development;Blueondigo;North Jakarta;Full time;https://www.jobstreet.co.id/job/77778538
01-Aug-24 10:48;Quality Assurance Analyst - Regional Bali-Nusa Tenggara;PT Amartha Mikro Fintek (Jakarta);Denpasar;Full time;https://www.jobstreet.co.id/job/77793713
31-Jul-24 08:55;Software Quality Assurance Tester;Rolling Glory - Creative Digital Enabler;Bandung;Full time;https://www.jobstreet.co.id/job/77749865
31-Jul-24 04:46;Unity Software Developer for Simulation Training solutions;PT Revo Solusindo;West Jakarta;Contract/Temp;https://www.jobstreet.co.id/job/77741511
01-Aug-24 19:13;Senior QA Engineer;PT Solusi Transportasi Indonesia;Jakarta;Full time;https://www.jobstreet.co.id/job/77793805
26-Jul-24 08:03;Microsoft Dynamics 365 BC Functional Consultant;PT SAGLOBAL INDONESIA OPERATIONS;West Jakarta;Full time;https://www.jobstreet.co.id/job/77608661
02-Aug-24 04:21;Test Engineer;PT Nomura Research Institute Indonesia;Jakarta;Contract/Temp;https://www.jobstreet.co.id/job/77804879
31-Jul-24 10:53;Quality Assurance (QA) Software;PT Inovasi Adiwarna Raya;Surabaya;Full time;https://www.jobstreet.co.id/job/77753545
30-Jul-24 09:43;Bisnis Analis;Koperasi Jasa Bhakti BPJS Kesehatan;Central Jakarta;Contract/Temp;https://www.jobstreet.co.id/job/77711819
29-Jul-24 03:51;IT Quality Assurance (Testing);PT Lippo General Insurance Tbk;Tangerang;Full time;https://www.jobstreet.co.id/job/77643073
01-Aug-24 03:58;Quality Analyst;Teleperformance;Bali;Contract/Temp;https://www.jobstreet.co.id/job/77773625
29-Jul-24 04:52;Application Team Leader;PT Nssol Systems Indonesia;Central Jakarta;Full time;https://www.jobstreet.co.id/job/77644950
29-Jul-24 11:05;QA Engineer;PT. Trimegah Sekuritas Indonesia, Tbk;South Jakarta;Full time;https://www.jobstreet.co.id/job/77659792
26-Jul-24 10:04;Software Quality Assurance (QA) Engineer;PT Lintas Media Danawa;Jakarta;Full time;https://www.jobstreet.co.id/job/77615722
26-Jul-24 07:00;Software Tester;PT Carlcare Service Ila;West Jakarta;Full time;https://www.jobstreet.co.id/job/77606956
31-Jul-24 04:09;Process Improvement Officer;Danone Indonesia;East Jakarta;Contract/Temp;https://www.jobstreet.co.id/job/77740508
26-Jul-24 08:36;QA Engineer;PT WIK Far East Batam;Batam;Full time;https://www.jobstreet.co.id/job/77609407
30-Jul-24 07:59;Compliance;PT. Profindo Sekuritas Indonesia;South Jakarta;Full time;https://www.jobstreet.co.id/job/77708510
01-Aug-24 08:34;IT Project Management Support Section Head;Yayasan Bina Nusantara;Jakarta;Full time;https://www.jobstreet.co.id/job/77783454
02-Aug-24 05:41;Product Owner;VIA.com;Central Jakarta;Full time;https://www.jobstreet.co.id/job/77807208
02-Aug-24 02:50;Business Process Engineer;PT SMART,Tbk;South Jakarta;Full time;https://www.jobstreet.co.id/job/77800782
29-Jul-24 10:41;IT Project Analyst;PT Ako Media Asia;West Jakarta;Part time;https://www.jobstreet.co.id/job/77659603
02-Aug-24 00:30;Software Engineer;PT Trinusa Travelindo;Jakarta;Full time;https://www.jobstreet.co.id/job/77802091
01-Aug-24 10:23;IT Project Analyst Lead;PT Ako Media Asia;West Jakarta;Contract/Temp;https://www.jobstreet.co.id/job/77787704
01-Aug-24 10:30;IT Project Delivery;PT Asuransi Jiwa Manulife Indonesia (Dept PB Danamon);Jakarta;Full time;https://www.jobstreet.co.id/job/77796433
29-Jul-24 16:14;Software Engineer, Mobile (iOS) - Demand & Ads;PT Solusi Transportasi Indonesia;Jakarta;Full time;https://www.jobstreet.co.id/job/77663866
30-Jul-24 06:48;Graduate Analyst Program - Technology Strategy & Transformation - October intake;Deloitte;Jakarta;Full time;https://www.jobstreet.co.id/job/77710834
01-Aug-24 03:10;Odoo Functional;PT. MITRA CAKRAWALA INTERNATIONAL;Jakarta;Full time;https://www.jobstreet.co.id/job/77770932
01-Aug-24 11:18;Dies Manufacturing Development Engineer;PT Astra Honda Motor (Head Office);Jakarta;Full time;https://www.jobstreet.co.id/job/77790147
01-Aug-24 11:03;IT Product Delivery;MSIG Life Insurance Indonesia Tbk;South Jakarta;Full time;https://www.jobstreet.co.id/job/77788081
30-Jul-24 07:35;Project Manager;PT Valortek Ratanika Utama;Jakarta;Full time;https://www.jobstreet.co.id/job/77707897
02-Aug-24 04:22;Microsoft 365 Specialist;PT Nomura Research Institute Indonesia;Central Jakarta;Contract/Temp;https://www.jobstreet.co.id/job/77804898
02-Aug-24 03:07;Operational Technology Engineer;PT TDK ELECTRONICS INDONESIA;Batam;Full time;https://www.jobstreet.co.id/job/77801501
31-Jul-24 05:59;IT RISK MANAGEMENT & COMPLIENCE;PT Karya Solusi Prima Sejahtera;Tangerang;Full time;https://www.jobstreet.co.id/job/77743574
29-Jul-24 07:42;IT Risk Consultant (IT Governance, Risk, Compliance);PT Equine Global;Jakarta;Full time;https://www.jobstreet.co.id/job/77650606
26-Jul-24 01:38;System Test Engineer (Mandarin Chinese / Japanese Speaker);Hand International Pte. Ltd.;Jakarta;Full time;https://www.jobstreet.co.id/job/77595564
30-Jul-24 10:09;Software Developer - Strategic Prototype Development;PT Dian Swastatika Sentosa, Tbk;Central Jakarta;Full time;https://www.jobstreet.co.id/job/77712527
30-Jul-24 10:23;Senior Risk Managemnt;PT Sigma Cipta Caraka (Telkomsigma);Tangerang;Full time;https://www.jobstreet.co.id/job/77713323
29-Jul-24 09:17;IT Support;PT Phytochemindo Reksa;Bogor Regency;Full time;https://www.jobstreet.co.id/job/77652825
26-Jul-24 02:52;Supervisor Analytical Dev RD PT.Berlico Mulia Farma Member of Sido Muncul Group;PT Industri Jamu Dan Farmasi Sido Muncul, Tbk;Yogyakarta;Full time;https://www.jobstreet.co.id/job/77598012
29-Jul-24 03:37;IT Project Manager;PT Artha Solutions Indonesia;Jakarta;Contract/Temp;https://www.jobstreet.co.id/job/77642469
31-Jul-24 00:00;Oracle Functional Analyst;PT Trinusa Travelindo;Jakarta;Full time;https://www.jobstreet.co.id/job/77738582
26-Jul-24 10:40;IT Governance;PT Phincon;Jakarta;Contract/Temp;https://www.jobstreet.co.id/job/77616300
26-Jul-24 06:51;Software Engineer;PT Inti Everspring Indonesia (Jakarta branch);Serang;Full time;https://www.jobstreet.co.id/job/77606690
26-Jul-24 08:16;Standard Operating Procedure Supervisor;PT Bali Towerindo Sentra Tbk;Central Jakarta;Full time;https://www.jobstreet.co.id/job/77608684
26-Jul-24 09:10;Risk Management Staff;PT ORIX Indonesia Finance;Central Jakarta;Full time;https://www.jobstreet.co.id/job/77610676
25-Jul-24 18:25;Software Engineer - Logistic;PT Aplikasi Karya Anak Bangsa (GO-JEK Indonesia);Jakarta;Full time;https://www.jobstreet.co.id/job/77589483
26-Jul-24 11:49;Functional Consultant Analyst;PT. Metrodata Electronics, Tbk;West Jakarta;Full time;https://www.jobstreet.co.id/job/77619964
01-Aug-24 05:00;Quality Assurance Engineer;AMODA;Central Jakarta;Full time;https://www.jobstreet.co.id/job/77793781
30-Jul-24 12:00;QA Engineer I;PT Mid Solusi Nusantara (MEKARI);Jakarta;Full time;https://www.jobstreet.co.id/job/77723006
30-Jul-24 05:05;Feature Tester (S&R&A&C - Content) - Sea Labs;PT Seah Precision Metal Indonesia;Jakarta;Full time;https://www.jobstreet.co.id/job/77711000
26-Jul-24 00:56;SOX Compliance Specialist;PT Seah Precision Metal Indonesia;Jakarta;Full time;https://www.jobstreet.co.id/job/77599879
30-Jul-24 18:21;Product Management (Clearing & Settlement) - Sea Labs;PT Seah Precision Metal Indonesia;Jakarta;Full time;https://www.jobstreet.co.id/job/77728440
26-Jul-24 03:02;Website Developer - Wordpress;One Life Adventures;Badung;Full time;https://www.jobstreet.co.id/job/77598542
29-Jul-24 00:00;IT QA & Business Analyst Senior Manager (Real Estate Development);SabiKerja;Jakarta;Full time;https://www.jobstreet.co.id/job/77663938
30-Jul-24 08:01;Loan Processor;PT HEJAZ FINANCIAL SERVICES;South Jakarta;Full time;https://www.jobstreet.co.id/job/77708577
30-Jul-24 08:50;Quality Assurance;PT Cipta Daya Inovasi;Banjarmasin;Full time;https://www.jobstreet.co.id/job/77732786
31-Jul-24 10:43;Quality Assurance & Technical Writer (Intern);Juke Solutions;Jakarta;Full time;https://www.jobstreet.co.id/job/77775151
01-Aug-24 11:09;Risk Controller;NES Fircroft;Jakarta;Full time;https://www.jobstreet.co.id/job/77790193
29-Jul-24 18:47;Principal Consultant, Enterprise Solutions, Platinion, SEA;Company Confidential;Jakarta;Full time;https://www.jobstreet.co.id/job/77664601
31-Jul-24 10:57;Application Support (SQL, Query) - ASAP;PT. SIGMA GLOBAL TEKNOLOGI (SIGMATECH);Jakarta;Contract/Temp;https://www.jobstreet.co.id/job/77775179
01-Aug-24 11:05;Backend Java Developer - BANKING Company;PT. SIGMA GLOBAL TEKNOLOGI (SIGMATECH);Jakarta;Contract/Temp;https://www.jobstreet.co.id/job/77790932
