listing_date;title;company;location;work_type;link
02-Aug-24 00:30;Software Engineer;PT Trinusa Travelindo;Jakarta;Full time;https://www.jobstreet.co.id/job/77802166
26-Jul-24 05:46;Software Engineer;PT Infolog Solutions Indonesia;Jakarta;Full time;https://www.jobstreet.co.id/job/77603590
02-Aug-24 00:30;Software Engineer;PT Trinusa Travelindo;Jakarta;Full time;https://www.jobstreet.co.id/job/77802091
01-Aug-24 08:38;Software Engineer;Yayasan Bina Nusantara;West Jakarta;Full time;https://www.jobstreet.co.id/job/77783523
01-Aug-24 02:16;Junior Software Engineer (Fresh Graduate);PT Nusantara Duta Solusindo (NDS);Jakarta;Full time;https://www.jobstreet.co.id/job/77768891
31-Jul-24 09:17;Software Engineer;PT. Salam Pacific Indonesia Lines;Surabaya;Full time;https://www.jobstreet.co.id/job/77750591
01-Aug-24 00:30;Backend Software Engineer (Accommodation);PT Trinusa Travelindo;Jakarta;Full time;https://www.jobstreet.co.id/job/77775371
29-Jul-24 10:44;RPA Software Developer;PT Okron Global Data;Jakarta;Full time;https://www.jobstreet.co.id/job/77659602
31-Jul-24 05:45;Software Engineer, Backend - Transaction Platform;PT Solusi Transportasi Indonesia;Jakarta;Full time;https://www.jobstreet.co.id/job/77751293
31-Jul-24 04:46;Unity Software Developer for Simulation Training solutions;PT Revo Solusindo;West Jakarta;Contract/Temp;https://www.jobstreet.co.id/job/77741511
02-Aug-24 03:32;Software Lead Engineer;PT. Permata Azzuri Sehat;South Jakarta;Contract/Temp;https://www.jobstreet.co.id/job/77802857
01-Aug-24 07:19;FullStack Developer;PT Esha Parama Teknologi;Jakarta;Full time;https://www.jobstreet.co.id/job/77781737
01-Aug-24 06:43;Senior Software Engineer, Backend - Business Platform;PT Solusi Transportasi Indonesia;Jakarta;Full time;https://www.jobstreet.co.id/job/77787552
01-Aug-24 10:18;Java Programmer - Bandung;PT Dwidasa Samsara Indonesia;Bandung;Full time;https://www.jobstreet.co.id/job/77787580
01-Aug-24 19:13;Senior Software Engineer, Fullstack - Lending;PT Solusi Transportasi Indonesia;Jakarta;Full time;https://www.jobstreet.co.id/job/77793744
29-Jul-24 01:30;Software Engineer - Full Stack;Yayasan Kesehatan Pertamina;Jakarta;Full time;https://www.jobstreet.co.id/job/77637654
30-Jul-24 09:37;IT Programmer;Koperasi Jasa Bhakti BPJS Kesehatan;Central Jakarta;Contract/Temp;https://www.jobstreet.co.id/job/77711614
30-Jul-24 02:32;ICDC - Consultant - Outsystem Developer;Deloitte Consulting SEA;Jakarta;Full time;https://www.jobstreet.co.id/job/77672149
02-Aug-24 04:21;Backend Engineer (Node.js);PT Nomura Research Institute Indonesia;Jakarta;Contract/Temp;https://www.jobstreet.co.id/job/77804848
01-Aug-24 11:43;Senior Backend Engineer - Lending;PT Kredit Pintar Indonesia;South Jakarta;Full time;https://www.jobstreet.co.id/job/77788300
30-Jul-24 17:13;Software Engineer, Backend - Lending;PT Solusi Transportasi Indonesia;Jakarta;Full time;https://www.jobstreet.co.id/job/77728446
26-Jul-24 08:28;Microsoft Dynamics 365 F&O Technical Manager;PT SAGLOBAL INDONESIA OPERATIONS;West Jakarta;Full time;https://www.jobstreet.co.id/job/77609248
02-Aug-24 02:02;IT Database and Security Engineer;PT Inter Aneka Lestari Kimia;Tangerang;Full time;https://www.jobstreet.co.id/job/77799107
01-Aug-24 06:28;Senior Software Developer;Healthway Medical Group;Jakarta;Full time;https://www.jobstreet.co.id/job/77779303
30-Jul-24 17:13;Lead Software Engineer, Backend - Lending;PT Solusi Transportasi Indonesia;Jakarta;Full time;https://www.jobstreet.co.id/job/77728438
29-Jul-24 07:34;Programmer ASP.NET C#;PT SaasIndo;Jakarta;Full time;https://www.jobstreet.co.id/job/77650357
26-Jul-24 06:51;Software Engineer;PT Inti Everspring Indonesia (Jakarta branch);Serang;Full time;https://www.jobstreet.co.id/job/77606690
30-Jul-24 17:13;Senior Software Engineer Backend - Lending;PT Solusi Transportasi Indonesia;Jakarta;Full time;https://www.jobstreet.co.id/job/77728452
31-Jul-24 04:38;Full Stack Software Engineer - Ruby on Rails;Luce Maintenance Group;Jakarta;Full time;https://www.jobstreet.co.id/job/77741364
01-Aug-24 14:52;Junior Flutter Developer;PT Kode Gama Teknologi;South Jakarta;Full time;https://www.jobstreet.co.id/job/77789731
02-Aug-24 02:31;AVP Network Automation & AI/ML Architect;Indosat Ooredoo;Central Jakarta;Full time;https://www.jobstreet.co.id/job/77800068
01-Aug-24 10:28;Backend Developer (Java);Solusi Transforma Teknologi;South Jakarta;Full time;https://www.jobstreet.co.id/job/77787760
29-Jul-24 10:51;Part-time NodeJs Developer;Polyrific;Jakarta;Part time;https://www.jobstreet.co.id/job/77659634
30-Jul-24 10:09;Software Developer - Strategic Prototype Development;PT Dian Swastatika Sentosa, Tbk;Central Jakarta;Full time;https://www.jobstreet.co.id/job/77712527
29-Jul-24 04:52;Application Team Leader;PT Nssol Systems Indonesia;Central Jakarta;Full time;https://www.jobstreet.co.id/job/77644950
26-Jul-24 08:26;Software Engineer;PT SOD Technology Indonesia;Central Jakarta;Full time;https://www.jobstreet.co.id/job/77579773
30-Jul-24 08:04;C# Senior Software Developer;PT Fata Organa Solusi;South Tangerang;Full time;https://www.jobstreet.co.id/job/77708643
26-Jul-24 10:04;Software Quality Assurance (QA) Engineer;PT Lintas Media Danawa;Jakarta;Full time;https://www.jobstreet.co.id/job/77615722
30-Jul-24 03:22;IT GRC Manager;PT Finture Tech Indonesia;South Jakarta;Full time;https://www.jobstreet.co.id/job/77674004
29-Jul-24 16:14;Software Engineer, Mobile (iOS) - Demand & Ads;PT Solusi Transportasi Indonesia;Jakarta;Full time;https://www.jobstreet.co.id/job/77663866
31-Jul-24 07:15;Senior Software Developer;Private Advertiser;Bandung;Full time;https://www.jobstreet.co.id/job/77747111
26-Jul-24 10:12;#10358 Software Engineer - Backend (Groceries);PT Aplikasi Karya Anak Bangsa (GO-JEK Indonesia);Jakarta;Full time;https://www.jobstreet.co.id/job/77617650
29-Jul-24 09:30;ERP Functional Consultant;POINTSTAR (PSGC);Jakarta;Full time;https://www.jobstreet.co.id/job/77654314
01-Aug-24 02:20;IT Developer;PT MNC Asuransi Indonesia;Central Jakarta;Contract/Temp;https://www.jobstreet.co.id/job/77768999
31-Jul-24 06:46;ASP Developer Jakarta;PT Galva Galindra Multi Cipta;Central Jakarta;Full time;https://www.jobstreet.co.id/job/77746357
29-Jul-24 07:13;Programmer;PT Benari Solusindo Sejahtera;South Jakarta;Full time;https://www.jobstreet.co.id/job/77649361
25-Jul-24 18:23;#10359 Software Engineer - Backend;PT Aplikasi Karya Anak Bangsa (GO-JEK Indonesia);Jakarta;Full time;https://www.jobstreet.co.id/job/77589505
30-Jul-24 09:49;IT Software Tester;Koperasi Jasa Bhakti BPJS Kesehatan;Jakarta;Contract/Temp;https://www.jobstreet.co.id/job/77711999
31-Jul-24 08:13;Golang Developer;PT Adi Data Informatika;Jakarta;Contract/Temp;https://www.jobstreet.co.id/job/77748976
26-Jul-24 10:23;Product Analyst;PT Solusi Pembayaran Elektronik;Tangerang;Full time;https://www.jobstreet.co.id/job/77616060
29-Jul-24 12:07;Senior Android Developers (Full Remote);DevStack;Bandung;Full time;https://www.jobstreet.co.id/job/77660394
01-Aug-24 03:26;Backend Developer (PHP/Golang) + DevOps;PT Lentera Bangsa Benderang;South Jakarta;Contract/Temp;https://www.jobstreet.co.id/job/77771894
26-Jul-24 10:12;Software Engineer (iOS) - Transport;PT Aplikasi Karya Anak Bangsa (GO-JEK Indonesia);Jakarta;Full time;https://www.jobstreet.co.id/job/77617655
25-Jul-24 18:25;Software Engineer - Logistic;PT Aplikasi Karya Anak Bangsa (GO-JEK Indonesia);Jakarta;Full time;https://www.jobstreet.co.id/job/77589483
30-Jul-24 07:04;JAVA PROGRAMMER;PT. Bisnis Teknologi Manajemen;Batam;Full time;https://www.jobstreet.co.id/job/77707009
31-Jul-24 08:39;IT Software Developer (Odoo);PT Lyman Investindo;Jakarta;Full time;https://www.jobstreet.co.id/job/77749302
01-Aug-24 11:34;Backend  Developer (For TRS Group);PT Tigaraksa Satria, Tbk;Bogor Regency;Full time;https://www.jobstreet.co.id/job/77788254
30-Jul-24 03:10;.NET FULL-STACK DEVELOPER;PT. GLOBAL EDGE TEKNOLOGI;North Jakarta;Full time;https://www.jobstreet.co.id/job/77619003
01-Aug-24 04:55;Programmer;PT AKEZ Djaja Investama;Jakarta;Full time;https://www.jobstreet.co.id/job/77776310
25-Jul-24 18:23;#10357 Senior Software Engineer - Go-food;PT Aplikasi Karya Anak Bangsa (GO-JEK Indonesia);Jakarta;Full time;https://www.jobstreet.co.id/job/77589540
01-Aug-24 04:38;Senior Full Stack Programer;Sketsa House;Jakarta;Contract/Temp;https://www.jobstreet.co.id/job/77775847
01-Aug-24 04:11;Desktop Engineer;Teleperformance;Bali;Contract/Temp;https://www.jobstreet.co.id/job/77774261
26-Jul-24 04:14;Database Engineer (Oracle Certified);PT Sisindokom Lintasbuana;Central Jakarta;Full time;https://www.jobstreet.co.id/job/77601234
31-Jul-24 09:15;IoT Lead;PT KOLTIVA;South Jakarta;Full time;https://www.jobstreet.co.id/job/77750530
31-Jul-24 07:39;ICDC - Experience Analyst - Outsystem Developer - [Jakarta - ID];Deloitte;Jakarta;Full time;https://www.jobstreet.co.id/job/77751248
30-Jul-24 03:33;IT SOFTWARE;PT Woodone Integra Indonesia;Sidoarjo;Full time;https://www.jobstreet.co.id/job/77674948
02-Aug-24 03:07;Operational Technology Engineer;PT TDK ELECTRONICS INDONESIA;Batam;Full time;https://www.jobstreet.co.id/job/77801501
01-Aug-24 07:52;Full Stack Developer;PT Buana Varia Komputama;South Jakarta;Full time;https://www.jobstreet.co.id/job/77782572
29-Jul-24 11:12;Senior Programmer;PT PERFORMA OPTIMA KOMPUTINDO;Surabaya;Full time;https://www.jobstreet.co.id/job/77659823
01-Aug-24 04:14;Desktop Engineer;Teleperformance;Surakarta;Contract/Temp;https://www.jobstreet.co.id/job/77774393
02-Aug-24 04:21;Test Engineer;PT Nomura Research Institute Indonesia;Jakarta;Contract/Temp;https://www.jobstreet.co.id/job/77804879
02-Aug-24 02:50;Business Process Engineer;PT SMART,Tbk;South Jakarta;Full time;https://www.jobstreet.co.id/job/77800782
31-Jul-24 10:53;Quality Assurance (QA) Software;PT Inovasi Adiwarna Raya;Surabaya;Full time;https://www.jobstreet.co.id/job/77753545
01-Aug-24 19:13;Senior QA Engineer;PT Solusi Transportasi Indonesia;Jakarta;Full time;https://www.jobstreet.co.id/job/77793805
31-Jul-24 02:14;Junior IT Security Engineer - Manufacture - Batam (A-109424);RGF HR Agent Indonesia;Batam;Full time;https://www.jobstreet.co.id/job/77735686
01-Aug-24 01:56;Junior Developer;PT Walden Global Services;West Java;Full time;https://www.jobstreet.co.id/job/77768230
01-Aug-24 04:54;IT System Engineer;PT. Berca Hardayaperkasa;Central Jakarta;Contract/Temp;https://www.jobstreet.co.id/job/77776262
02-Aug-24 04:21;Data Engineer;PT Nomura Research Institute Indonesia;Jakarta;Contract/Temp;https://www.jobstreet.co.id/job/77804897
01-Aug-24 02:16;Junior IT Engineer Team (CODE: ITE);PT Uangel Indonesia;South Jakarta;Contract/Temp;https://www.jobstreet.co.id/job/77768894
31-Jul-24 12:00;IT Mobile Engineer Jakarta;PT. Metrodata Electronics, Tbk;West Jakarta;Full time;https://www.jobstreet.co.id/job/77759044
29-Jul-24 11:05;QA Engineer;PT. Trimegah Sekuritas Indonesia, Tbk;South Jakarta;Full time;https://www.jobstreet.co.id/job/77659792
01-Aug-24 08:19;Programmer;Yayasan Bina Nusantara;West Jakarta;Full time;https://www.jobstreet.co.id/job/77783168
01-Aug-24 08:23;Associate Technical Lead Specialist;Yayasan Bina Nusantara;West Jakarta;Full time;https://www.jobstreet.co.id/job/77783241
02-Aug-24 04:22;DevOps Engineer;PT Nomura Research Institute Indonesia;Central Jakarta;Contract/Temp;https://www.jobstreet.co.id/job/77804907
31-Jul-24 04:58;Senior .NET Engineer with AWS Knowledge;PT CreateIT Solution Indonesia;Tangerang;Contract/Temp;https://www.jobstreet.co.id/job/77741875
29-Jul-24 07:29;Oracle Developer;PT Avows Technologies;South Jakarta;Contract/Temp;https://www.jobstreet.co.id/job/77650148
26-Jul-24 07:00;Software Tester;PT Carlcare Service Ila;West Jakarta;Full time;https://www.jobstreet.co.id/job/77606956
29-Jul-24 04:25;Presales Engineer;Cartrack;Jakarta;Full time;https://www.jobstreet.co.id/job/77644195
30-Jul-24 08:10;IT Team Lead dan Senior Developer;PT Adhikari Inovasi Indonesia;Bandung;Full time;https://www.jobstreet.co.id/job/77708783
01-Aug-24 03:54;Developer Fullstack;PT XManagement Mandiri Group;Bandung;Full time;https://www.jobstreet.co.id/job/77773209
29-Jul-24 05:07;.Net Developer;PT Rapid Teknologi Indonesia;North Jakarta;Full time;https://www.jobstreet.co.id/job/77645435
01-Aug-24 04:24;Product Support and System Engineer;Private Advertiser;South Jakarta;Full time;https://www.jobstreet.co.id/job/77774986
30-Jul-24 03:11;IT Programmer;PT BANGUNPERKASA  ADHITAMASENTRA;West Jakarta;Full time;https://www.jobstreet.co.id/job/77673619
29-Jul-24 08:02;Senior .NET / NodeJS Developer;PT EBconnection Indonesia;South Jakarta;Contract/Temp;https://www.jobstreet.co.id/job/77651023
01-Aug-24 06:22;IT Web & Mobile Application Developer;PT. Kalbe Farma Tbk. (International Division);East Jakarta;Full time;https://www.jobstreet.co.id/job/77779026
26-Jul-24 07:29;Full Stack Developer;PT. Mengantar Karya Bangsa;Malang;Full time;https://www.jobstreet.co.id/job/77607740
26-Jul-24 08:24;Sales Engineer Cybersecurity;PT Valortek Ratanika Utama;Jakarta;Full time;https://www.jobstreet.co.id/job/77609170
31-Jul-24 03:11;Fullstack Developer (Front-end/Back-end);PT Berca Mandiri Perkasa;Central Jakarta;Full time;https://www.jobstreet.co.id/job/77737697
26-Jul-24 07:55;Backend Developer (IT Team Leader/Supervisor);Korea Trade Investment Promotion Agency;Tangerang Regency;Contract/Temp;https://www.jobstreet.co.id/job/77608464
31-Jul-24 06:09;Shopify Developer;Aright Consulting Sdn Bhd;North Jakarta;Full time;https://www.jobstreet.co.id/job/77743957
