listing_date;title;company;location;work_type;link
02-Aug-24 02:31;AVP Network Automation & AI/ML Architect;Indosat Ooredoo;Central Jakarta;Full time;https://www.jobstreet.co.id/job/77800068
30-Jul-24 06:54;Solution Architect (IT Infrastructure);PT Sapta Tunas Teknologi;Jakarta;Full time;https://www.jobstreet.co.id/job/77706706
30-Jul-24 07:05;Technical Presales;PT Reycom Document Solusi;Central Jakarta;Full time;https://www.jobstreet.co.id/job/77707032
26-Jul-24 03:42;Product Specialist (Cloud);PT. Metrodata Electronics, Tbk;West Jakarta;Full time;https://www.jobstreet.co.id/job/77600217
31-Jul-24 02:11;SMI Technical Program - Technical Engineer (SMK Freshgraduate);PT. Metrodata Electronics, Tbk;Jakarta;Full time;https://www.jobstreet.co.id/job/77735599
29-Jul-24 10:26;Technical Engineer;D-Link International Pte Ltd;Jakarta;Full time;https://www.jobstreet.co.id/job/77659463
26-Jul-24 06:49;Product Manager - Survey & Mapping;Halo Robotics;South Jakarta;Full time;https://www.jobstreet.co.id/job/77606618
26-Jul-24 04:40;Cloud Engineer;PT Netmarks Indonesia;North Jakarta;Full time;https://www.jobstreet.co.id/job/77606374
29-Jul-24 18:47;Principal Consultant, Enterprise Solutions, Platinion, SEA;Company Confidential;Jakarta;Full time;https://www.jobstreet.co.id/job/77664601
