listing_date;title;company;location;work_type;link
01-Aug-24 09:06;IT Data Center Operation Executive;PT Niaga Nusa Abadi;East Jakarta;Full time;https://www.jobstreet.co.id/job/77783974
01-Aug-24 04:24;Senior System Administrator;PT PERFORMA OPTIMA KOMPUTINDO;Surabaya;Full time;https://www.jobstreet.co.id/job/77774999
30-Jul-24 09:42;IT System Administrator Staff;Boga Group;Tangerang;Full time;https://www.jobstreet.co.id/job/77711762
31-Jul-24 01:48;Warehouse Management System Administrator;Private Advertiser;Central Jakarta;Full time;https://www.jobstreet.co.id/job/77734904
01-Aug-24 04:08;Alibaba Data Center-Operations Engineer;TITANICOM TECH LIMITED;Jakarta;Full time;https://www.jobstreet.co.id/job/77774091
02-Aug-24 04:47;System Engineer;PT Gaweku Human Technology (Gaweku);Semarang;Full time;https://www.jobstreet.co.id/job/77805693
01-Aug-24 04:54;IT System Engineer;PT. Berca Hardayaperkasa;Central Jakarta;Contract/Temp;https://www.jobstreet.co.id/job/77776262
27-Jul-24 09:00;IT Infra Engineer;PT Xpert Teknologi Inovasi;South Jakarta;Full time;https://www.jobstreet.co.id/job/77626931
01-Aug-24 07:44;System Engineer;PT Prima Integrasi Network;Jakarta;Full time;https://www.jobstreet.co.id/job/77782376
02-Aug-24 02:02;IT Database and Security Engineer;PT Inter Aneka Lestari Kimia;Tangerang;Full time;https://www.jobstreet.co.id/job/77799107
31-Jul-24 02:48;IT System Staff;PT DCI Indonesia, Tbk;Bekasi;Full time;https://www.jobstreet.co.id/job/77736642
01-Aug-24 02:23;IT Infrastructure;PT Talentvis Consulting Indonesia;West Jakarta;Full time;https://www.jobstreet.co.id/job/77769112
01-Aug-24 04:52;DevOps;PT AKEZ Djaja Investama;Jakarta;Full time;https://www.jobstreet.co.id/job/77776215
01-Aug-24 09:16;IT Administrator with AWS or GCP Experience;PT Atreus Global;Jakarta;Full time;https://www.jobstreet.co.id/job/77784681
29-Jul-24 09:49;IT Infrastructure;PT Hiba Utama;East Jakarta;Contract/Temp;https://www.jobstreet.co.id/job/77656897
01-Aug-24 09:44;IT Network Supervisor;PT Niaga Nusa Abadi;East Jakarta;Full time;https://www.jobstreet.co.id/job/77785164
29-Jul-24 04:39;System Engineer;PT Mitra Infosarana;South Jakarta;Full time;https://www.jobstreet.co.id/job/77644613
31-Jul-24 07:02;IT Network;PT Arwana Citramulia Tbk;West Jakarta;Full time;https://www.jobstreet.co.id/job/77747219
02-Aug-24 04:50;IT Officer;PT Surya Jalur Anugerah;Jakarta;Full time;https://www.jobstreet.co.id/job/77805774
01-Aug-24 07:44;Staff IT Support - Patra Tani;PT Priamanaya Group;South Sumatra;Full time;https://www.jobstreet.co.id/job/77782344
01-Aug-24 08:45;Senior Network Administrator;Yayasan Bina Nusantara;West Jakarta;Full time;https://www.jobstreet.co.id/job/77783661
29-Jul-24 04:53;Network Administrator;PT Airfast Indonesia;Tangerang;Contract/Temp;https://www.jobstreet.co.id/job/77645005
29-Jul-24 09:30;ERP Functional Consultant;POINTSTAR (PSGC);Jakarta;Full time;https://www.jobstreet.co.id/job/77654314
26-Jul-24 02:58;Manager IT Infrastructure Operation;Indofood Group;South Jakarta;Full time;https://www.jobstreet.co.id/job/77598204
30-Jul-24 09:21;Junior IT Staff (Infrastructure) - Automation (A-109416);RGF HR Agent Indonesia;South Jakarta;Full time;https://www.jobstreet.co.id/job/77710383
31-Jul-24 06:39;HR Data Specialist;PT Finture Tech Indonesia;South Jakarta;Full time;https://www.jobstreet.co.id/job/77745687
02-Aug-24 06:12;Oracle Database Administrator;PT. Berca Hardayaperkasa;Jakarta;Contract/Temp;https://www.jobstreet.co.id/job/77808476
01-Aug-24 04:24;Product Support and System Engineer;Private Advertiser;South Jakarta;Full time;https://www.jobstreet.co.id/job/77774986
02-Aug-24 03:07;Operational Technology Engineer;PT TDK ELECTRONICS INDONESIA;Batam;Full time;https://www.jobstreet.co.id/job/77801501
31-Jul-24 07:52;IT Officer;PT Deli Group Indonesia;North Jakarta;Full time;https://www.jobstreet.co.id/job/77748129
30-Jul-24 09:30;IT Operations Intern;PT PEPPER SERVICES INDONESIA;South Jakarta;Part time;https://www.jobstreet.co.id/job/77711367
31-Jul-24 10:04;IT Database & Storage Technology Officer;PT CIMB Niaga Auto Finance;Tangerang;Full time;https://www.jobstreet.co.id/job/77752319
29-Jul-24 04:32;Enterprise Support Engineer (Cloud Engineer);PT Exabytes Network Indonesia;South Jakarta;Full time;https://www.jobstreet.co.id/job/77644413
02-Aug-24 03:46;Database Administrator;PT Valuestream International;Bandung;Full time;https://www.jobstreet.co.id/job/77803667
26-Jul-24 09:18;L2 - KASEYA Administrator;PT. Berca Hardayaperkasa;Central Jakarta;Contract/Temp;https://www.jobstreet.co.id/job/77610860
01-Aug-24 04:36;Application Support Engineer (JBoss/Apache Tomcat, Web Server);PT Infinitium Solutions;Central Jakarta;Full time;https://www.jobstreet.co.id/job/77775788
29-Jul-24 03:47;Onsite Engineer (Collaboration);PT Nusantara Compnet Integrator;West Jakarta;Contract/Temp;https://www.jobstreet.co.id/job/77642948
26-Jul-24 09:53;Implementer Support;PT Autojaya Idetech;Jakarta;Full time;https://www.jobstreet.co.id/job/77614154
29-Jul-24 09:58;IT System Development Specialist;PT. Platinum Ceramics Industry;Surabaya;Full time;https://www.jobstreet.co.id/job/77658172
30-Jul-24 06:51;IT Officer;PT. BTR INDONESIA;Kendal Regency;Full time;https://www.jobstreet.co.id/job/77706583
