listing_date;title;company;location;work_type;link
06-Aug-24 09:56;IT SYSTEM ANALYST;PT The Master Steel MFc;Central Jakarta;Contract/Temp;https://www.jobstreet.co.id/job/77903177
08-Aug-24 01:54;Sr. Testing Application Support;PT Sinergi Daya Mitra;Jakarta;Contract/Temp;https://www.jobstreet.co.id/job/77947056
08-Aug-24 02:07;Jr. Testing Application Support;PT Sinergi Daya Mitra;Jakarta;Contract/Temp;https://www.jobstreet.co.id/job/77947476
05-Aug-24 04:12;Technical Support Manager (SaaS & IoT);Cartrack;Jakarta;Full time;https://www.jobstreet.co.id/job/77858417
07-Aug-24 11:08;IT Business Analyst & Application Engineer Specialist;PT Morula Indonesia;Central Jakarta;Contract/Temp;https://www.jobstreet.co.id/job/77932336
05-Aug-24 08:24;IT Support and Compliance;PT Duta Intiguna Yasa (MR DIY);Jakarta;Full time;https://www.jobstreet.co.id/job/77866436
06-Aug-24 08:20;System Analyst;Geekhunter;Jakarta;Full time;https://www.jobstreet.co.id/job/77899932
02-Aug-24 07:16;Senior System Developer Specialist;PT Nawakara Perkasa Nusantara;South Jakarta;Full time;https://www.jobstreet.co.id/job/77813070
07-Aug-24 04:43;IT Support;PT Bhakti Idola Tama;West Jakarta;Full time;https://www.jobstreet.co.id/job/77923114
08-Aug-24 00:58;IT Business Analyst;PT Salva Teknologi Digital;Central Jakarta;Full time;https://www.jobstreet.co.id/job/77945444
02-Aug-24 07:05;Microsoft Dynamics GP - Great Plains Technical Consultant (Based in Singapore);Nigel Frank International;Jakarta;Full time;https://www.jobstreet.co.id/job/77812653
05-Aug-24 08:26;IT SUPPORT;PT UNIQUE;West Jakarta;Full time;https://www.jobstreet.co.id/job/77866484
02-Aug-24 10:40;IT Apps Support Engineer;Daikin Industries Indonesia;Cikarang;Full time;https://www.jobstreet.co.id/job/77821935
05-Aug-24 09:14;Staff IT System Analyst;Kisel (Koperasi Telekomunikasi Selular);South Jakarta;Full time;https://www.jobstreet.co.id/job/77867723
07-Aug-24 07:13;IT Software - Technical Manager;PT Hitachi eBworx Indonesia;Central Jakarta;Full time;https://www.jobstreet.co.id/job/77927950
07-Aug-24 09:15;System Administrator/SysAdmin;PT Indonesia Satu Tujuh;South Jakarta;Full time;https://www.jobstreet.co.id/job/77930850
08-Aug-24 09:55;Functional Consultant for banking;PT Abhimata Persada;Central Jakarta;Full time;https://www.jobstreet.co.id/job/77961011
07-Aug-24 02:43;System Analyst;PT Mitra Solusi Telematika;South Jakarta;Full time;https://www.jobstreet.co.id/job/77917958
03-Aug-24 14:19;Information Technology Staff;RS Mata Undaan;Surabaya;Full time;https://www.jobstreet.co.id/job/77840921
05-Aug-24 08:16;Staff IT Support;PT DAESANG INGREDIENTS INDONESIA;East Jakarta;Full time;https://www.jobstreet.co.id/job/77866253
02-Aug-24 08:48;Technical Specialist Admin Internship;PT Arobs Solutions Indonesia;West Jakarta;Full time;https://www.jobstreet.co.id/job/77815492
07-Aug-24 02:28;ERP Engineer;PT OS Selnajaya Indonesia;South Jakarta;Full time;https://www.jobstreet.co.id/job/77917446
08-Aug-24 02:02;Support Executive (IT) (Bandung & Batam);PT Innoark Servis Internasional;Bandung;Full time;https://www.jobstreet.co.id/job/77947330
08-Aug-24 03:13;IT Application Developement Specialist (IT Developer);PT Panarub Industry;Tangerang;Full time;https://www.jobstreet.co.id/job/77949753
06-Aug-24 05:59;System Analyst;PT Lawencon Internasional;South Jakarta;Full time;https://www.jobstreet.co.id/job/77893786
07-Aug-24 06:27;IT;PT MULIA TRI UTAMA;North Jakarta;Full time;https://www.jobstreet.co.id/job/77855593
06-Aug-24 04:53;System Analyst - IT Consulting (A-109667);RGF HR Agent Indonesia;South Jakarta;Full time;https://www.jobstreet.co.id/job/77891800
07-Aug-24 07:52;SPV IT Support;PT. DUA PULUH TIGA;Bandung;Full time;https://www.jobstreet.co.id/job/77929106
08-Aug-24 04:43;IT Business Analyst;PT. HTC Global Software Services;Central Jakarta;Contract/Temp;https://www.jobstreet.co.id/job/77953150
07-Aug-24 03:41;IT Staff;PT Satu Bumi;Bantul Regency;Full time;https://www.jobstreet.co.id/job/77920476
05-Aug-24 10:23;IT System Requirement Analyst (JS - IT SRA);OTO Group;South Jakarta;Full time;https://www.jobstreet.co.id/job/77871872
02-Aug-24 01:42;IT Support Specialist - ID;Deloitte Consulting SEA;Central Jakarta;Full time;https://www.jobstreet.co.id/job/77798434
06-Aug-24 01:09;Technical Support Officer;CV Rumahweb Indonesia;Yogyakarta Special Region;Full time;https://www.jobstreet.co.id/job/77882183
07-Aug-24 06:35;IT Support;MAZABUTA GROUP;Surabaya;Contract/Temp;https://www.jobstreet.co.id/job/77926825
02-Aug-24 03:07;Operational Technology Engineer;PT TDK ELECTRONICS INDONESIA;Batam;Full time;https://www.jobstreet.co.id/job/77801501
06-Aug-24 09:30;Banking System Develop & Maintanance;PT. PLANA NETWORKS INDONESIA;South Jakarta;Full time;https://www.jobstreet.co.id/job/77901466
08-Aug-24 00:12;Senior Sales Consultant;PT Oracle Indonesia;Jakarta;Full time;https://www.jobstreet.co.id/job/77950995
08-Aug-24 02:53;IT System Analyst Manager (Sales Distribution);Erajaya Group;West Jakarta;Full time;https://www.jobstreet.co.id/job/77949021
02-Aug-24 09:43;IT Support Specialist - ID;Deloitte;Jakarta;Full time;https://www.jobstreet.co.id/job/77824260
06-Aug-24 04:27;System Implementor;Ciputra Group;West Jakarta;Full time;https://www.jobstreet.co.id/job/77891082
02-Aug-24 04:50;IT Officer;PT Surya Jalur Anugerah;Jakarta;Full time;https://www.jobstreet.co.id/job/77805774
07-Aug-24 09:36;Functional Consultant D365 CRM;PT Kreatif Dinamika Integrasi;Jakarta;Full time;https://www.jobstreet.co.id/job/77931266
05-Aug-24 10:15;Senior Operating Tech. Support Engineer;PT. Metrodata Electronics, Tbk;West Jakarta;Contract/Temp;https://www.jobstreet.co.id/job/77871152
07-Aug-24 07:44;Salesforce Functional Consultant;PT Shaft Consulting Services;Jakarta;Contract/Temp;https://www.jobstreet.co.id/job/77928857
02-Aug-24 07:21;IT Senior Products Trainer - SaaS (A-108959);RGF HR Agent Indonesia;South Jakarta;Full time;https://www.jobstreet.co.id/job/77813248
02-Aug-24 08:50;Software Technical Support;PT Hashmicro Solusi Indonesia;Yogyakarta;Full time;https://www.jobstreet.co.id/job/77815528
02-Aug-24 07:18;IT Document Management & Support;PT ADR Agro;North Jakarta;Full time;https://www.jobstreet.co.id/job/77813155
08-Aug-24 02:08;IT Officer;PT Paramitra Alfa Sekuritas;South Jakarta;Full time;https://www.jobstreet.co.id/job/77947500
04-Aug-24 07:05;IT Engineer to be sent to Japan (English Only is OK);Elite Tutors Indonesia;South Jakarta;Full time;https://www.jobstreet.co.id/job/77844210
06-Aug-24 06:33;Java Technical consultant trainee;Hand International Pte. Ltd.;Central Jakarta;Contract/Temp;https://www.jobstreet.co.id/job/77896127
02-Aug-24 04:24;Business System Analyst;PT Kamoro Maxima Integra;West Jakarta;Full time;https://www.jobstreet.co.id/job/77804961
08-Aug-24 02:54;IT Operation Access Management, Security & Support;PT Bank Multiarta Sentosa;South Jakarta;Full time;https://www.jobstreet.co.id/job/77949053
02-Aug-24 08:12;Senior Fullstack Developer;PT Redbuzz Mediatama;West Jakarta;Contract/Temp;https://www.jobstreet.co.id/job/77814552
02-Aug-24 10:57;SAP Support Manager;PT Mitra Solusi Telematika;South Jakarta;Full time;https://www.jobstreet.co.id/job/77822109
05-Aug-24 04:49;Software Developer;PT Inovasi Kreatif Digital;Jakarta;Full time;https://www.jobstreet.co.id/job/77859900
08-Aug-24 02:09;IT Business Analyst;PT Phincon;South Jakarta;Full time;https://www.jobstreet.co.id/job/77947543
01-Aug-24 16:25;IT Business Analyst Enablement Specialist;PT Tunas Ridean;South Jakarta;Full time;https://www.jobstreet.co.id/job/77790651
02-Aug-24 03:35;Implementation and Functional Section Head;Karunia Prima Nastari (KPN CORP.);South Jakarta;Full time;https://www.jobstreet.co.id/job/77803157
08-Aug-24 00:49;System Implementer HRIS;PT STARCOM SOLUSINDO;South Jakarta;Contract/Temp;https://www.jobstreet.co.id/job/77945231
02-Aug-24 10:41;Senior Back End Developer;PT Sentral Link Solutions;South Jakarta;Full time;https://www.jobstreet.co.id/job/77821913
02-Aug-24 06:10;Presales Support;PT. Metrodata Electronics, Tbk;West Jakarta;Full time;https://www.jobstreet.co.id/job/77816710
05-Aug-24 03:22;ODOO DEVELOPER;PT IGP Internasional;Yogyakarta Special Region;Contract/Temp;https://www.jobstreet.co.id/job/77855121
08-Aug-24 13:14;Associate - Enterprise System and Transformation Assurance;PwC Indonesia;Jakarta;Full time;https://www.jobstreet.co.id/job/77969264
08-Aug-24 09:32;IT Middleware Developer;PT Bumi Amartha Teknologi Mandiri;South Jakarta;Contract/Temp;https://www.jobstreet.co.id/job/77960608
08-Aug-24 06:49;Helpdesk Network (Yogyakarta);PT Karya Solusi Prima Sejahtera;Yogyakarta;Full time;https://www.jobstreet.co.id/job/77956718
07-Aug-24 07:45;IT Programmer;PT PFI Mega Life Insurance;South Jakarta;Full time;https://www.jobstreet.co.id/job/77928891
07-Aug-24 10:39;. Net Programmer;Indofood Group;Jakarta;Full time;https://www.jobstreet.co.id/job/77932128
07-Aug-24 06:52;Senior Microsoft SQL Server Database Support;PT Sisindokom Lintasbuana;Pekanbaru;Full time;https://www.jobstreet.co.id/job/77927392
07-Aug-24 10:08;IT Business Analyst;Technosoft Group;West Jakarta;Full time;https://www.jobstreet.co.id/job/77931790
06-Aug-24 04:27;IT Quality Assurance Supervisor;Ciputra Group;South Jakarta;Full time;https://www.jobstreet.co.id/job/77891055
06-Aug-24 09:08;Junior IT Infrastructure & Marketing Support - Construction Material (A-109675);RGF HR Agent Indonesia;South Jakarta;Full time;https://www.jobstreet.co.id/job/77900982
06-Aug-24 09:14;Procurement Category Analyst (IT & Office Consumable);PT SMART,Tbk;Jakarta;Full time;https://www.jobstreet.co.id/job/77901132
06-Aug-24 07:24;IT Support - Salatiga;PT Formulatrix Indonesia;Salatiga;Full time;https://www.jobstreet.co.id/job/77898305
05-Aug-24 09:03;Technical Oracle Asst Manager;PT Cahaya Research Indonesia;Central Jakarta;Full time;https://www.jobstreet.co.id/job/77867287
05-Aug-24 04:08;IT System Developer;PT Plaza Auto Prima;South Jakarta;Full time;https://www.jobstreet.co.id/job/77858027
05-Aug-24 02:59;IT Solution Specialist;PT Sinergi Wahana Gemilang;Jakarta;Contract/Temp;https://www.jobstreet.co.id/job/77853972
05-Aug-24 02:31;System Administrator;PT Cyberquote Indonesia;Surabaya;Contract/Temp;https://www.jobstreet.co.id/job/77852912
05-Aug-24 02:48;IT Support;Private Advertiser;East Java;Full time;https://www.jobstreet.co.id/job/77853246
05-Aug-24 03:12;IT Strategy Consultant;PT. KARYA EKOSISTEM DIGITAL;Jakarta;Contract/Temp;https://www.jobstreet.co.id/job/77782740
04-Aug-24 02:15;IT Programmer Officer;PT Asuransi Raksa Pratikara;Central Jakarta;Full time;https://www.jobstreet.co.id/job/77842477
02-Aug-24 10:37;IT Coordinator;PT Sodexo Sinergi Indonesia;South Jakarta;Full time;https://www.jobstreet.co.id/job/77821899
02-Aug-24 10:59;IT TECHNICAL SUPPORT & NETWORK;PT Satria Antaran Prima Tbk.;Karanganyar Regency;Contract/Temp;https://www.jobstreet.co.id/job/77822126
02-Aug-24 11:12;IT Helpdesk Officer;PT Solusi Pembayaran Elektronik;Tangerang;Full time;https://www.jobstreet.co.id/job/77822249
02-Aug-24 03:32;Software Lead Engineer;PT. Permata Azzuri Sehat;South Jakarta;Contract/Temp;https://www.jobstreet.co.id/job/77802857
02-Aug-24 04:47;System Engineer;PT Gaweku Human Technology (Gaweku);Semarang;Full time;https://www.jobstreet.co.id/job/77805693
05-Aug-24 09:24;Sales Specialist (Support and Enhanced Solution Business);PT Microsoft Indonesia;Jakarta;Full time;https://www.jobstreet.co.id/job/77889762
02-Aug-24 05:55;IT Internship;Private Advertiser;South Jakarta;Full time;https://www.jobstreet.co.id/job/77807622
02-Aug-24 08:29;IT Manager;PT. Innolab Sains Internasional;East Jakarta;Full time;https://www.jobstreet.co.id/job/77814989
08-Aug-24 09:53;Jr. Manager Application Support;Indofood Group;North Jakarta;Full time;https://www.jobstreet.co.id/job/77969581
07-Aug-24 07:21;IT Application Support Associate Manager;PT Alto Network;Central Jakarta;Full time;https://www.jobstreet.co.id/job/77935815
07-Aug-24 07:21;Senior IT Application Support Associate;PT Alto Network;Central Java;Full time;https://www.jobstreet.co.id/job/77937892
07-Aug-24 13:20;IT Support Specialist;Engio;Jakarta;Full time;https://www.jobstreet.co.id/job/77936597
08-Aug-24 07:51;IT Support;PT Bumi Daya Plaza;Yogyakarta;Full time;https://www.jobstreet.co.id/job/77969730
07-Aug-24 16:52;System Analyst;PT WIR ASIA;Jakarta;Full time;https://www.jobstreet.co.id/job/77940647
05-Aug-24 00:00;Software Support Specialist;Flintex Consulting Pte Ltd;Jakarta;Full time;https://www.jobstreet.co.id/job/77877387
08-Aug-24 03:32;Sales IT Solution;PT. Eversaas Power Technology;Jakarta;Full time;https://www.jobstreet.co.id/job/77970079
06-Aug-24 10:39;IT SUPPORT;Happy Puppy Group;West Jakarta;Full time;https://www.jobstreet.co.id/job/77905801
05-Aug-24 01:47;Senior Help Desk Specialist;PT Surya Ekspress Mulia;Batam;Full time;https://www.jobstreet.co.id/job/77851596
05-Aug-24 01:50;Help Desk Specialist;PT Surya Ekspress Mulia;Batam;Full time;https://www.jobstreet.co.id/job/77851717
02-Aug-24 06:19;Junior IT Staff;Tropical Group;Badung;Full time;https://www.jobstreet.co.id/job/77816965
