listing_date;title;company;location;work_type;link
24-Apr-24 21:01;IT Application Support - SAP FICO;Cimory Group;Jakarta Barat;fullTime;https://dealls.com/loker/it-application-support-sap-fico~cimory-group
02-Jul-24 10:50;IT Application Support;PT Mega Central Finance (MCF);Jakarta Barat;fullTime;https://dealls.com/loker/it-application-support-2~pt-mega-central-finance-mcf
26-Jun-24 02:02;Application Support;PT Metrodata Electronics Tbk.;Jakarta Barat;contract;https://dealls.com/loker/application-support-3~pt-metrodata-electronics-tbk
13-Jun-22 06:11;IT Application Support Supervisor (Dynamics 365);IDS Medical Systems (idsMED);Jakarta Barat;fullTime;https://dealls.com/loker/it-application-support-supervisor-dynamics~ids-medical-systems-idsmed
