listing_date;title;company;location;work_type;link
05-Aug-24 06:44;IT Operation (Asst. Manager);PT MNC Guna Usaha Indonesia (Jakarta);Central Jakarta;Full time;https://www.jobstreet.co.id/job/77860744
08-Aug-24 11:55;Data Center Facility Engineer;PRO-MATRIX PTE LTD;Bekasi Regency;Contract/Temp;https://www.jobstreet.co.id/job/77962046
05-Aug-24 04:52;Compliance Assistant Manager;PT Mandiri Utama Finance;South Jakarta;Full time;https://www.jobstreet.co.id/job/77859991
08-Aug-24 03:28;Operational Staff (Mandarin Speaker);PT Global Bintang Timur Ekspress;North Jakarta;Contract/Temp;https://www.jobstreet.co.id/job/77950301
06-Aug-24 02:40;IT Assistant Manager;Stanford Teknologi Indonesia;Central Jakarta;Full time;https://www.jobstreet.co.id/job/77885258
05-Aug-24 09:03;Technical Oracle Asst Manager;PT Cahaya Research Indonesia;Central Jakarta;Full time;https://www.jobstreet.co.id/job/77867287
05-Aug-24 03:40;Assistant Manager IT Development;PT. RUANG MAHA KARYA;Central Jakarta;Contract/Temp;https://www.jobstreet.co.id/job/77855782
05-Aug-24 02:47;Regional Project Assistant Manager (MCP dan Fiber Optic);PT Bali Towerindo Sentra Tbk;Jakarta;Full time;https://www.jobstreet.co.id/job/77853671
05-Aug-24 10:44;Merchant Payment Operations Assistant Manager;PT Solusi Transportasi Indonesia;Yogyakarta;Full time;https://www.jobstreet.co.id/job/77874708
02-Aug-24 08:28;Mortgage Collections Manager;PT. BFI FINANCE INDONESIA, Tbk;East Java;Full time;https://www.jobstreet.co.id/job/77814969
06-Aug-24 02:17;(Datacenter) Server, Storage & Network Hardware Support Assistant;ACE ZETA PTE. LTD.;Jakarta;Full time;https://www.jobstreet.co.id/job/77884417
05-Aug-24 08:30;Assistant Manager, Leads Management;Sun Life;South Jakarta;Full time;https://www.jobstreet.co.id/job/77877349
06-Aug-24 08:44;Assistant Credit Manager - Alila SCBD Jakarta;Alila Hotels and Resorts;Jakarta;Full time;https://www.jobstreet.co.id/job/77905497
