listing_date;title;company;location;work_type;link
12-Jul-24 03:08;Assistant to Manager (Mandarin Speaker);Akulaku Indonesia;Jakarta;fullTime;https://dealls.com/loker/assistant-to-manager-mandarin-speaker-5~akulaku-indonesia
29-Jul-24 06:27;Assistant Product Manager (Mandarin Speaker);PT Indonesia Fintopia Technology (Easycash);Jakarta Selatan;fullTime;https://dealls.com/loker/assistant-product-manager-mandarin-speaker~pt-indonesia-fintipia-technology-easycash
21-May-24 03:07;Mandarin Assistant to QC Manager - Semarang;PT Gree Electric Appliances Indonesia;Jakarta Utara;fullTime;https://dealls.com/loker/assistant-to-qc-manager-semarang~pt-gree-electric-appliances-indonesia
16-May-24 09:51;Assistant Manager;ROYAL TRUST;Jakarta Selatan;fullTime;https://dealls.com/loker/assistant-manager-1~royal-trust
18-Jan-24 11:43;Facility Assistant Manager; AEON INDONESIA PT;Tangerang Selatan;fullTime;https://dealls.com/loker/facility-assistant-manager~aeon-indonesia-pt
18-Jan-24 11:42;Estimator (Construction Projects) Assistant Manager; AEON INDONESIA PT;Tangerang Selatan;fullTime;https://dealls.com/loker/estimator-construction-projects-assistant-manager~aeon-indonesia-pt
14-Mar-24 02:06;Assistant Product Manager ( Air conditioner product specialist);PT Gree Electric Appliances Indonesia;Jakarta;fullTime;https://dealls.com/loker/assistant-to-product-manager~pt-gree-electric-appliances-indonesia
31-Jul-24 04:20;Assistant Brand Manager;PT United Family Food;Jakarta Barat;fullTime;https://dealls.com/loker/assistant-brand-manager-5~pt-united-family-food
03-Jun-24 11:01;Assistant Import Manager;MR. DIY Indonesia;Jakarta;fullTime;https://dealls.com/loker/assistant-import-manager~mr-diy-indonesia
14-Jun-24 08:44;Consolidation & Reporting Assistant Manager;MR. DIY Indonesia;Jakarta Selatan;fullTime;https://dealls.com/loker/consolidation-and-reporting-assistant-manager~mr-diy-indonesia
24-Jan-24 08:58;Transport Planning Assistant Manager;PT.Enseval Putera Megatrading Tbk;Jakarta Timur;fullTime;https://dealls.com/loker/transport-planning-assistant-manager-1~ptenseval-putera-megatrading-tbk
16-May-24 08:26;Accounting Assistant Manager;MSIG Life Insurance Indonesia Tbk;Jakarta;fullTime;https://dealls.com/loker/accounting-assistant-manager-2~msig-life-insurance-indonesia-tbk
16-Jun-24 02:39;Education & People Development Assistant Manager; AEON INDONESIA PT;Tangerang Selatan;fullTime;https://dealls.com/loker/education-and-people-development-assistant~aeon-indonesia-pt
03-Jul-24 04:50;Assistant Manager;Segari;Tangerang;contract;https://dealls.com/loker/assistant-manager-2~segari
22-Jul-24 08:52;HR Education & Assessment Specialist Assistant Manager; AEON INDONESIA PT;Tangerang Selatan;fullTime;https://dealls.com/loker/education-and-assessment-specialist-assistant~aeon-indonesia-pt
06-Jul-22 09:19;Data Research & Development Assistant Manager;Mandiri AXA General Insurance;Jakarta;fullTime;https://dealls.com/loker/data-research-and-development-assistant~mandiri-axa-general-insurance
08-May-24 09:52;Auto Finance Business Development Support / Assistant to Manager (Mandarin);Akulaku Indonesia;Jakarta Pusat;contract;https://dealls.com/loker/auto-finance-business-development-assistant~akulaku-indonesia
15-Jul-22 02:25;Case Management Assistant Manager;Mandiri AXA General Insurance;Jakarta;fullTime;https://dealls.com/loker/case-management-assistant-manager~mandiri-axa-general-insurance
