listing_date;title;company;location;work_type;link
08-Aug-24 08:44;Backend Developer;Assist.id;Pekanbaru;fullTime;https://dealls.com/loker/backend-developer-30~assistid
17-Oct-23 06:48;Backend Developer;ITOMMEY Group;Jakarta Selatan;fullTime;https://dealls.com/loker/backend-developer-15~itommey-group
25-Sep-23 08:04;Backend Go Lang Developer;ITOMMEY Group;Jakarta Selatan;fullTime;https://dealls.com/loker/backend-go-lang-developer~itommey-group
14-Mar-24 08:52;Backend Developer;KECILIN;Jakarta Pusat;fullTime;https://dealls.com/loker/backend-developer-22~kecilin
18-Mar-24 08:33;Software Developer (Backend);Digisign.id;Jakarta Pusat;fullTime;https://dealls.com/loker/java-developer-backend~digisignid
05-Dec-23 07:49;Backend Developer;ORDO;Surabaya;fullTime;https://dealls.com/loker/backend-developer-17~ordo
