listing_date;title;company;location;work_type;link
05-Aug-24 10:23;Backend Developer;PT Intersolusi Teknologi Asia;Bandung;Full time;https://www.jobstreet.co.id/job/77871877
06-Aug-24 05:33;Programmer Back End Dan Front End;PT DIBUILTADI TEKNOLOGI KREATIF;Semarang;Full time;https://www.jobstreet.co.id/job/77774331
08-Aug-24 08:21;Junior/Mid/Senior BackEnd Developer Engineer;PT Talentvis Consulting Indonesia;South Jakarta;Full time;https://www.jobstreet.co.id/job/77959196
06-Aug-24 02:48;Backend Developer;PT Bali Towerindo Sentra Tbk;Jakarta;Full time;https://www.jobstreet.co.id/job/77885544
02-Aug-24 09:32;Backend Developer Internship;PT Tri Sapta Jaya;East Jakarta;Full time;https://www.jobstreet.co.id/job/77817492
07-Aug-24 08:53;Senior Backend Developer;PT Infosys Solusi Terpadu;South Jakarta;Full time;https://www.jobstreet.co.id/job/77930447
05-Aug-24 07:36;Middleware Developer / Integration Engineer;PT Integrasi Logistik Cipta Solusi;North Jakarta;Contract/Temp;https://www.jobstreet.co.id/job/77865221
06-Aug-24 12:39;Junior Full Stack Developer (URGENT);PT Peruri Digital Security;South Jakarta;Full time;https://www.jobstreet.co.id/job/77475195
07-Aug-24 09:44;Java Developer/Backend (Senior);TUNTUN SEKURITAS INDONESIA;North Jakarta;Full time;https://www.jobstreet.co.id/job/77931409
07-Aug-24 02:00;Backend Software Engineer - Experience;PT Trinusa Travelindo;Jakarta;Full time;https://www.jobstreet.co.id/job/77937148
08-Aug-24 06:29;Java Developer;PT IDStar Cipta Teknologi;Jakarta;Contract/Temp;https://www.jobstreet.co.id/job/77956053
05-Aug-24 08:40;Senior Frontend/Backend Developer (2+ Years Experience);PT. KMS KONSULTASI SOLUSI;Yogyakarta Special Region;Full time;https://www.jobstreet.co.id/job/77866722
07-Aug-24 02:00;Backend Software Engineer - Experience;PT Trinusa Travelindo;Jakarta;Full time;https://www.jobstreet.co.id/job/77937705
05-Aug-24 10:34;Java/Spring Boot Backend Developer;PT CNA INNILABS INDONESIA;Jakarta;Full time;https://www.jobstreet.co.id/job/77872059
04-Aug-24 02:10;Fullstack Developer;PT Indoglobal Nusa Persada;Yogyakarta;Full time;https://www.jobstreet.co.id/job/77842463
06-Aug-24 06:18;IT Programmer (Penempatan Purwakarta - Jawa Barat);PT Indopoly Swakarsa Industry, Tbk (Jakarta);Purwakarta Regency;Full time;https://www.jobstreet.co.id/job/77894489
02-Aug-24 04:21;Backend Engineer (Node.js);PT Nomura Research Institute Indonesia;Jakarta;Contract/Temp;https://www.jobstreet.co.id/job/77804848
06-Aug-24 09:54;Front-End Developer;PT Nusantara Sejahtera Raya Tbk (Cinema XXI);Central Jakarta;Full time;https://www.jobstreet.co.id/job/77903035
04-Aug-24 09:00;Senior full stack developer;Ventura Stays;Bali;Full time;https://www.jobstreet.co.id/job/77844486
05-Aug-24 04:38;Backend Engineer;PT Valortek Ratanika Utama;Jakarta;Full time;https://www.jobstreet.co.id/job/77859585
02-Aug-24 10:41;Senior Back End Developer;PT Sentral Link Solutions;South Jakarta;Full time;https://www.jobstreet.co.id/job/77821913
08-Aug-24 06:37;Node Js Programmer;PT Electronic Data Interchange Indonesia (Member of Pelindo);Jakarta;Contract/Temp;https://www.jobstreet.co.id/job/77956349
07-Aug-24 03:32;Mobile (Flutter) Developer;PT Indonesia Satu Tujuh;South Jakarta;Full time;https://www.jobstreet.co.id/job/77919987
06-Aug-24 11:11;Senior Microservices Engineer (Full Remote);DevStack;Bandung;Full time;https://www.jobstreet.co.id/job/77904355
07-Aug-24 06:37;Fullstack Developer;PT Bumi Amartha Teknologi Mandiri;Central Jakarta;Contract/Temp;https://www.jobstreet.co.id/job/77926920
07-Aug-24 03:52;Backend Engineer (Golang) - Principal Level;PT Amartha Mikro Fintek (Jakarta);South Jakarta;Full time;https://www.jobstreet.co.id/job/77936231
05-Aug-24 01:23;Junior Developer;PT Asuransi Mitra Pelindung Mustika;West Jakarta;Full time;https://www.jobstreet.co.id/job/77850791
06-Aug-24 10:43;Golang Developer - Penempatan di Yogyakarta;CV Technopartner Indonesia;Yogyakarta;Full time;https://www.jobstreet.co.id/job/77904127
06-Aug-24 01:30;Experienced Backend Software Engineer - Travel Activities (Open);PT Trinusa Travelindo;Jakarta;Full time;https://www.jobstreet.co.id/job/77894769
06-Aug-24 01:30;Experienced Backend Software Engineer - Travel Activities;PT Trinusa Travelindo;Jakarta;Full time;https://www.jobstreet.co.id/job/77894783
02-Aug-24 07:16;Senior System Developer Specialist;PT Nawakara Perkasa Nusantara;South Jakarta;Full time;https://www.jobstreet.co.id/job/77813070
06-Aug-24 02:57;Senior Software Engineer;PT Qeon Interactive;Jakarta;Full time;https://www.jobstreet.co.id/job/77885959
03-Aug-24 01:00;Backend Engineer - Flight;PT Trinusa Travelindo;Jakarta;Full time;https://www.jobstreet.co.id/job/77836810
03-Aug-24 12:02;WordPress Developer;PT. Bintang Jaya Unggul Sentosa;North Jakarta;Full time;https://www.jobstreet.co.id/job/77838877
01-Aug-24 14:52;Junior Flutter Developer;PT Kode Gama Teknologi;South Jakarta;Full time;https://www.jobstreet.co.id/job/77789731
02-Aug-24 08:12;Senior Fullstack Developer;PT Redbuzz Mediatama;West Jakarta;Contract/Temp;https://www.jobstreet.co.id/job/77814552
03-Aug-24 01:00;Software Engineer - Backend (Transport);PT Trinusa Travelindo;Jakarta;Full time;https://www.jobstreet.co.id/job/77836991
05-Aug-24 06:29;ODOO DEVELOPER;PT. Wiratman;South Jakarta;Full time;https://www.jobstreet.co.id/job/77863007
08-Aug-24 04:23;Fullstack Developer;PT Sinar Sakti Internasional;East Jakarta;Full time;https://www.jobstreet.co.id/job/77952365
03-Aug-24 01:00;Software Engineer;PT Trinusa Travelindo;Jakarta;Full time;https://www.jobstreet.co.id/job/77836894
03-Aug-24 01:00;Experienced Backend Software Engineer - Experience;PT Trinusa Travelindo;Jakarta;Full time;https://www.jobstreet.co.id/job/77836736
07-Aug-24 06:52;Fullstact Developer;PT. MGIndotech;South Tangerang;Full time;https://www.jobstreet.co.id/job/77927381
03-Aug-24 01:00;Backend Engineer - Flight;PT Trinusa Travelindo;Jakarta;Full time;https://www.jobstreet.co.id/job/77836730
05-Aug-24 07:42;Technical Lead;PT Ako Media Asia;Jakarta;Contract/Temp;https://www.jobstreet.co.id/job/77865407
03-Aug-24 09:23;Staf IT Developer;PT Sentralsari Primasentosa;Sidoarjo;Full time;https://www.jobstreet.co.id/job/77836784
08-Aug-24 09:56;Full Stack Engineer;PT Sharing Vision Indonesia;Jakarta;Full time;https://www.jobstreet.co.id/job/77961039
02-Aug-24 00:30;Software Engineer;PT Trinusa Travelindo;Jakarta;Full time;https://www.jobstreet.co.id/job/77802091
08-Aug-24 06:26;IT Developer;PT Nirwana Lestari.;Bekasi;Full time;https://www.jobstreet.co.id/job/77955966
01-Aug-24 19:13;Senior Software Engineer, Fullstack - Lending;PT Solusi Transportasi Indonesia;Jakarta;Full time;https://www.jobstreet.co.id/job/77793744
08-Aug-24 09:32;IT Middleware Developer;PT Bumi Amartha Teknologi Mandiri;South Jakarta;Contract/Temp;https://www.jobstreet.co.id/job/77960608
08-Aug-24 01:53;Programmer;PT SR12 Herbal Kosmetik;Bogor Regency;Full time;https://www.jobstreet.co.id/job/77947019
06-Aug-24 09:49;Senior Fullstack Developer;PT Sentra Vidya Utama;Surabaya;Full time;https://www.jobstreet.co.id/job/77902622
06-Aug-24 04:40;Senior Full Stack Web Developer;PT. Gree Electric Appliances Indonesia;North Jakarta;Full time;https://www.jobstreet.co.id/job/77891451
07-Aug-24 09:49;Web Developer (Senior);TUNTUN SEKURITAS INDONESIA;North Jakarta;Full time;https://www.jobstreet.co.id/job/77931498
08-Aug-24 08:40;IT Web Developer (Contractual Basis);Lembaga Pembiayaan Ekspor Indonesia (Indonesia Eximbank);South Jakarta;Contract/Temp;https://www.jobstreet.co.id/job/77959581
08-Aug-24 03:20;MOBILE APPS DEVELOPER;PT Austindo Nusantara Jaya, Tbk;South Jakarta;Full time;https://www.jobstreet.co.id/job/77949986
07-Aug-24 06:07;Software Engineer;PT Asuransi Wahana Tata;South Jakarta;Full time;https://www.jobstreet.co.id/job/77925623
05-Aug-24 01:54;IT Programmer;PT Royal Sutan Agung;East Jakarta;Full time;https://www.jobstreet.co.id/job/77851837
05-Aug-24 02:59;Full Stack Programmer;Next Vibes;Bandung;Full time;https://www.jobstreet.co.id/job/77854202
05-Aug-24 14:05;Java Developer;PT Vanz Inovatif Teknologi;Jakarta;Contract/Temp;https://www.jobstreet.co.id/job/77875093
06-Aug-24 06:49;IT Staff (Web Developer);PT Tirtakencana Tatawarna (Head Office);Surabaya;Full time;https://www.jobstreet.co.id/job/77897297
08-Aug-24 03:13;IT Application Developement Specialist (IT Developer);PT Panarub Industry;Tangerang;Full time;https://www.jobstreet.co.id/job/77949753
07-Aug-24 03:09;IT Developer - Alam Sutera;PT Gogomedia Visindo;South Tangerang;Full time;https://www.jobstreet.co.id/job/77919145
06-Aug-24 04:55;Mobile App Programmer in Flutter;Wisdompos;Surabaya;Full time;https://www.jobstreet.co.id/job/77885839
05-Aug-24 04:54;Front End Engineer;PT Valortek Ratanika Utama;Jakarta;Full time;https://www.jobstreet.co.id/job/77860029
05-Aug-24 03:09;Programmer Web Base & Mobile;PT. Dwida Jaya Tama;Bogor;Full time;https://www.jobstreet.co.id/job/77854633
07-Aug-24 08:08;Junior Fullstack [.Net Core];PT IDStar Cipta Teknologi;Jakarta;Contract/Temp;https://www.jobstreet.co.id/job/77929513
07-Aug-24 10:39;. Net Programmer;Indofood Group;Jakarta;Full time;https://www.jobstreet.co.id/job/77932128
05-Aug-24 04:49;Software Developer;PT Inovasi Kreatif Digital;Jakarta;Full time;https://www.jobstreet.co.id/job/77859900
07-Aug-24 04:52;Frontend Developer;PT XSIS MITRA UTAMA - Recruitment Center;Jakarta;Full time;https://www.jobstreet.co.id/job/77923383
05-Aug-24 05:45;Senior Ionic Mobile Developer - Lombok / Bali;TabLogs;West Lombok;Full time;https://www.jobstreet.co.id/job/77861278
07-Aug-24 01:58;IT Developer Manager;Orang Tua Group;West Jakarta;Full time;https://www.jobstreet.co.id/job/77916400
06-Aug-24 07:37;Senior Bubble IO Developer;PT. Bali Staff Solution;Denpasar;Full time;https://www.jobstreet.co.id/job/77898798
05-Aug-24 06:08;Web Developer / Web Programmer;PT VISI TEGUH KREATIF (VISTEK);Bandung;Full time;https://www.jobstreet.co.id/job/77862311
07-Aug-24 04:56;Web Developer;Progress Group;North Jakarta;Full time;https://www.jobstreet.co.id/job/77923494
07-Aug-24 10:31;Senior DevOps Engineer;TUNTUN SEKURITAS INDONESIA;North Jakarta;Full time;https://www.jobstreet.co.id/job/77932057
05-Aug-24 02:32;React Full Stack Developer;PT IFCA Property365 Indonesia;South Jakarta;Full time;https://www.jobstreet.co.id/job/77853133
04-Aug-24 09:21;Full stack Mobile app developer;FMTPLA;Yogyakarta;Full time;https://www.jobstreet.co.id/job/77844531
06-Aug-24 09:30;Banking System Develop & Maintanance;PT. PLANA NETWORKS INDONESIA;South Jakarta;Full time;https://www.jobstreet.co.id/job/77901466
05-Aug-24 08:26;Programmer Staff;PT Yamazaki Indonesia;Cikarang;Full time;https://www.jobstreet.co.id/job/77866481
05-Aug-24 10:14;.NET Developer;PT Lawencon Internasional;Jakarta;Full time;https://www.jobstreet.co.id/job/77871098
06-Aug-24 11:19;Mobile Programmer React Native;PT ADYA KAZA WISATA;Tangerang;Full time;https://www.jobstreet.co.id/job/77904402
07-Aug-24 07:45;IT Programmer;PT PFI Mega Life Insurance;South Jakarta;Full time;https://www.jobstreet.co.id/job/77928891
05-Aug-24 04:08;IT System Developer;PT Plaza Auto Prima;South Jakarta;Full time;https://www.jobstreet.co.id/job/77858027
02-Aug-24 03:07;Operational Technology Engineer;PT TDK ELECTRONICS INDONESIA;Batam;Full time;https://www.jobstreet.co.id/job/77801501
02-Aug-24 06:53;Fullstack Developer - WFO - IT Consulting - Jakarta;PT. PERSOLKELLY Recruitment Indonesia;Jakarta;Contract/Temp;https://www.jobstreet.co.id/job/77812147
05-Aug-24 08:04;WEB PROGRAMMER;Suhartono Tjokro Grup;Surabaya;Full time;https://www.jobstreet.co.id/job/77865988
06-Aug-24 11:43;Software Engineer, Mobile (Flutter) - Merchant Experience;PT Solusi Transportasi Indonesia;Jakarta;Full time;https://www.jobstreet.co.id/job/77906976
05-Aug-24 04:30;Java Engineer;Hand International Pte. Ltd.;Jakarta;Full time;https://www.jobstreet.co.id/job/77859344
07-Aug-24 10:00;Mobile Developer (Android & iOS);PT Electronic Data Interchange Indonesia (Member of Pelindo);Jakarta;Contract/Temp;https://www.jobstreet.co.id/job/77931668
05-Aug-24 03:40;Assistant Manager IT Development;PT. RUANG MAHA KARYA;Central Jakarta;Contract/Temp;https://www.jobstreet.co.id/job/77855782
06-Aug-24 07:30;Mobile Developer;PT Implementasi Teknologi Digital;Bekasi;Full time;https://www.jobstreet.co.id/job/77898580
06-Aug-24 03:47;Software Engineer;PT Intimedika Puspa Indaj;North Jakarta;Full time;https://www.jobstreet.co.id/job/77889330
05-Aug-24 03:22;ODOO DEVELOPER;PT IGP Internasional;Yogyakarta Special Region;Contract/Temp;https://www.jobstreet.co.id/job/77855121
02-Aug-24 09:23;Python Developer (Web Scraping);PT BCI CENTRAL INDONESIA;South Jakarta;Full time;https://www.jobstreet.co.id/job/77816755
06-Aug-24 04:29;ETL Developer (Data Analytic Developer) Supervisor;Ciputra Group;South Jakarta;Full time;https://www.jobstreet.co.id/job/77891135
06-Aug-24 05:54;iOS Developer;PT Lentera Bangsa Benderang;South Jakarta;Contract/Temp;https://www.jobstreet.co.id/job/77893441
03-Aug-24 06:56;Odoo Developer;PT. Bintang Internasional;Makassar;Contract/Temp;https://www.jobstreet.co.id/job/77836235
05-Aug-24 03:10;SOFTWARE TESTER;PT Kartika Sinar Mulia;Bandung;Contract/Temp;https://www.jobstreet.co.id/job/77854671
05-Aug-24 02:18;Associate Programmer;PT Gunatronikatama Cipta (GASI);South Jakarta;Contract/Temp;https://www.jobstreet.co.id/job/77852684
