listing_date;title;company;location;work_type;link
08-Aug-24 00:56;BUSINESS INTELLIGENCE DEVELOPER;PT. Lasallefood Indonesia;Bogor Regency;Full time;https://www.jobstreet.co.id/job/77945395
05-Aug-24 08:41;IT Developer (Business Intelligence);PT Foodex Inti Ingredients;Cikarang;Full time;https://www.jobstreet.co.id/job/77866827
08-Aug-24 03:11;Data & Pricing Analyst Executive;Mostrans Global Digilog;East Jakarta;Full time;https://www.jobstreet.co.id/job/77949675
07-Aug-24 02:21;Data Analyst - Telematics (A-109700);RGF HR Agent Indonesia;South Jakarta;Full time;https://www.jobstreet.co.id/job/77917209
06-Aug-24 03:27;Data Engineer (ETL Talend Power BI);PT Sigma Cipta Utama;South Jakarta;Full time;https://www.jobstreet.co.id/job/77887423
06-Aug-24 07:40;Data Analyst (Project -+3 Bulan);PT Chandra Naya Laksana;East Jakarta;Contract/Temp;https://www.jobstreet.co.id/job/77898885
08-Aug-24 06:38;ERP Functional Consultant;PT Nssol Systems Indonesia;Central Jakarta;Full time;https://www.jobstreet.co.id/job/77956379
08-Aug-24 07:02;Data Engineer;PT. Metrodata Electronics, Tbk;West Jakarta;Contract/Temp;https://www.jobstreet.co.id/job/77957138
02-Aug-24 06:11;Power BI Developer;PT Rsystems Ibizcs International;North Jakarta;Contract/Temp;https://www.jobstreet.co.id/job/77808444
05-Aug-24 04:12;Data Analyst for Supply Chain;PT Electrolux Indonesia;Central Jakarta;Full time;https://www.jobstreet.co.id/job/77858354
07-Aug-24 07:48;Data Engineer;PT Esha Parama Teknologi;Jakarta;Full time;https://www.jobstreet.co.id/job/77928989
06-Aug-24 03:22;Data Engineer (Azure Data Brick);PT Sigma Cipta Utama;South Jakarta;Full time;https://www.jobstreet.co.id/job/77886938
02-Aug-24 04:21;Data Engineer;PT Nomura Research Institute Indonesia;Jakarta;Contract/Temp;https://www.jobstreet.co.id/job/77804897
06-Aug-24 04:08;Data Engineer;Private Advertiser;Jakarta;Full time;https://www.jobstreet.co.id/job/77890429
06-Aug-24 13:16;Data and GIS Staff;PT Sarana Geospasial Terpadu;Bogor Regency;Full time;https://www.jobstreet.co.id/job/77905958
06-Aug-24 02:41;Oracle Functional;Dexa Group;Tangerang;Full time;https://www.jobstreet.co.id/job/77885302
06-Aug-24 09:56;IT SYSTEM ANALYST;PT The Master Steel MFc;Central Jakarta;Contract/Temp;https://www.jobstreet.co.id/job/77903177
06-Aug-24 04:29;ETL Developer (Data Analytic Developer) Supervisor;Ciputra Group;South Jakarta;Full time;https://www.jobstreet.co.id/job/77891135
06-Aug-24 04:27;System Implementor;Ciputra Group;West Jakarta;Full time;https://www.jobstreet.co.id/job/77891082
08-Aug-24 02:11;Data Analyst - ERP Staff (JAKARTA);PT Allure Alluminio;North Jakarta;Full time;https://www.jobstreet.co.id/job/77947594
02-Aug-24 07:05;Microsoft Dynamics GP - Great Plains Technical Consultant (Based in Singapore);Nigel Frank International;Jakarta;Full time;https://www.jobstreet.co.id/job/77812653
06-Aug-24 04:18;PRODUCT OPERATIONS ANALYST;PT. GARIS PERTAMA SOLUSI;South Jakarta;Contract/Temp;https://www.jobstreet.co.id/job/77890739
02-Aug-24 07:16;Senior System Developer Specialist;PT Nawakara Perkasa Nusantara;South Jakarta;Full time;https://www.jobstreet.co.id/job/77813070
06-Aug-24 06:33;Java Technical consultant trainee;Hand International Pte. Ltd.;Central Jakarta;Contract/Temp;https://www.jobstreet.co.id/job/77896127
06-Aug-24 06:29;SAP Technical Consultant Trainee;Hand International Pte. Ltd.;Central Jakarta;Contract/Temp;https://www.jobstreet.co.id/job/77895932
06-Aug-24 06:31;SAP Junior Consultant Trainee;Hand International Pte. Ltd.;Central Jakarta;Contract/Temp;https://www.jobstreet.co.id/job/77896048
08-Aug-24 00:58;IT Business Analyst;PT Salva Teknologi Digital;Central Jakarta;Full time;https://www.jobstreet.co.id/job/77945444
08-Aug-24 04:43;IT Business Analyst;PT. HTC Global Software Services;Central Jakarta;Contract/Temp;https://www.jobstreet.co.id/job/77953150
05-Aug-24 10:14;.NET Developer;PT Lawencon Internasional;Jakarta;Full time;https://www.jobstreet.co.id/job/77871098
08-Aug-24 02:53;IT System Analyst Manager (Sales Distribution);Erajaya Group;West Jakarta;Full time;https://www.jobstreet.co.id/job/77949021
08-Aug-24 09:32;IT Middleware Developer;PT Bumi Amartha Teknologi Mandiri;South Jakarta;Contract/Temp;https://www.jobstreet.co.id/job/77960608
08-Aug-24 02:09;IT Business Analyst;PT Phincon;South Jakarta;Full time;https://www.jobstreet.co.id/job/77947543
08-Aug-24 08:16;Portfolio Risk Analytics;Shipper;Central Jakarta;Full time;https://www.jobstreet.co.id/job/77959087
08-Aug-24 08:54;SAP Functional FI;Indofood Group;Jakarta;Full time;https://www.jobstreet.co.id/job/77959891
08-Aug-24 09:55;Functional Consultant for banking;PT Abhimata Persada;Central Jakarta;Full time;https://www.jobstreet.co.id/job/77961011
08-Aug-24 00:12;Senior Sales Consultant;PT Oracle Indonesia;Jakarta;Full time;https://www.jobstreet.co.id/job/77950995
07-Aug-24 12:26;Business Excellence Supervisor;PT BSA Logistics Indonesia;Jakarta;Full time;https://www.jobstreet.co.id/job/77933106
07-Aug-24 02:43;System Analyst;PT Mitra Solusi Telematika;South Jakarta;Full time;https://www.jobstreet.co.id/job/77917958
07-Aug-24 10:08;IT Business Analyst;Technosoft Group;West Jakarta;Full time;https://www.jobstreet.co.id/job/77931790
07-Aug-24 11:08;IT Business Analyst & Application Engineer Specialist;PT Morula Indonesia;Central Jakarta;Contract/Temp;https://www.jobstreet.co.id/job/77932336
08-Aug-24 04:30;Associate - Enterprise System and Transformation Assurance;PwC Indonesia;Jakarta;Full time;https://www.jobstreet.co.id/job/77969756
07-Aug-24 02:35;Data Scientist - Telematics (A-109705);RGF HR Agent Indonesia;South Jakarta;Full time;https://www.jobstreet.co.id/job/77917657
07-Aug-24 09:36;Functional Consultant D365 CRM;PT Kreatif Dinamika Integrasi;Jakarta;Full time;https://www.jobstreet.co.id/job/77931266
07-Aug-24 07:44;Salesforce Functional Consultant;PT Shaft Consulting Services;Jakarta;Contract/Temp;https://www.jobstreet.co.id/job/77928857
07-Aug-24 03:41;Business Analyst;P.T. DIFINI TEKNOLOGI;Jakarta;Full time;https://www.jobstreet.co.id/job/77920475
07-Aug-24 09:22;Senior SFDC Development Engineer;PT Sistem Elektronika Asia;Central Jakarta;Contract/Temp;https://www.jobstreet.co.id/job/77930960
07-Aug-24 10:39;. Net Programmer;Indofood Group;Jakarta;Full time;https://www.jobstreet.co.id/job/77932128
07-Aug-24 06:52;Fullstact Developer;PT. MGIndotech;South Tangerang;Full time;https://www.jobstreet.co.id/job/77927381
06-Aug-24 04:33;Data Engineer Staff;Orang Tua Group;West Jakarta;Full time;https://www.jobstreet.co.id/job/77890637
06-Aug-24 07:00;Functional Consultant (HRIS & ERP);PT Linov Roket Prestasi;South Jakarta;Full time;https://www.jobstreet.co.id/job/77897661
07-Aug-24 03:52;Backend Engineer (Golang) - Principal Level;PT Amartha Mikro Fintek (Jakarta);South Jakarta;Full time;https://www.jobstreet.co.id/job/77936231
06-Aug-24 08:20;System Analyst;Geekhunter;Jakarta;Full time;https://www.jobstreet.co.id/job/77899932
06-Aug-24 04:53;System Analyst - IT Consulting (A-109667);RGF HR Agent Indonesia;South Jakarta;Full time;https://www.jobstreet.co.id/job/77891800
07-Aug-24 14:45;Senior Consultant - SAP SD - ID;Deloitte;Jakarta;Full time;https://www.jobstreet.co.id/job/77940674
06-Aug-24 01:17;Senior Consultant - Technology Strategy and Transformation - ID;Deloitte;Jakarta;Full time;https://www.jobstreet.co.id/job/77889785
06-Aug-24 05:59;System Analyst;PT Lawencon Internasional;South Jakarta;Full time;https://www.jobstreet.co.id/job/77893786
06-Aug-24 09:14;Procurement Category Analyst (IT & Office Consumable);PT SMART,Tbk;Jakarta;Full time;https://www.jobstreet.co.id/job/77901132
06-Aug-24 08:47;SAP FICO Consultant (Middle - Senior);PT Equine Global;Jakarta;Full time;https://www.jobstreet.co.id/job/77900525
06-Aug-24 03:58;Business Analyst;Yayasan Bina Nusantara;West Jakarta;Full time;https://www.jobstreet.co.id/job/77890054
05-Aug-24 11:57;Data Analyst (for LINTAS);PT Merah Cipta Media;Bandung;Full time;https://www.jobstreet.co.id/job/77872647
05-Aug-24 07:39;Business Analyst (6 Months Contract);PT Japfa Comfeed Indonesia, Tbk;South Jakarta;Contract/Temp;https://www.jobstreet.co.id/job/77865298
05-Aug-24 09:00;Marketing Admin Support - Data Analyst;PT Cahaya Research Indonesia;South Jakarta;Full time;https://www.jobstreet.co.id/job/77867244
06-Aug-24 13:55;Consultant - SAP MM - ID;Deloitte;Jakarta;Full time;https://www.jobstreet.co.id/job/77906966
05-Aug-24 06:45;IT Database Administrator;PT Akulaku Silvrr Indonesia;Jakarta;Full time;https://www.jobstreet.co.id/job/77863593
05-Aug-24 02:05;Strategic Business Consultant ( IT & Data Center );PT. HUBBRI TEKNOTAMA NUSANTARA;West Jakarta;Part time;https://www.jobstreet.co.id/job/77852156
05-Aug-24 01:53;Supervisor Data Center;Indofood Group;South Jakarta;Full time;https://www.jobstreet.co.id/job/77851812
05-Aug-24 09:03;Technical Oracle Asst Manager;PT Cahaya Research Indonesia;Central Jakarta;Full time;https://www.jobstreet.co.id/job/77867287
05-Aug-24 09:14;Staff IT System Analyst;Kisel (Koperasi Telekomunikasi Selular);South Jakarta;Full time;https://www.jobstreet.co.id/job/77867723
05-Aug-24 03:12;IT Strategy Consultant;PT. KARYA EKOSISTEM DIGITAL;Jakarta;Contract/Temp;https://www.jobstreet.co.id/job/77782740
04-Aug-24 05:20;Managing Director of Cloud Business, AI Services, Telecommunication;PT Humana International Indonesia;Central Jakarta;Full time;https://www.jobstreet.co.id/job/77843887
02-Aug-24 04:24;Business System Analyst;PT Kamoro Maxima Integra;West Jakarta;Full time;https://www.jobstreet.co.id/job/77804961
02-Aug-24 09:49;Customer Insight Data Analytic - Associate;FIBERSTAR (PT. Mega Akses Persada);South Jakarta;Full time;https://www.jobstreet.co.id/job/77818759
02-Aug-24 10:00;Software Analyst;PT SBG Solusi Bisnis;Batam;Full time;https://www.jobstreet.co.id/job/77819370
02-Aug-24 09:05;IT Change & Availability Management;PT Bumi Amartha Teknologi Mandiri;Central Jakarta;Contract/Temp;https://www.jobstreet.co.id/job/77816217
02-Aug-24 02:02;ORACLE PROGRAMMER;PT Padang Golf Bukit sentul;Bogor;Full time;https://www.jobstreet.co.id/job/77799081
02-Aug-24 09:23;Python Developer (Web Scraping);PT BCI CENTRAL INDONESIA;South Jakarta;Full time;https://www.jobstreet.co.id/job/77816755
02-Aug-24 02:50;Business Process Engineer;PT SMART,Tbk;South Jakarta;Full time;https://www.jobstreet.co.id/job/77800782
01-Aug-24 16:25;IT Business Analyst Enablement Specialist;PT Tunas Ridean;South Jakarta;Full time;https://www.jobstreet.co.id/job/77790651
08-Aug-24 01:28;Operational Data Analyst;Musim Mas;Medan;Full time;https://www.jobstreet.co.id/job/77946230
08-Aug-24 11:35;Business Analyst - Forecasting, Planning, & Analysis;Shopee Internasional Indonesia;Jakarta;Full time;https://www.jobstreet.co.id/job/77969337
06-Aug-24 06:40;Shopee Mitra, Sales Operations;Shopee Internasional Indonesia;Jakarta;Full time;https://www.jobstreet.co.id/job/77901701
06-Aug-24 10:25;Head of Analytics;PT Link Net;Tangerang;Full time;https://www.jobstreet.co.id/job/77921489
04-Aug-24 00:30;Client Project Manager;PT NTT Indonesia;Jakarta;Full time;https://www.jobstreet.co.id/job/77842900
02-Aug-24 06:00;Technical Architect;PT NTT Indonesia;Jakarta;Full time;https://www.jobstreet.co.id/job/77823825
02-Aug-24 06:00;Security Technical Architect;PT NTT Indonesia;Jakarta;Full time;https://www.jobstreet.co.id/job/77824203
08-Aug-24 09:53;Jr. Manager Application Support;Indofood Group;North Jakarta;Full time;https://www.jobstreet.co.id/job/77969581
07-Aug-24 16:52;System Analyst;PT WIR ASIA;Jakarta;Full time;https://www.jobstreet.co.id/job/77940647
07-Aug-24 13:45;Business Improvement Analyst;Xendit;Jakarta;Full time;https://www.jobstreet.co.id/job/77935887
06-Aug-24 05:30;AI Software Engineer;PT Samsung SDS Global SCL Indonesia;Jakarta;Full time;https://www.jobstreet.co.id/job/77906955
05-Aug-24 01:29;DATA SCIENTIST;Kurniawan Group;Makassar;Full time;https://www.jobstreet.co.id/job/77850933
05-Aug-24 08:30;Assistant Manager, Leads Management;Sun Life;South Jakarta;Full time;https://www.jobstreet.co.id/job/77877349
02-Aug-24 09:22;DATA ANALYST;Kurniawan Group;Makassar;Full time;https://www.jobstreet.co.id/job/77816646
07-Aug-24 07:43;Data Engineer (ETL) - ASAP;PT. SIGMA GLOBAL TEKNOLOGI (SIGMATECH);Jakarta;Contract/Temp;https://www.jobstreet.co.id/job/77950886
07-Aug-24 03:35;IT Data Engineer - Manufactur Company;PT. SIGMA GLOBAL TEKNOLOGI (SIGMATECH);Jakarta;Contract/Temp;https://www.jobstreet.co.id/job/77950765
06-Aug-24 03:27;Technical Deputy Head;IlmuOne Data;Jakarta;Full time;https://www.jobstreet.co.id/job/77909445
06-Aug-24 05:27;Technical Deputy Head;Snaphunt;Jakarta;Full time;https://www.jobstreet.co.id/job/77908627
02-Aug-24 08:08;Presales Analytics;Juke Solutions;Jakarta;Full time;https://www.jobstreet.co.id/job/77827891
08-Aug-24 07:37;Python Developer - BANKING Company;PT. SIGMA GLOBAL TEKNOLOGI (SIGMATECH);Jakarta;Contract/Temp;https://www.jobstreet.co.id/job/77969352
07-Aug-24 03:00;Database Administrator (for Banking Industry);PT. SIGMA GLOBAL TEKNOLOGI (SIGMATECH);Jakarta;Full time;https://www.jobstreet.co.id/job/77950918
07-Aug-24 09:13;IT Business Analyst - Banking Industry;PT. SIGMA GLOBAL TEKNOLOGI (SIGMATECH);Jakarta;Contract/Temp;https://www.jobstreet.co.id/job/77950952
