listing_date;title;company;location;work_type;link
02-Aug-24 02:02;IT Database and Security Engineer;PT Inter Aneka Lestari Kimia;Tangerang;Full time;https://www.jobstreet.co.id/job/77799107
08-Aug-24 02:48;Cyber Security Analyst;PT Dinamika Sistem Integrasi Solusi;South Jakarta;Full time;https://www.jobstreet.co.id/job/77948866
08-Aug-24 02:10;Security Engineer;PT Electronic Data Interchange Indonesia (Member of Pelindo);Jakarta;Contract/Temp;https://www.jobstreet.co.id/job/77947570
07-Aug-24 01:41;IT Security Sr. Engineer;PT ANDALAN SERVICE PERSADA;South Jakarta;Full time;https://www.jobstreet.co.id/job/77915707
08-Aug-24 02:23;SOC L2 (Security Operation Center Layer 2);PT Karya Solusi Prima Sejahtera;Jakarta;Full time;https://www.jobstreet.co.id/job/77947976
03-Aug-24 14:19;Information Technology Staff;RS Mata Undaan;Surabaya;Full time;https://www.jobstreet.co.id/job/77840921
08-Aug-24 02:54;IT Operation Access Management, Security & Support;PT Bank Multiarta Sentosa;South Jakarta;Full time;https://www.jobstreet.co.id/job/77949053
05-Aug-24 09:13;Security Engineer L2;PT Packet Systems Indonesia;Jakarta;Full time;https://www.jobstreet.co.id/job/77867707
07-Aug-24 01:23;ICT Network Infrastructure and Security Supervisor;PT Merdeka Tsingshan Indonesia;Morowali;Full time;https://www.jobstreet.co.id/job/77915185
06-Aug-24 09:24;System & Network Engineer;PT Abadi Tambah Mulia Internasional;South Jakarta;Full time;https://www.jobstreet.co.id/job/77901358
07-Aug-24 09:15;System Administrator/SysAdmin;PT Indonesia Satu Tujuh;South Jakarta;Full time;https://www.jobstreet.co.id/job/77930850
05-Aug-24 04:12;Technical Support Manager (SaaS & IoT);Cartrack;Jakarta;Full time;https://www.jobstreet.co.id/job/77858417
03-Aug-24 06:20;NETWORK & SECURITY ENGINEER;PT. INTERNET PRATAMA INDONESIA TBK;Jakarta;Full time;https://www.jobstreet.co.id/job/77836134
02-Aug-24 16:51;Network & Security Engineer;PT Sapta Tunas Teknologi;Central Jakarta;Full time;https://www.jobstreet.co.id/job/77824727
06-Aug-24 11:11;Senior Microservices Engineer (Full Remote);DevStack;Bandung;Full time;https://www.jobstreet.co.id/job/77904355
08-Aug-24 04:55;Associate - GTS - IT Infrastructure;PwC Indonesia;South Jakarta;Full time;https://www.jobstreet.co.id/job/77953468
08-Aug-24 04:30;Associate - Enterprise System and Transformation Assurance;PwC Indonesia;Jakarta;Full time;https://www.jobstreet.co.id/job/77969756
02-Aug-24 02:31;AVP Network Automation & AI/ML Architect;Indosat Ooredoo;Central Jakarta;Full time;https://www.jobstreet.co.id/job/77800068
07-Aug-24 03:41;IT MANAGER;PT Secom Indonesia;South Jakarta;Contract/Temp;https://www.jobstreet.co.id/job/77920523
06-Aug-24 02:30;IT Deputy Manager;Private Advertiser;Karawang;Full time;https://www.jobstreet.co.id/job/77884893
07-Aug-24 03:41;IT Staff;PT Satu Bumi;Bantul Regency;Full time;https://www.jobstreet.co.id/job/77920476
08-Aug-24 02:13;HackerKamp150 Engineer;Private Advertiser;Yogyakarta;Full time;https://www.jobstreet.co.id/job/77947658
07-Aug-24 08:10;SYSTEM ADMINISTRATOR;PT Graha Layar Prima;South Jakarta;Full time;https://www.jobstreet.co.id/job/77929549
05-Aug-24 12:00;Senior Proposal Specialist;PT Schneider Electric;Jakarta;Full time;https://www.jobstreet.co.id/job/77877319
05-Aug-24 07:39;Infrastructure Engineer ~ Project Manager (cloud and security);PT. PERSOLKELLY Recruitment Indonesia;Jakarta;Full time;https://www.jobstreet.co.id/job/77865311
08-Aug-24 09:32;IT Middleware Developer;PT Bumi Amartha Teknologi Mandiri;South Jakarta;Contract/Temp;https://www.jobstreet.co.id/job/77960608
02-Aug-24 07:51;Integration Engineer, Orchestration team;PT Solusi Transportasi Indonesia;South Jakarta;Full time;https://www.jobstreet.co.id/job/77816708
05-Aug-24 08:49;IT Operation ( IT Support, IT Network, IT Security );PT. Asuransi Umum BCA;Jakarta;Full time;https://www.jobstreet.co.id/job/77866996
07-Aug-24 07:52;SPV IT Support;PT. DUA PULUH TIGA;Bandung;Full time;https://www.jobstreet.co.id/job/77929106
07-Aug-24 03:33;Lead Network Engineer;PT SYSTEM TREE TECHNOLOGY;South Jakarta;Full time;https://www.jobstreet.co.id/job/77920068
06-Aug-24 05:56;SYSTEM ENGINEER;PT Lawencon Internasional;Jakarta;Full time;https://www.jobstreet.co.id/job/77893537
07-Aug-24 01:58;IT Developer Manager;Orang Tua Group;West Jakarta;Full time;https://www.jobstreet.co.id/job/77916400
08-Aug-24 03:20;MOBILE APPS DEVELOPER;PT Austindo Nusantara Jaya, Tbk;South Jakarta;Full time;https://www.jobstreet.co.id/job/77949986
05-Aug-24 02:31;System Administrator;PT Cyberquote Indonesia;Surabaya;Contract/Temp;https://www.jobstreet.co.id/job/77852912
06-Aug-24 08:42;IT Data Center Operator (Code: DCO);PT Valuestream International;Bandung;Full time;https://www.jobstreet.co.id/job/77900399
04-Aug-24 09:34;Network Engineer � Radio access network;Private Advertiser;Jakarta;Full time;https://www.jobstreet.co.id/job/77844550
08-Aug-24 03:43;IT & Asset Management;PT Bounty Segar Indonesia;North Jakarta;Contract/Temp;https://www.jobstreet.co.id/job/77951122
07-Aug-24 02:06;Cloud Engineer;PT Multipolar Technology Tbk;South Jakarta;Full time;https://www.jobstreet.co.id/job/77916684
05-Aug-24 03:55;IT Network and Data Center Administrator;Private Advertiser;Tangerang;Full time;https://www.jobstreet.co.id/job/77856377
08-Aug-24 03:13;IT Application Developement Specialist (IT Developer);PT Panarub Industry;Tangerang;Full time;https://www.jobstreet.co.id/job/77949753
08-Aug-24 08:16;Portfolio Risk Analytics;Shipper;Central Jakarta;Full time;https://www.jobstreet.co.id/job/77959087
07-Aug-24 06:21;STAFF IT;Private Advertiser;Subang Regency;Contract/Temp;https://www.jobstreet.co.id/job/77926179
08-Aug-24 04:20;Sr. System Engineer;PT Pratesis;South Jakarta;Full time;https://www.jobstreet.co.id/job/77952519
02-Aug-24 07:12;DevSecOps Engineer;PT Esha Parama Teknologi;Jakarta;Full time;https://www.jobstreet.co.id/job/77812914
06-Aug-24 08:52;IT Manager Support;CV Pesta Pangan Abadi;Sukoharjo;Contract/Temp;https://www.jobstreet.co.id/job/77900621
06-Aug-24 07:02;Senior Network Engineer;PT Mitra Infoparama;East Jakarta;Contract/Temp;https://www.jobstreet.co.id/job/77897672
07-Aug-24 10:31;Senior DevOps Engineer;TUNTUN SEKURITAS INDONESIA;North Jakarta;Full time;https://www.jobstreet.co.id/job/77932057
06-Aug-24 02:40;IT Assistant Manager;Stanford Teknologi Indonesia;Central Jakarta;Full time;https://www.jobstreet.co.id/job/77885258
06-Aug-24 02:17;(Datacenter) Server, Storage & Network Hardware Support Assistant;ACE ZETA PTE. LTD.;Jakarta;Full time;https://www.jobstreet.co.id/job/77884417
06-Aug-24 04:27;System Implementor;Ciputra Group;West Jakarta;Full time;https://www.jobstreet.co.id/job/77891082
07-Aug-24 03:56;DevOps Engineer;Private Advertiser;South Jakarta;Full time;https://www.jobstreet.co.id/job/77921170
05-Aug-24 07:42;Technical Lead;PT Ako Media Asia;Jakarta;Contract/Temp;https://www.jobstreet.co.id/job/77865407
07-Aug-24 03:58;Engineering Manager/Lead;PT Amartha Mikro Fintek (Jakarta);South Jakarta;Full time;https://www.jobstreet.co.id/job/77936131
05-Aug-24 02:46;System Engineer;PT EMS Paramitra;East Jakarta;Full time;https://www.jobstreet.co.id/job/77853632
06-Aug-24 08:48;IT Engineer;PT Megaspeed International Indonesia;Cikarang;Full time;https://www.jobstreet.co.id/job/77900516
06-Aug-24 07:37;Senior Bubble IO Developer;PT. Bali Staff Solution;Denpasar;Full time;https://www.jobstreet.co.id/job/77898798
02-Aug-24 09:33;Cloud Architect;PT Esha Parama Teknologi;Jakarta;Full time;https://www.jobstreet.co.id/job/77817573
05-Aug-24 07:41;Network Engineer;PT Integrasi Logistik Cipta Solusi;North Jakarta;Contract/Temp;https://www.jobstreet.co.id/job/77865381
05-Aug-24 04:20;Project Manager;PT Walden Global Services;Bandung;Full time;https://www.jobstreet.co.id/job/77859021
05-Aug-24 02:48;IT Support;Private Advertiser;East Java;Full time;https://www.jobstreet.co.id/job/77853246
05-Aug-24 01:54;IT Programmer;PT Royal Sutan Agung;East Jakarta;Full time;https://www.jobstreet.co.id/job/77851837
02-Aug-24 12:33;DevOps Engineer;Solusi Kode Indonesia;South Tangerang;Contract/Temp;https://www.jobstreet.co.id/job/77819078
02-Aug-24 08:29;IT Manager;PT. Innolab Sains Internasional;East Jakarta;Full time;https://www.jobstreet.co.id/job/77814989
02-Aug-24 08:47;IT Infrastructure Project Manager;PT Netmarks Indonesia;North Jakarta;Contract/Temp;https://www.jobstreet.co.id/job/77815419
02-Aug-24 04:50;IT Officer;PT Surya Jalur Anugerah;Jakarta;Full time;https://www.jobstreet.co.id/job/77805774
02-Aug-24 01:47;Network Engineer;LightsUp Network Solution Sdn Bhd;South Jakarta;Full time;https://www.jobstreet.co.id/job/77798579
02-Aug-24 09:05;IT Change & Availability Management;PT Bumi Amartha Teknologi Mandiri;Central Jakarta;Contract/Temp;https://www.jobstreet.co.id/job/77816217
02-Aug-24 08:30;DevOps Engineer (Internship);PT iZeno Teknologi Indonesia;South Jakarta;Full time;https://www.jobstreet.co.id/job/77814953
02-Aug-24 07:21;IT Senior Products Trainer - SaaS (A-108959);RGF HR Agent Indonesia;South Jakarta;Full time;https://www.jobstreet.co.id/job/77813248
07-Aug-24 14:41;Sr Systems Engineer - SD-WAN, Indonesia;Palo Alto Networks;Central Jakarta;Full time;https://www.jobstreet.co.id/job/77940660
02-Aug-24 06:00;Security Technical Architect;PT NTT Indonesia;Jakarta;Full time;https://www.jobstreet.co.id/job/77824203
02-Aug-24 06:00;Technical Architect;PT NTT Indonesia;Jakarta;Full time;https://www.jobstreet.co.id/job/77823825
07-Aug-24 00:53;IT GRC (Governance, Risk, and Compliance) Manager;Engio;Jakarta;Full time;https://www.jobstreet.co.id/job/77921298
07-Aug-24 07:21;Enterprise Risk Management Unit Head;PT Alto Network;Central Java;Full time;https://www.jobstreet.co.id/job/77935640
08-Aug-24 03:32;Sales IT Solution;PT. Eversaas Power Technology;Jakarta;Full time;https://www.jobstreet.co.id/job/77970079
07-Aug-24 13:46;Senior Software Engineer - BSS Digital;Xendit;Jakarta;Full time;https://www.jobstreet.co.id/job/77936523
07-Aug-24 07:21;IT Application Support Associate Manager;PT Alto Network;Central Jakarta;Full time;https://www.jobstreet.co.id/job/77935815
06-Aug-24 10:25;Head of Analytics;PT Link Net;Tangerang;Full time;https://www.jobstreet.co.id/job/77921489
07-Aug-24 12:00;Cloud Engineer I;FKA GLOBAL;Jakarta;Full time;https://www.jobstreet.co.id/job/77935452
07-Aug-24 07:21;Senior IT Infra Network Associate;PT Alto Network;Central Java;Full time;https://www.jobstreet.co.id/job/77937272
01-Aug-24 19:40;AM - Know Your Client Analyst;PT Citi Interiorindo;Jakarta;Full time;https://www.jobstreet.co.id/job/77793806
07-Aug-24 03:30;IT Security - Insurance Company;PT. SIGMA GLOBAL TEKNOLOGI (SIGMATECH);Jakarta;Contract/Temp;https://www.jobstreet.co.id/job/77936016
05-Aug-24 10:48;Security Engineer;Juke Solutions;Jakarta;Full time;https://www.jobstreet.co.id/job/77950705
07-Aug-24 03:45;Cloud Security IT Consultant;PT Sentra Paramitra;South Jakarta;Full time;https://www.jobstreet.co.id/job/77968976
05-Aug-24 03:20;Information Security Specialist;PT Qiscus Tekno Indonesia;Yogyakarta;Full time;https://www.jobstreet.co.id/job/77877439
07-Aug-24 10:49;Cyber Risk Audit Doc Control;Privy ID;Jakarta;Full time;https://www.jobstreet.co.id/job/77950841
07-Aug-24 04:55;Supervisor Computer System;Suksesindo Group;Jombang;Full time;https://www.jobstreet.co.id/job/77969388
06-Aug-24 05:27;Technical Deputy Head;Snaphunt;Jakarta;Full time;https://www.jobstreet.co.id/job/77908627
06-Aug-24 05:27;Account Manager (Client Head Solutions);Snaphunt;Jakarta;Full time;https://www.jobstreet.co.id/job/77908582
06-Aug-24 03:35;Account Manager (Client Head Solutions);IlmuOne Data;Jakarta;Full time;https://www.jobstreet.co.id/job/77909377
05-Aug-24 06:44;IT Incindent Engineer L2;PT Allo Bank Indonesia, Tbk;Jakarta;Full time;https://www.jobstreet.co.id/job/77877402
06-Aug-24 03:27;Technical Deputy Head;IlmuOne Data;Jakarta;Full time;https://www.jobstreet.co.id/job/77909445
