listing_date;title;company;location;work_type;link
08-Aug-24 02:11;Data Analyst - ERP Staff (JAKARTA);PT Allure Alluminio;North Jakarta;Full time;https://www.jobstreet.co.id/job/77947594
08-Aug-24 03:11;Data & Pricing Analyst Executive;Mostrans Global Digilog;East Jakarta;Full time;https://www.jobstreet.co.id/job/77949675
05-Aug-24 09:00;Marketing Admin Support - Data Analyst;PT Cahaya Research Indonesia;South Jakarta;Full time;https://www.jobstreet.co.id/job/77867244
07-Aug-24 02:21;Data Analyst - Telematics (A-109700);RGF HR Agent Indonesia;South Jakarta;Full time;https://www.jobstreet.co.id/job/77917209
05-Aug-24 11:57;Data Analyst (for LINTAS);PT Merah Cipta Media;Bandung;Full time;https://www.jobstreet.co.id/job/77872647
08-Aug-24 06:11;Finance Analyst;PT Duta Agro Makmur Indah;North Jakarta;Full time;https://www.jobstreet.co.id/job/77955440
06-Aug-24 07:40;Data Analyst (Project -+3 Bulan);PT Chandra Naya Laksana;East Jakarta;Contract/Temp;https://www.jobstreet.co.id/job/77898885
06-Aug-24 09:56;IT SYSTEM ANALYST;PT The Master Steel MFc;Central Jakarta;Contract/Temp;https://www.jobstreet.co.id/job/77903177
05-Aug-24 04:12;Data Analyst for Supply Chain;PT Electrolux Indonesia;Central Jakarta;Full time;https://www.jobstreet.co.id/job/77858354
07-Aug-24 03:41;Business Analyst;P.T. DIFINI TEKNOLOGI;Jakarta;Full time;https://www.jobstreet.co.id/job/77920475
06-Aug-24 04:33;Data Engineer Staff;Orang Tua Group;West Jakarta;Full time;https://www.jobstreet.co.id/job/77890637
08-Aug-24 00:58;IT Business Analyst;PT Salva Teknologi Digital;Central Jakarta;Full time;https://www.jobstreet.co.id/job/77945444
08-Aug-24 02:09;IT Business Analyst;PT Phincon;South Jakarta;Full time;https://www.jobstreet.co.id/job/77947543
07-Aug-24 02:43;System Analyst;PT Mitra Solusi Telematika;South Jakarta;Full time;https://www.jobstreet.co.id/job/77917958
05-Aug-24 07:39;Business Analyst (6 Months Contract);PT Japfa Comfeed Indonesia, Tbk;South Jakarta;Contract/Temp;https://www.jobstreet.co.id/job/77865298
07-Aug-24 10:08;IT Business Analyst;Technosoft Group;West Jakarta;Full time;https://www.jobstreet.co.id/job/77931790
06-Aug-24 09:43;GL Analyst - WFO Jakarta (Contract-based);PT. PERSOLKELLY Recruitment Indonesia;South Jakarta;Contract/Temp;https://www.jobstreet.co.id/job/77902349
08-Aug-24 04:43;IT Business Analyst;PT. HTC Global Software Services;Central Jakarta;Contract/Temp;https://www.jobstreet.co.id/job/77953150
07-Aug-24 12:26;Business Excellence Supervisor;PT BSA Logistics Indonesia;Jakarta;Full time;https://www.jobstreet.co.id/job/77933106
06-Aug-24 02:41;Oracle Functional;Dexa Group;Tangerang;Full time;https://www.jobstreet.co.id/job/77885302
06-Aug-24 03:58;Business Analyst;Yayasan Bina Nusantara;West Jakarta;Full time;https://www.jobstreet.co.id/job/77890054
06-Aug-24 04:18;PRODUCT OPERATIONS ANALYST;PT. GARIS PERTAMA SOLUSI;South Jakarta;Contract/Temp;https://www.jobstreet.co.id/job/77890739
06-Aug-24 09:08;Bancassurance Consultant (Cikarang, Karawang);MSIG Life Insurance Indonesia Tbk;Cikarang;Full time;https://www.jobstreet.co.id/job/77900979
08-Aug-24 00:56;BUSINESS INTELLIGENCE DEVELOPER;PT. Lasallefood Indonesia;Bogor Regency;Full time;https://www.jobstreet.co.id/job/77945395
06-Aug-24 13:16;Data and GIS Staff;PT Sarana Geospasial Terpadu;Bogor Regency;Full time;https://www.jobstreet.co.id/job/77905958
08-Aug-24 07:02;Data Engineer;PT. Metrodata Electronics, Tbk;West Jakarta;Contract/Temp;https://www.jobstreet.co.id/job/77957138
08-Aug-24 01:46;IT DBA (DATABASE ADMINISTRATOR);PT Pura Barutama (PURA GROUP);Kudus;Full time;https://www.jobstreet.co.id/job/77946782
07-Aug-24 11:08;IT Business Analyst & Application Engineer Specialist;PT Morula Indonesia;Central Jakarta;Contract/Temp;https://www.jobstreet.co.id/job/77932336
07-Aug-24 02:35;Data Scientist - Telematics (A-109705);RGF HR Agent Indonesia;South Jakarta;Full time;https://www.jobstreet.co.id/job/77917657
08-Aug-24 07:45;Junior Consultant (Fresh Graduate);PT Veda Praxis;South Jakarta;Full time;https://www.jobstreet.co.id/job/77958332
05-Aug-24 08:41;IT Developer (Business Intelligence);PT Foodex Inti Ingredients;Cikarang;Full time;https://www.jobstreet.co.id/job/77866827
05-Aug-24 09:14;Staff IT System Analyst;Kisel (Koperasi Telekomunikasi Selular);South Jakarta;Full time;https://www.jobstreet.co.id/job/77867723
07-Aug-24 10:03;Credit Analyst - Branch Bekasi;PT Clemont Finance Indonesia;Bekasi;Full time;https://www.jobstreet.co.id/job/77931716
07-Aug-24 09:48;Database Engineer;PT Electronic Data Interchange Indonesia (Member of Pelindo);Jakarta;Full time;https://www.jobstreet.co.id/job/77931480
02-Aug-24 03:46;Database Administrator;PT Valuestream International;Bandung;Full time;https://www.jobstreet.co.id/job/77803667
06-Aug-24 05:59;System Analyst;PT Lawencon Internasional;South Jakarta;Full time;https://www.jobstreet.co.id/job/77893786
06-Aug-24 04:27;System Implementor;Ciputra Group;West Jakarta;Full time;https://www.jobstreet.co.id/job/77891082
06-Aug-24 03:27;Data Engineer (ETL Talend Power BI);PT Sigma Cipta Utama;South Jakarta;Full time;https://www.jobstreet.co.id/job/77887423
06-Aug-24 11:22;Credit Analyst - SME (Semarang);PT Moladin Digital Indonesia;Semarang;Full time;https://www.jobstreet.co.id/job/77904446
06-Aug-24 08:20;System Analyst;Geekhunter;Jakarta;Full time;https://www.jobstreet.co.id/job/77899932
07-Aug-24 01:58;Credit Analyst, Corporate & Investment Banking - Indonesia;Standard Chartered Bank;Jakarta;Full time;https://www.jobstreet.co.id/job/77916379
05-Aug-24 10:23;IT System Requirement Analyst (JS - IT SRA);OTO Group;South Jakarta;Full time;https://www.jobstreet.co.id/job/77871872
06-Aug-24 09:14;Procurement Category Analyst (IT & Office Consumable);PT SMART,Tbk;Jakarta;Full time;https://www.jobstreet.co.id/job/77901132
08-Aug-24 00:49;System Implementer HRIS;PT STARCOM SOLUSINDO;South Jakarta;Contract/Temp;https://www.jobstreet.co.id/job/77945231
05-Aug-24 06:45;IT Database Administrator;PT Akulaku Silvrr Indonesia;Jakarta;Full time;https://www.jobstreet.co.id/job/77863593
02-Aug-24 10:00;Software Analyst;PT SBG Solusi Bisnis;Batam;Full time;https://www.jobstreet.co.id/job/77819370
02-Aug-24 09:49;Customer Insight Data Analytic - Associate;FIBERSTAR (PT. Mega Akses Persada);South Jakarta;Full time;https://www.jobstreet.co.id/job/77818759
02-Aug-24 04:24;Business System Analyst;PT Kamoro Maxima Integra;West Jakarta;Full time;https://www.jobstreet.co.id/job/77804961
07-Aug-24 07:48;Data Engineer;PT Esha Parama Teknologi;Jakarta;Full time;https://www.jobstreet.co.id/job/77928989
06-Aug-24 04:53;System Analyst - IT Consulting (A-109667);RGF HR Agent Indonesia;South Jakarta;Full time;https://www.jobstreet.co.id/job/77891800
06-Aug-24 11:13;Credit Analyst - SME (Bali);PT Moladin Digital Indonesia;Denpasar;Full time;https://www.jobstreet.co.id/job/77904360
06-Aug-24 04:08;Data Engineer;Private Advertiser;Jakarta;Full time;https://www.jobstreet.co.id/job/77890429
01-Aug-24 16:25;IT Business Analyst Enablement Specialist;PT Tunas Ridean;South Jakarta;Full time;https://www.jobstreet.co.id/job/77790651
06-Aug-24 03:58;Credit Analyst;PT Kimia Yasa;Bekasi Regency;Full time;https://www.jobstreet.co.id/job/77890085
05-Aug-24 04:56;Officer Business Solution;PT Cipta Krida Bahari;Jakarta;Contract/Temp;https://www.jobstreet.co.id/job/77860089
07-Aug-24 06:52;Senior Microsoft SQL Server Database Support;PT Sisindokom Lintasbuana;Pekanbaru;Full time;https://www.jobstreet.co.id/job/77927392
02-Aug-24 04:21;Data Engineer;PT Nomura Research Institute Indonesia;Jakarta;Contract/Temp;https://www.jobstreet.co.id/job/77804897
06-Aug-24 03:22;Data Engineer (Azure Data Brick);PT Sigma Cipta Utama;South Jakarta;Full time;https://www.jobstreet.co.id/job/77886938
02-Aug-24 06:11;Power BI Developer;PT Rsystems Ibizcs International;North Jakarta;Contract/Temp;https://www.jobstreet.co.id/job/77808444
08-Aug-24 08:16;Portfolio Risk Analytics;Shipper;Central Jakarta;Full time;https://www.jobstreet.co.id/job/77959087
02-Aug-24 06:12;Oracle Database Administrator;PT. Berca Hardayaperkasa;Jakarta;Contract/Temp;https://www.jobstreet.co.id/job/77808476
06-Aug-24 08:44;CREDIT OFFICER (SURVEYOR) MOBIL;PT KB Finansia Multi Finance;Yogyakarta;Full time;https://www.jobstreet.co.id/job/77935787
07-Aug-24 02:28;ERP Engineer;PT OS Selnajaya Indonesia;South Jakarta;Full time;https://www.jobstreet.co.id/job/77917446
06-Aug-24 06:31;SAP Junior Consultant Trainee;Hand International Pte. Ltd.;Central Jakarta;Contract/Temp;https://www.jobstreet.co.id/job/77896048
07-Aug-24 09:36;Functional Consultant D365 CRM;PT Kreatif Dinamika Integrasi;Jakarta;Full time;https://www.jobstreet.co.id/job/77931266
08-Aug-24 08:54;SAP Functional FI;Indofood Group;Jakarta;Full time;https://www.jobstreet.co.id/job/77959891
08-Aug-24 09:55;Functional Consultant for banking;PT Abhimata Persada;Central Jakarta;Full time;https://www.jobstreet.co.id/job/77961011
07-Aug-24 03:27;Research and Development Officer;PT. Coastal Grand Villas;Bali;Contract/Temp;https://www.jobstreet.co.id/job/77919824
07-Aug-24 04:40;Banking Relation Sr. Specialist;PT Link Net;Tangerang;Full time;https://www.jobstreet.co.id/job/77922986
05-Aug-24 02:05;Strategic Business Consultant ( IT & Data Center );PT. HUBBRI TEKNOTAMA NUSANTARA;West Jakarta;Part time;https://www.jobstreet.co.id/job/77852156
04-Aug-24 09:45;Reinsurance;PT Asuransi Allianz Life Indonesia;Jakarta;Full time;https://www.jobstreet.co.id/job/77844571
07-Aug-24 07:44;Salesforce Functional Consultant;PT Shaft Consulting Services;Jakarta;Contract/Temp;https://www.jobstreet.co.id/job/77928857
06-Aug-24 11:05;Appraisal - SME (Makassar);PT Moladin Digital Indonesia;Makassar;Full time;https://www.jobstreet.co.id/job/77904318
07-Aug-24 07:47;Product Owner;Geekhunter;Jakarta;Full time;https://www.jobstreet.co.id/job/77928947
06-Aug-24 11:06;Appraisal - SME (Bali);PT Moladin Digital Indonesia;Denpasar;Full time;https://www.jobstreet.co.id/job/77904325
06-Aug-24 11:08;Appraisal - SME (Bandung);PT Moladin Digital Indonesia;Tulungagung;Full time;https://www.jobstreet.co.id/job/77904334
06-Aug-24 05:37;Risk Reporting Manager;PT Kredit Pintar Indonesia;South Jakarta;Full time;https://www.jobstreet.co.id/job/77892973
05-Aug-24 03:51;Cobol AS400 (Developer, BA);PT Insura Media Solusi (Jakarta);Jakarta;Full time;https://www.jobstreet.co.id/job/77856218
07-Aug-24 10:26;SAP ABAP Consultant;PT Equine Global;Jakarta;Full time;https://www.jobstreet.co.id/job/77931996
02-Aug-24 05:41;Product Owner;VIA.com;Central Jakarta;Full time;https://www.jobstreet.co.id/job/77807208
06-Aug-24 04:29;ETL Developer (Data Analytic Developer) Supervisor;Ciputra Group;South Jakarta;Full time;https://www.jobstreet.co.id/job/77891135
02-Aug-24 09:05;IT Change & Availability Management;PT Bumi Amartha Teknologi Mandiri;Central Jakarta;Contract/Temp;https://www.jobstreet.co.id/job/77816217
08-Aug-24 13:14;Associate - Enterprise System and Transformation Assurance;PwC Indonesia;Jakarta;Full time;https://www.jobstreet.co.id/job/77969264
08-Aug-24 00:12;Senior Sales Consultant;PT Oracle Indonesia;Jakarta;Full time;https://www.jobstreet.co.id/job/77950995
08-Aug-24 01:28;Operational Data Analyst;Musim Mas;Medan;Full time;https://www.jobstreet.co.id/job/77946230
08-Aug-24 11:35;Business Analyst - Forecasting, Planning, & Analysis;Shopee Internasional Indonesia;Jakarta;Full time;https://www.jobstreet.co.id/job/77969337
02-Aug-24 09:22;DATA ANALYST;Kurniawan Group;Makassar;Full time;https://www.jobstreet.co.id/job/77816646
05-Aug-24 01:29;DATA SCIENTIST;Kurniawan Group;Makassar;Full time;https://www.jobstreet.co.id/job/77850933
07-Aug-24 13:45;Business Improvement Analyst;Xendit;Jakarta;Full time;https://www.jobstreet.co.id/job/77935887
07-Aug-24 16:52;System Analyst;PT WIR ASIA;Jakarta;Full time;https://www.jobstreet.co.id/job/77940647
08-Aug-24 02:21;Officer - ICG Risk Analysis (IRAU) Credit Risk Analyst - Hybrid;PT Citi Interiorindo;Jakarta;Full time;https://www.jobstreet.co.id/job/77969341
06-Aug-24 06:40;Shopee Mitra, Sales Operations;Shopee Internasional Indonesia;Jakarta;Full time;https://www.jobstreet.co.id/job/77901701
06-Aug-24 10:25;Head of Analytics;PT Link Net;Tangerang;Full time;https://www.jobstreet.co.id/job/77921489
08-Aug-24 10:04;Bancassurance Consultant Yogyakarta;MSIG Life Insurance Indonesia Tbk;Yogyakarta;Full time;https://www.jobstreet.co.id/job/77961147
05-Aug-24 04:53;Bancassurance Consultant (Pematangsiantar & Padang Sidempuan);MSIG Life Insurance Indonesia Tbk;Pematangsiantar;Full time;https://www.jobstreet.co.id/job/77860000
05-Aug-24 07:54;Bancassurance Consultant (Merauke);MSIG Life Insurance Indonesia Tbk;Merauke Regency;Full time;https://www.jobstreet.co.id/job/77865736
07-Aug-24 03:29;Credit Analyst Officer;PT BERINGIN PERKASA SOLUSINDO;Bekasi;Full time;https://www.jobstreet.co.id/job/77968856
07-Aug-24 07:05;Credit Analyst Officer;PT Clemont Finance Indonesia;Bekasi;Full time;https://www.jobstreet.co.id/job/77970329
06-Aug-24 02:56;System Analyst;PT Graha Karya Informasi;Jakarta;Contract/Temp;https://www.jobstreet.co.id/job/77894625
07-Aug-24 09:06;System Analyst - Banking Industry;PT. SIGMA GLOBAL TEKNOLOGI (SIGMATECH);Jakarta;Contract/Temp;https://www.jobstreet.co.id/job/77950910
