listing_date;title;company;location;work_type;link
08-Aug-24 11:55;Data Center Facility Engineer;PRO-MATRIX PTE LTD;Bekasi Regency;Contract/Temp;https://www.jobstreet.co.id/job/77962046
08-Aug-24 07:02;Data Engineer;PT. Metrodata Electronics, Tbk;West Jakarta;Contract/Temp;https://www.jobstreet.co.id/job/77957138
06-Aug-24 04:33;Data Engineer Staff;Orang Tua Group;West Jakarta;Full time;https://www.jobstreet.co.id/job/77890637
06-Aug-24 07:17;Data Engineer;PT Sharing Vision Indonesia;Jakarta;Contract/Temp;https://www.jobstreet.co.id/job/77898185
07-Aug-24 07:48;Data Engineer;PT Esha Parama Teknologi;Jakarta;Full time;https://www.jobstreet.co.id/job/77928989
06-Aug-24 04:08;Data Engineer;Private Advertiser;Jakarta;Full time;https://www.jobstreet.co.id/job/77890429
07-Aug-24 04:51;Cloud Engineer Officer;Agung Sedayu Group;North Jakarta;Full time;https://www.jobstreet.co.id/job/77923363
06-Aug-24 03:22;Data Engineer (Azure Data Brick);PT Sigma Cipta Utama;South Jakarta;Full time;https://www.jobstreet.co.id/job/77886938
06-Aug-24 03:27;Data Engineer (ETL Talend Power BI);PT Sigma Cipta Utama;South Jakarta;Full time;https://www.jobstreet.co.id/job/77887423
08-Aug-24 00:56;BUSINESS INTELLIGENCE DEVELOPER;PT. Lasallefood Indonesia;Bogor Regency;Full time;https://www.jobstreet.co.id/job/77945395
08-Aug-24 02:10;Security Engineer;PT Electronic Data Interchange Indonesia (Member of Pelindo);Jakarta;Contract/Temp;https://www.jobstreet.co.id/job/77947570
07-Aug-24 09:48;Database Engineer;PT Electronic Data Interchange Indonesia (Member of Pelindo);Jakarta;Full time;https://www.jobstreet.co.id/job/77931480
05-Aug-24 07:36;Middleware Developer / Integration Engineer;PT Integrasi Logistik Cipta Solusi;North Jakarta;Contract/Temp;https://www.jobstreet.co.id/job/77865221
07-Aug-24 09:31;Data Center Engineer;PT Bali Towerindo Sentra Tbk;Central Jakarta;Full time;https://www.jobstreet.co.id/job/77931142
05-Aug-24 09:43;IP Core & ISP Senior Engineer;PT Link Net;South Jakarta;Full time;https://www.jobstreet.co.id/job/77868748
07-Aug-24 03:52;Backend Engineer (Golang) - Principal Level;PT Amartha Mikro Fintek (Jakarta);South Jakarta;Full time;https://www.jobstreet.co.id/job/77936231
02-Aug-24 04:21;Data Engineer;PT Nomura Research Institute Indonesia;Jakarta;Contract/Temp;https://www.jobstreet.co.id/job/77804897
07-Aug-24 03:08;Data Center Management Engineer;PT SGMW Motor Indonesia;Cikarang;Full time;https://www.jobstreet.co.id/job/77919091
07-Aug-24 02:35;Data Scientist - Telematics (A-109705);RGF HR Agent Indonesia;South Jakarta;Full time;https://www.jobstreet.co.id/job/77917657
06-Aug-24 04:29;ETL Developer (Data Analytic Developer) Supervisor;Ciputra Group;South Jakarta;Full time;https://www.jobstreet.co.id/job/77891135
02-Aug-24 11:23;DATA CENTER ENGINEER (Mandarin Speaker);PT EZSVS Technology Indonesia;East Jakarta;Full time;https://www.jobstreet.co.id/job/77822303
02-Aug-24 02:31;AVP Network Automation & AI/ML Architect;Indosat Ooredoo;Central Jakarta;Full time;https://www.jobstreet.co.id/job/77800068
06-Aug-24 04:27;System Implementor;Ciputra Group;West Jakarta;Full time;https://www.jobstreet.co.id/job/77891082
08-Aug-24 07:03;DevOps Engineer;PT Lintas Media Danawa;Depok;Contract/Temp;https://www.jobstreet.co.id/job/77957147
08-Aug-24 04:20;Sr. System Engineer;PT Pratesis;South Jakarta;Full time;https://www.jobstreet.co.id/job/77952519
08-Aug-24 03:11;Data & Pricing Analyst Executive;Mostrans Global Digilog;East Jakarta;Full time;https://www.jobstreet.co.id/job/77949675
07-Aug-24 02:06;Cloud Engineer;PT Multipolar Technology Tbk;South Jakarta;Full time;https://www.jobstreet.co.id/job/77916684
02-Aug-24 02:02;IT Database and Security Engineer;PT Inter Aneka Lestari Kimia;Tangerang;Full time;https://www.jobstreet.co.id/job/77799107
07-Aug-24 02:21;Data Analyst - Telematics (A-109700);RGF HR Agent Indonesia;South Jakarta;Full time;https://www.jobstreet.co.id/job/77917209
06-Aug-24 08:34;Linux Engineer;PT Bajau Escorindo;South Jakarta;Full time;https://www.jobstreet.co.id/job/77900123
07-Aug-24 03:32;Mobile (Flutter) Developer;PT Indonesia Satu Tujuh;South Jakarta;Full time;https://www.jobstreet.co.id/job/77919987
07-Aug-24 09:15;System Administrator/SysAdmin;PT Indonesia Satu Tujuh;South Jakarta;Full time;https://www.jobstreet.co.id/job/77930850
07-Aug-24 03:56;DevOps Engineer;Private Advertiser;South Jakarta;Full time;https://www.jobstreet.co.id/job/77921170
07-Aug-24 09:07;SERVER MAINTENANCE ENGINEER;PT Bentang Inspira Teknologi (Bandung);Bandung;Contract/Temp;https://www.jobstreet.co.id/job/77930691
06-Aug-24 09:56;IT SYSTEM ANALYST;PT The Master Steel MFc;Central Jakarta;Contract/Temp;https://www.jobstreet.co.id/job/77903177
06-Aug-24 07:44;QA ENGINEER;PT PCI Elektronik Internasional;Batam;Full time;https://www.jobstreet.co.id/job/77899005
06-Aug-24 01:47;Engineer;PT Teco Multiguna Elektro;Bekasi Regency;Contract/Temp;https://www.jobstreet.co.id/job/77883392
06-Aug-24 08:57;Infrastructure Engineer;PT Megaspeed International Indonesia;Cikarang;Full time;https://www.jobstreet.co.id/job/77900746
06-Aug-24 05:56;SYSTEM ENGINEER;PT Lawencon Internasional;Jakarta;Full time;https://www.jobstreet.co.id/job/77893537
07-Aug-24 09:22;Senior SFDC Development Engineer;PT Sistem Elektronika Asia;Central Jakarta;Contract/Temp;https://www.jobstreet.co.id/job/77930960
06-Aug-24 08:48;IT Engineer;PT Megaspeed International Indonesia;Cikarang;Full time;https://www.jobstreet.co.id/job/77900516
07-Aug-24 04:04;L2 Datacomm Engineer;PT Metrocom Global Solusi;Jakarta;Full time;https://www.jobstreet.co.id/job/77921563
07-Aug-24 11:46;IT Data Center Relocation Consultant;PT Bank Woori Saudara Indonesia 1906, Tbk;South Jakarta;Contract/Temp;https://www.jobstreet.co.id/job/77932490
05-Aug-24 02:46;System Engineer;PT EMS Paramitra;East Jakarta;Full time;https://www.jobstreet.co.id/job/77853632
05-Aug-24 10:15;Senior Operating Tech. Support Engineer;PT. Metrodata Electronics, Tbk;West Jakarta;Contract/Temp;https://www.jobstreet.co.id/job/77871152
07-Aug-24 06:52;Senior Microsoft SQL Server Database Support;PT Sisindokom Lintasbuana;Pekanbaru;Full time;https://www.jobstreet.co.id/job/77927392
05-Aug-24 04:12;Data Analyst for Supply Chain;PT Electrolux Indonesia;Central Jakarta;Full time;https://www.jobstreet.co.id/job/77858354
06-Aug-24 02:57;Senior Software Engineer;PT Qeon Interactive;Jakarta;Full time;https://www.jobstreet.co.id/job/77885959
02-Aug-24 04:47;System Engineer;PT Gaweku Human Technology (Gaweku);Semarang;Full time;https://www.jobstreet.co.id/job/77805693
07-Aug-24 02:00;Backend Software Engineer - Experience;PT Trinusa Travelindo;Jakarta;Full time;https://www.jobstreet.co.id/job/77937705
02-Aug-24 01:47;Network Engineer;LightsUp Network Solution Sdn Bhd;South Jakarta;Full time;https://www.jobstreet.co.id/job/77798579
07-Aug-24 02:00;Backend Software Engineer - Experience;PT Trinusa Travelindo;Jakarta;Full time;https://www.jobstreet.co.id/job/77937148
07-Aug-24 08:53;Senior Backend Developer;PT Infosys Solusi Terpadu;South Jakarta;Full time;https://www.jobstreet.co.id/job/77930447
07-Aug-24 11:08;IT Business Analyst & Application Engineer Specialist;PT Morula Indonesia;Central Jakarta;Contract/Temp;https://www.jobstreet.co.id/job/77932336
07-Aug-24 10:31;Senior DevOps Engineer;TUNTUN SEKURITAS INDONESIA;North Jakarta;Full time;https://www.jobstreet.co.id/job/77932057
02-Aug-24 02:50;Business Process Engineer;PT SMART,Tbk;South Jakarta;Full time;https://www.jobstreet.co.id/job/77800782
02-Aug-24 08:19;System Engineer - Server & Storage;PT Net One Asia;South Jakarta;Contract/Temp;https://www.jobstreet.co.id/job/77814721
02-Aug-24 08:30;DevOps Engineer (Internship);PT iZeno Teknologi Indonesia;South Jakarta;Full time;https://www.jobstreet.co.id/job/77814953
02-Aug-24 06:11;Power BI Developer;PT Rsystems Ibizcs International;North Jakarta;Contract/Temp;https://www.jobstreet.co.id/job/77808444
05-Aug-24 04:38;Backend Engineer;PT Valortek Ratanika Utama;Jakarta;Full time;https://www.jobstreet.co.id/job/77859585
02-Aug-24 03:07;Operational Technology Engineer;PT TDK ELECTRONICS INDONESIA;Batam;Full time;https://www.jobstreet.co.id/job/77801501
05-Aug-24 10:14;.NET Developer;PT Lawencon Internasional;Jakarta;Full time;https://www.jobstreet.co.id/job/77871098
05-Aug-24 12:00;System Architect;PT Schneider Electric;South Jakarta;Full time;https://www.jobstreet.co.id/job/77877353
06-Aug-24 01:30;Experienced Backend Software Engineer - Travel Activities;PT Trinusa Travelindo;Jakarta;Full time;https://www.jobstreet.co.id/job/77894783
06-Aug-24 06:10;Storage Engineer;PT. Berca Hardayaperkasa;Central Jakarta;Contract/Temp;https://www.jobstreet.co.id/job/77894237
06-Aug-24 01:30;Experienced Backend Software Engineer - Travel Activities (Open);PT Trinusa Travelindo;Jakarta;Full time;https://www.jobstreet.co.id/job/77894769
02-Aug-24 07:51;Integration Engineer, Orchestration team;PT Solusi Transportasi Indonesia;South Jakarta;Full time;https://www.jobstreet.co.id/job/77816708
02-Aug-24 06:28;Web Engineer (for MCM);PT Merah Cipta Media;West Jakarta;Full time;https://www.jobstreet.co.id/job/77809909
06-Aug-24 08:20;System Analyst;Geekhunter;Jakarta;Full time;https://www.jobstreet.co.id/job/77899932
06-Aug-24 07:40;Data Analyst (Project -+3 Bulan);PT Chandra Naya Laksana;East Jakarta;Contract/Temp;https://www.jobstreet.co.id/job/77898885
03-Aug-24 01:00;Software Engineer - Web;PT Trinusa Travelindo;Jakarta;Full time;https://www.jobstreet.co.id/job/77836929
06-Aug-24 13:16;Data and GIS Staff;PT Sarana Geospasial Terpadu;Bogor Regency;Full time;https://www.jobstreet.co.id/job/77905958
01-Aug-24 19:13;Senior QA Engineer;PT Solusi Transportasi Indonesia;Jakarta;Full time;https://www.jobstreet.co.id/job/77793805
03-Aug-24 01:00;Software Engineer;PT Trinusa Travelindo;Jakarta;Full time;https://www.jobstreet.co.id/job/77836894
05-Aug-24 01:53;Supervisor Data Center;Indofood Group;South Jakarta;Full time;https://www.jobstreet.co.id/job/77851812
05-Aug-24 04:30;Java Engineer;Hand International Pte. Ltd.;Jakarta;Full time;https://www.jobstreet.co.id/job/77859344
03-Aug-24 01:00;Backend Engineer - Flight;PT Trinusa Travelindo;Jakarta;Full time;https://www.jobstreet.co.id/job/77836810
02-Aug-24 03:32;Software Lead Engineer;PT. Permata Azzuri Sehat;South Jakarta;Contract/Temp;https://www.jobstreet.co.id/job/77802857
05-Aug-24 08:41;IT Developer (Business Intelligence);PT Foodex Inti Ingredients;Cikarang;Full time;https://www.jobstreet.co.id/job/77866827
03-Aug-24 01:00;Software Engineer - Backend (Transport);PT Trinusa Travelindo;Jakarta;Full time;https://www.jobstreet.co.id/job/77836991
05-Aug-24 07:02;Network Engineer (Taman Tekno Tangerang);PT Karya Solusi Prima Sejahtera;Tangerang;Full time;https://www.jobstreet.co.id/job/77864156
03-Aug-24 01:00;Backend Engineer - Flight;PT Trinusa Travelindo;Jakarta;Full time;https://www.jobstreet.co.id/job/77836730
02-Aug-24 04:22;Frontend Engineer (Flutter);PT Nomura Research Institute Indonesia;Central Jakarta;Contract/Temp;https://www.jobstreet.co.id/job/77804912
03-Aug-24 01:00;Experienced Backend Software Engineer - Experience;PT Trinusa Travelindo;Jakarta;Full time;https://www.jobstreet.co.id/job/77836736
05-Aug-24 09:03;Technical Oracle Asst Manager;PT Cahaya Research Indonesia;Central Jakarta;Full time;https://www.jobstreet.co.id/job/77867287
05-Aug-24 06:45;IT Database Administrator;PT Akulaku Silvrr Indonesia;Jakarta;Full time;https://www.jobstreet.co.id/job/77863593
02-Aug-24 00:30;Software Engineer;PT Trinusa Travelindo;Jakarta;Full time;https://www.jobstreet.co.id/job/77802091
05-Aug-24 11:09;Data Centre Day Technician (Batam);PT CBRE Consultancy Services;Bintan;Full time;https://www.jobstreet.co.id/job/77875764
07-Aug-24 12:26;Business Excellence Supervisor;PT BSA Logistics Indonesia;Jakarta;Full time;https://www.jobstreet.co.id/job/77933106
05-Aug-24 11:47;Data Centre Day Technician (Batam);PT CBRE Consultancy Services;Bintan;Full time;https://www.jobstreet.co.id/job/77875818
02-Aug-24 06:40;SYSTEM ENGINEER;PT Ras Digital Media;South Jakarta;Full time;https://www.jobstreet.co.id/job/77811544
06-Aug-24 01:30;Senior Associate Product Manager - Supply;PT Trinusa Travelindo;Jakarta;Full time;https://www.jobstreet.co.id/job/77894842
02-Aug-24 08:04;Server Engineer;PT Netmarks Indonesia;North Jakarta;Contract/Temp;https://www.jobstreet.co.id/job/77814350
07-Aug-24 03:41;IT Staff;PT Satu Bumi;Bantul Regency;Full time;https://www.jobstreet.co.id/job/77920476
02-Aug-24 10:40;IT Apps Support Engineer;Daikin Industries Indonesia;Cikarang;Full time;https://www.jobstreet.co.id/job/77821935
06-Aug-24 11:43;Software Engineer, Mobile (Flutter) - Merchant Experience;PT Solusi Transportasi Indonesia;Jakarta;Full time;https://www.jobstreet.co.id/job/77906976
02-Aug-24 07:12;DevSecOps Engineer;PT Esha Parama Teknologi;Jakarta;Full time;https://www.jobstreet.co.id/job/77812914
08-Aug-24 04:06;Associate Product Manager;PT Pratesis;South Jakarta;Full time;https://www.jobstreet.co.id/job/77952036
07-Aug-24 03:58;Head of Engineering;PT Amartha Mikro Fintek (Jakarta);South Jakarta;Full time;https://www.jobstreet.co.id/job/77936931
02-Aug-24 12:33;DevOps Engineer;Solusi Kode Indonesia;South Tangerang;Contract/Temp;https://www.jobstreet.co.id/job/77819078
