listing_date;title;company;location;work_type;link
07-Aug-24 09:15;System Administrator/SysAdmin;PT Indonesia Satu Tujuh;South Jakarta;Full time;https://www.jobstreet.co.id/job/77930850
08-Aug-24 01:46;IT DBA (DATABASE ADMINISTRATOR);PT Pura Barutama (PURA GROUP);Kudus;Full time;https://www.jobstreet.co.id/job/77946782
05-Aug-24 06:45;IT Database Administrator;PT Akulaku Silvrr Indonesia;Jakarta;Full time;https://www.jobstreet.co.id/job/77863593
07-Aug-24 06:52;Senior Microsoft SQL Server Database Support;PT Sisindokom Lintasbuana;Pekanbaru;Full time;https://www.jobstreet.co.id/job/77927392
08-Aug-24 06:38;ERP Functional Consultant;PT Nssol Systems Indonesia;Central Jakarta;Full time;https://www.jobstreet.co.id/job/77956379
02-Aug-24 03:46;Database Administrator;PT Valuestream International;Bandung;Full time;https://www.jobstreet.co.id/job/77803667
07-Aug-24 09:48;Database Engineer;PT Electronic Data Interchange Indonesia (Member of Pelindo);Jakarta;Full time;https://www.jobstreet.co.id/job/77931480
02-Aug-24 06:12;Oracle Database Administrator;PT. Berca Hardayaperkasa;Jakarta;Contract/Temp;https://www.jobstreet.co.id/job/77808476
05-Aug-24 09:03;Technical Oracle Asst Manager;PT Cahaya Research Indonesia;Central Jakarta;Full time;https://www.jobstreet.co.id/job/77867287
07-Aug-24 08:10;SYSTEM ADMINISTRATOR;PT Graha Layar Prima;South Jakarta;Full time;https://www.jobstreet.co.id/job/77929549
05-Aug-24 02:31;System Administrator;PT Cyberquote Indonesia;Surabaya;Contract/Temp;https://www.jobstreet.co.id/job/77852912
02-Aug-24 02:02;ORACLE PROGRAMMER;PT Padang Golf Bukit sentul;Bogor;Full time;https://www.jobstreet.co.id/job/77799081
08-Aug-24 07:02;Data Engineer;PT. Metrodata Electronics, Tbk;West Jakarta;Contract/Temp;https://www.jobstreet.co.id/job/77957138
06-Aug-24 02:41;Oracle Functional;Dexa Group;Tangerang;Full time;https://www.jobstreet.co.id/job/77885302
06-Aug-24 02:07;SAP BASIS;PT Astra Graphia Information Technology (AGIT);North Jakarta;Contract/Temp;https://www.jobstreet.co.id/job/77884097
08-Aug-24 09:55;Functional Consultant for banking;PT Abhimata Persada;Central Jakarta;Full time;https://www.jobstreet.co.id/job/77961011
08-Aug-24 02:07;Jr. Testing Application Support;PT Sinergi Daya Mitra;Jakarta;Contract/Temp;https://www.jobstreet.co.id/job/77947476
06-Aug-24 09:56;IT SYSTEM ANALYST;PT The Master Steel MFc;Central Jakarta;Contract/Temp;https://www.jobstreet.co.id/job/77903177
08-Aug-24 00:12;Senior Sales Consultant;PT Oracle Indonesia;Jakarta;Full time;https://www.jobstreet.co.id/job/77950995
08-Aug-24 02:09;IT Business Analyst;PT Phincon;South Jakarta;Full time;https://www.jobstreet.co.id/job/77947543
08-Aug-24 09:32;IT Middleware Developer;PT Bumi Amartha Teknologi Mandiri;South Jakarta;Contract/Temp;https://www.jobstreet.co.id/job/77960608
05-Aug-24 01:23;Junior Developer;PT Asuransi Mitra Pelindung Mustika;West Jakarta;Full time;https://www.jobstreet.co.id/job/77850791
05-Aug-24 07:36;Middleware Developer / Integration Engineer;PT Integrasi Logistik Cipta Solusi;North Jakarta;Contract/Temp;https://www.jobstreet.co.id/job/77865221
03-Aug-24 14:19;Information Technology Staff;RS Mata Undaan;Surabaya;Full time;https://www.jobstreet.co.id/job/77840921
02-Aug-24 02:02;IT Database and Security Engineer;PT Inter Aneka Lestari Kimia;Tangerang;Full time;https://www.jobstreet.co.id/job/77799107
08-Aug-24 04:29;IT Network Administrator;PT MIZUHO LEASING INDONESIA TBK;Central Jakarta;Full time;https://www.jobstreet.co.id/job/77952744
08-Aug-24 04:43;IT Business Analyst;PT. HTC Global Software Services;Central Jakarta;Contract/Temp;https://www.jobstreet.co.id/job/77953150
08-Aug-24 03:13;IT Application Developement Specialist (IT Developer);PT Panarub Industry;Tangerang;Full time;https://www.jobstreet.co.id/job/77949753
08-Aug-24 00:58;IT Business Analyst;PT Salva Teknologi Digital;Central Jakarta;Full time;https://www.jobstreet.co.id/job/77945444
08-Aug-24 03:25;IT Programmer Developer;PT Panca Budi Pratama;Tangerang;Full time;https://www.jobstreet.co.id/job/77950233
08-Aug-24 02:53;IT System Analyst Manager (Sales Distribution);Erajaya Group;West Jakarta;Full time;https://www.jobstreet.co.id/job/77949021
08-Aug-24 02:11;Data Analyst - ERP Staff (JAKARTA);PT Allure Alluminio;North Jakarta;Full time;https://www.jobstreet.co.id/job/77947594
08-Aug-24 04:30;Associate - Enterprise System and Transformation Assurance;PwC Indonesia;Jakarta;Full time;https://www.jobstreet.co.id/job/77969756
07-Aug-24 07:48;Data Engineer;PT Esha Parama Teknologi;Jakarta;Full time;https://www.jobstreet.co.id/job/77928989
07-Aug-24 02:28;ERP Engineer;PT OS Selnajaya Indonesia;South Jakarta;Full time;https://www.jobstreet.co.id/job/77917446
07-Aug-24 11:46;IT Data Center Relocation Consultant;PT Bank Woori Saudara Indonesia 1906, Tbk;South Jakarta;Contract/Temp;https://www.jobstreet.co.id/job/77932490
07-Aug-24 11:08;IT Business Analyst & Application Engineer Specialist;PT Morula Indonesia;Central Jakarta;Contract/Temp;https://www.jobstreet.co.id/job/77932336
07-Aug-24 02:21;Data Analyst - Telematics (A-109700);RGF HR Agent Indonesia;South Jakarta;Full time;https://www.jobstreet.co.id/job/77917209
07-Aug-24 09:07;SERVER MAINTENANCE ENGINEER;PT Bentang Inspira Teknologi (Bandung);Bandung;Contract/Temp;https://www.jobstreet.co.id/job/77930691
07-Aug-24 09:36;Functional Consultant D365 CRM;PT Kreatif Dinamika Integrasi;Jakarta;Full time;https://www.jobstreet.co.id/job/77931266
07-Aug-24 09:22;Senior SFDC Development Engineer;PT Sistem Elektronika Asia;Central Jakarta;Contract/Temp;https://www.jobstreet.co.id/job/77930960
07-Aug-24 02:43;System Analyst;PT Mitra Solusi Telematika;South Jakarta;Full time;https://www.jobstreet.co.id/job/77917958
07-Aug-24 07:45;IT Programmer;PT PFI Mega Life Insurance;South Jakarta;Full time;https://www.jobstreet.co.id/job/77928891
07-Aug-24 03:08;Data Center Management Engineer;PT SGMW Motor Indonesia;Cikarang;Full time;https://www.jobstreet.co.id/job/77919091
07-Aug-24 02:35;Data Scientist - Telematics (A-109705);RGF HR Agent Indonesia;South Jakarta;Full time;https://www.jobstreet.co.id/job/77917657
07-Aug-24 07:44;Salesforce Functional Consultant;PT Shaft Consulting Services;Jakarta;Contract/Temp;https://www.jobstreet.co.id/job/77928857
06-Aug-24 04:29;ETL Developer (Data Analytic Developer) Supervisor;Ciputra Group;South Jakarta;Full time;https://www.jobstreet.co.id/job/77891135
06-Aug-24 04:08;Data Engineer;Private Advertiser;Jakarta;Full time;https://www.jobstreet.co.id/job/77890429
06-Aug-24 04:33;Data Engineer Staff;Orang Tua Group;West Jakarta;Full time;https://www.jobstreet.co.id/job/77890637
06-Aug-24 05:59;System Analyst;PT Lawencon Internasional;South Jakarta;Full time;https://www.jobstreet.co.id/job/77893786
06-Aug-24 06:26;IT STAFF;PT Mitracitra Mandirioffset;Sidoarjo;Full time;https://www.jobstreet.co.id/job/77895545
06-Aug-24 04:27;System Implementor;Ciputra Group;West Jakarta;Full time;https://www.jobstreet.co.id/job/77891082
06-Aug-24 07:17;Data Engineer;PT Sharing Vision Indonesia;Jakarta;Contract/Temp;https://www.jobstreet.co.id/job/77898185
06-Aug-24 03:27;Data Engineer (ETL Talend Power BI);PT Sigma Cipta Utama;South Jakarta;Full time;https://www.jobstreet.co.id/job/77887423
06-Aug-24 03:22;Data Engineer (Azure Data Brick);PT Sigma Cipta Utama;South Jakarta;Full time;https://www.jobstreet.co.id/job/77886938
06-Aug-24 09:08;Oracle Functional Consultant (Human Capital Management/HCM Module);PT Equine Global;South Jakarta;Full time;https://www.jobstreet.co.id/job/77900868
06-Aug-24 13:16;Data and GIS Staff;PT Sarana Geospasial Terpadu;Bogor Regency;Full time;https://www.jobstreet.co.id/job/77905958
06-Aug-24 04:53;System Analyst - IT Consulting (A-109667);RGF HR Agent Indonesia;South Jakarta;Full time;https://www.jobstreet.co.id/job/77891800
06-Aug-24 09:30;Banking System Develop & Maintanance;PT. PLANA NETWORKS INDONESIA;South Jakarta;Full time;https://www.jobstreet.co.id/job/77901466
06-Aug-24 03:47;Software Engineer;PT Intimedika Puspa Indaj;North Jakarta;Full time;https://www.jobstreet.co.id/job/77889330
06-Aug-24 04:44;PROGRAMMER ASP.Net;PT Gunta Samba Jaya;Jakarta;Full time;https://www.jobstreet.co.id/job/77891416
06-Aug-24 09:14;Procurement Category Analyst (IT & Office Consumable);PT SMART,Tbk;Jakarta;Full time;https://www.jobstreet.co.id/job/77901132
06-Aug-24 08:34;Linux Engineer;PT Bajau Escorindo;South Jakarta;Full time;https://www.jobstreet.co.id/job/77900123
06-Aug-24 05:56;SYSTEM ENGINEER;PT Lawencon Internasional;Jakarta;Full time;https://www.jobstreet.co.id/job/77893537
05-Aug-24 09:14;Staff IT System Analyst;Kisel (Koperasi Telekomunikasi Selular);South Jakarta;Full time;https://www.jobstreet.co.id/job/77867723
05-Aug-24 03:52;IT STORE SUPPORT;PT Sumber Indah Lestari (DAN+DAN);Tangerang Regency;Contract/Temp;https://www.jobstreet.co.id/job/77856190
05-Aug-24 01:53;Supervisor Data Center;Indofood Group;South Jakarta;Full time;https://www.jobstreet.co.id/job/77851812
05-Aug-24 04:12;Data Analyst for Supply Chain;PT Electrolux Indonesia;Central Jakarta;Full time;https://www.jobstreet.co.id/job/77858354
05-Aug-24 10:23;IT System Requirement Analyst (JS - IT SRA);OTO Group;South Jakarta;Full time;https://www.jobstreet.co.id/job/77871872
05-Aug-24 08:24;IT Support and Compliance;PT Duta Intiguna Yasa (MR DIY);Jakarta;Full time;https://www.jobstreet.co.id/job/77866436
05-Aug-24 09:00;Marketing Admin Support - Data Analyst;PT Cahaya Research Indonesia;South Jakarta;Full time;https://www.jobstreet.co.id/job/77867244
05-Aug-24 08:41;IT Developer (Business Intelligence);PT Foodex Inti Ingredients;Cikarang;Full time;https://www.jobstreet.co.id/job/77866827
05-Aug-24 04:08;IT System Developer;PT Plaza Auto Prima;South Jakarta;Full time;https://www.jobstreet.co.id/job/77858027
02-Aug-24 04:21;Data Engineer;PT Nomura Research Institute Indonesia;Jakarta;Contract/Temp;https://www.jobstreet.co.id/job/77804897
02-Aug-24 06:11;Power BI Developer;PT Rsystems Ibizcs International;North Jakarta;Contract/Temp;https://www.jobstreet.co.id/job/77808444
02-Aug-24 07:18;IT Document Management & Support;PT ADR Agro;North Jakarta;Full time;https://www.jobstreet.co.id/job/77813155
02-Aug-24 09:05;IT Change & Availability Management;PT Bumi Amartha Teknologi Mandiri;Central Jakarta;Contract/Temp;https://www.jobstreet.co.id/job/77816217
02-Aug-24 06:40;SYSTEM ENGINEER;PT Ras Digital Media;South Jakarta;Full time;https://www.jobstreet.co.id/job/77811544
02-Aug-24 10:40;IT Apps Support Engineer;Daikin Industries Indonesia;Cikarang;Full time;https://www.jobstreet.co.id/job/77821935
02-Aug-24 09:49;Customer Insight Data Analytic - Associate;FIBERSTAR (PT. Mega Akses Persada);South Jakarta;Full time;https://www.jobstreet.co.id/job/77818759
02-Aug-24 04:47;System Engineer;PT Gaweku Human Technology (Gaweku);Semarang;Full time;https://www.jobstreet.co.id/job/77805693
02-Aug-24 07:51;Integration Engineer, Orchestration team;PT Solusi Transportasi Indonesia;South Jakarta;Full time;https://www.jobstreet.co.id/job/77816708
08-Aug-24 03:59;System Administrator Specialist;PT Bima Sakti Alterra;Denpasar;Full time;https://www.jobstreet.co.id/job/77969187
08-Aug-24 09:53;Jr. Manager Application Support;Indofood Group;North Jakarta;Full time;https://www.jobstreet.co.id/job/77969581
07-Aug-24 13:45;Business Improvement Analyst;Xendit;Jakarta;Full time;https://www.jobstreet.co.id/job/77935887
06-Aug-24 02:08;Staff IT;PT Delifru Utama Indonesia;Gresik;Full time;https://www.jobstreet.co.id/job/77895355
02-Aug-24 07:40;Operator IT;PT. Jasa Medika Transmedic sebagai rekruter RSUD dr. Chasbullah Abdulmadjid;West Java;Full time;https://www.jobstreet.co.id/job/77816761
02-Aug-24 09:22;DATA ANALYST;Kurniawan Group;Makassar;Full time;https://www.jobstreet.co.id/job/77816646
07-Aug-24 03:00;Database Administrator (for Banking Industry);PT. SIGMA GLOBAL TEKNOLOGI (SIGMATECH);Jakarta;Full time;https://www.jobstreet.co.id/job/77950918
08-Aug-24 07:37;Python Developer - BANKING Company;PT. SIGMA GLOBAL TEKNOLOGI (SIGMATECH);Jakarta;Contract/Temp;https://www.jobstreet.co.id/job/77969352
07-Aug-24 03:35;IT Data Engineer - Manufactur Company;PT. SIGMA GLOBAL TEKNOLOGI (SIGMATECH);Jakarta;Contract/Temp;https://www.jobstreet.co.id/job/77950765
07-Aug-24 07:43;Data Engineer (ETL) - ASAP;PT. SIGMA GLOBAL TEKNOLOGI (SIGMATECH);Jakarta;Contract/Temp;https://www.jobstreet.co.id/job/77950886
07-Aug-24 03:39;IT System Analyst - Manufactur Company;PT. SIGMA GLOBAL TEKNOLOGI (SIGMATECH);Jakarta;Contract/Temp;https://www.jobstreet.co.id/job/77951026
07-Aug-24 04:55;Supervisor Computer System;Suksesindo Group;Jombang;Full time;https://www.jobstreet.co.id/job/77969388
07-Aug-24 09:06;System Analyst - Banking Industry;PT. SIGMA GLOBAL TEKNOLOGI (SIGMATECH);Jakarta;Contract/Temp;https://www.jobstreet.co.id/job/77950910
07-Aug-24 03:10;IT Testing Application Support (for Banking Industry);PT. SIGMA GLOBAL TEKNOLOGI (SIGMATECH);Jakarta;Full time;https://www.jobstreet.co.id/job/77950843
07-Aug-24 06:22;Server Engineer;Juke Solutions;Jakarta;Full time;https://www.jobstreet.co.id/job/77950828
06-Aug-24 02:56;System Analyst;PT Graha Karya Informasi;Jakarta;Contract/Temp;https://www.jobstreet.co.id/job/77894625
06-Aug-24 03:27;Technical Deputy Head;IlmuOne Data;Jakarta;Full time;https://www.jobstreet.co.id/job/77909445
06-Aug-24 05:39;System Engineer (Yogyakarta);Privy ID;Yogyakarta;Full time;https://www.jobstreet.co.id/job/77909457
