listing_date;title;company;location;work_type;link
06-Aug-24 09:54;Front-End Developer;PT Nusantara Sejahtera Raya Tbk (Cinema XXI);Central Jakarta;Full time;https://www.jobstreet.co.id/job/77903035
06-Aug-24 05:33;Programmer Back End Dan Front End;PT DIBUILTADI TEKNOLOGI KREATIF;Semarang;Full time;https://www.jobstreet.co.id/job/77774331
07-Aug-24 04:52;Frontend Developer;PT XSIS MITRA UTAMA - Recruitment Center;Jakarta;Full time;https://www.jobstreet.co.id/job/77923383
05-Aug-24 04:54;Front End Engineer;PT Valortek Ratanika Utama;Jakarta;Full time;https://www.jobstreet.co.id/job/77860029
08-Aug-24 08:40;IT Web Developer (Contractual Basis);Lembaga Pembiayaan Ekspor Indonesia (Indonesia Eximbank);South Jakarta;Contract/Temp;https://www.jobstreet.co.id/job/77959581
05-Aug-24 02:23;Full Programmer;PT Gunatronikatama Cipta (GASI);South Jakarta;Contract/Temp;https://www.jobstreet.co.id/job/77852857
05-Aug-24 08:40;Senior Frontend/Backend Developer (2+ Years Experience);PT. KMS KONSULTASI SOLUSI;Yogyakarta Special Region;Full time;https://www.jobstreet.co.id/job/77866722
03-Aug-24 12:02;WordPress Developer;PT. Bintang Jaya Unggul Sentosa;North Jakarta;Full time;https://www.jobstreet.co.id/job/77838877
02-Aug-24 04:22;Frontend Engineer (React);PT Nomura Research Institute Indonesia;Central Jakarta;Contract/Temp;https://www.jobstreet.co.id/job/77804913
04-Aug-24 09:00;Senior full stack developer;Ventura Stays;Bali;Full time;https://www.jobstreet.co.id/job/77844486
05-Aug-24 07:36;Middleware Developer / Integration Engineer;PT Integrasi Logistik Cipta Solusi;North Jakarta;Contract/Temp;https://www.jobstreet.co.id/job/77865221
04-Aug-24 02:10;Fullstack Developer;PT Indoglobal Nusa Persada;Yogyakarta;Full time;https://www.jobstreet.co.id/job/77842463
02-Aug-24 02:31;Front End Developer Executive;PT Niaga Nusa Abadi;East Jakarta;Full time;https://www.jobstreet.co.id/job/77800074
08-Aug-24 04:23;Fullstack Developer;PT Sinar Sakti Internasional;East Jakarta;Full time;https://www.jobstreet.co.id/job/77952365
07-Aug-24 04:56;Web Developer;Progress Group;North Jakarta;Full time;https://www.jobstreet.co.id/job/77923494
08-Aug-24 09:39;Web Developer;Banananina (Bekasi);Bekasi;Full time;https://www.jobstreet.co.id/job/77960516
08-Aug-24 01:53;Programmer;PT SR12 Herbal Kosmetik;Bogor Regency;Full time;https://www.jobstreet.co.id/job/77947019
07-Aug-24 09:49;Web Developer (Senior);TUNTUN SEKURITAS INDONESIA;North Jakarta;Full time;https://www.jobstreet.co.id/job/77931498
01-Aug-24 14:52;Junior Flutter Developer;PT Kode Gama Teknologi;South Jakarta;Full time;https://www.jobstreet.co.id/job/77789731
05-Aug-24 06:08;Web Developer / Web Programmer;PT VISI TEGUH KREATIF (VISTEK);Bandung;Full time;https://www.jobstreet.co.id/job/77862311
08-Aug-24 06:37;Node Js Programmer;PT Electronic Data Interchange Indonesia (Member of Pelindo);Jakarta;Contract/Temp;https://www.jobstreet.co.id/job/77956349
06-Aug-24 06:18;IT Programmer (Penempatan Purwakarta - Jawa Barat);PT Indopoly Swakarsa Industry, Tbk (Jakarta);Purwakarta Regency;Full time;https://www.jobstreet.co.id/job/77894489
05-Aug-24 08:04;WEB PROGRAMMER;Suhartono Tjokro Grup;Surabaya;Full time;https://www.jobstreet.co.id/job/77865988
06-Aug-24 06:49;IT Staff (Web Developer);PT Tirtakencana Tatawarna (Head Office);Surabaya;Full time;https://www.jobstreet.co.id/job/77897297
05-Aug-24 10:23;Backend Developer;PT Intersolusi Teknologi Asia;Bandung;Full time;https://www.jobstreet.co.id/job/77871877
02-Aug-24 08:12;Senior Fullstack Developer;PT Redbuzz Mediatama;West Jakarta;Contract/Temp;https://www.jobstreet.co.id/job/77814552
03-Aug-24 14:19;Information Technology Staff;RS Mata Undaan;Surabaya;Full time;https://www.jobstreet.co.id/job/77840921
07-Aug-24 03:32;Mobile (Flutter) Developer;PT Indonesia Satu Tujuh;South Jakarta;Full time;https://www.jobstreet.co.id/job/77919987
07-Aug-24 06:52;Fullstact Developer;PT. MGIndotech;South Tangerang;Full time;https://www.jobstreet.co.id/job/77927381
06-Aug-24 04:27;FLUTTER/DART -  MOBILE DEVELOPER ( ANDROID/IOS);VIRTUAL PROPERTI PLUS;Jakarta;Full time;https://www.jobstreet.co.id/job/77891065
05-Aug-24 01:23;Junior Developer;PT Asuransi Mitra Pelindung Mustika;West Jakarta;Full time;https://www.jobstreet.co.id/job/77850791
05-Aug-24 02:32;React Full Stack Developer;PT IFCA Property365 Indonesia;South Jakarta;Full time;https://www.jobstreet.co.id/job/77853133
03-Aug-24 07:00;Website Developer;PT. Deus Digital Transformasi Universal;Surabaya;Full time;https://www.jobstreet.co.id/job/77836246
06-Aug-24 04:40;Senior Full Stack Web Developer;PT. Gree Electric Appliances Indonesia;North Jakarta;Full time;https://www.jobstreet.co.id/job/77891451
02-Aug-24 07:16;Senior System Developer Specialist;PT Nawakara Perkasa Nusantara;South Jakarta;Full time;https://www.jobstreet.co.id/job/77813070
02-Aug-24 09:32;Backend Developer Internship;PT Tri Sapta Jaya;East Jakarta;Full time;https://www.jobstreet.co.id/job/77817492
05-Aug-24 01:53;SPV/STAFF IT WEB DEVELOPER;PT APTI ADHI ANANTA;Tangerang;Full time;https://www.jobstreet.co.id/job/77851607
06-Aug-24 09:49;Senior Fullstack Developer;PT Sentra Vidya Utama;Surabaya;Full time;https://www.jobstreet.co.id/job/77902622
07-Aug-24 06:37;Fullstack Developer;PT Bumi Amartha Teknologi Mandiri;Central Jakarta;Contract/Temp;https://www.jobstreet.co.id/job/77926920
02-Aug-24 10:33;Web Programmer;PT Pratama Cipta Lestarindo;North Jakarta;Full time;https://www.jobstreet.co.id/job/77821850
05-Aug-24 02:59;Full Stack Programmer;Next Vibes;Bandung;Full time;https://www.jobstreet.co.id/job/77854202
02-Aug-24 10:15;Website Developer;Private Advertiser;Bandung;Contract/Temp;https://www.jobstreet.co.id/job/77821151
05-Aug-24 03:09;Programmer Web Base & Mobile;PT. Dwida Jaya Tama;Bogor;Full time;https://www.jobstreet.co.id/job/77854633
03-Aug-24 01:00;Software Engineer (Web) - Accommodation;PT Trinusa Travelindo;Jakarta;Full time;https://www.jobstreet.co.id/job/77836769
02-Aug-24 08:44;IT Programmer / Web Developer;PT Binabusana Internusa;Central Jakarta;Full time;https://www.jobstreet.co.id/job/77815382
07-Aug-24 03:09;IT Developer - Alam Sutera;PT Gogomedia Visindo;South Tangerang;Full time;https://www.jobstreet.co.id/job/77919145
02-Aug-24 03:46;Web Developer Staff;PT Sree Logistics Indonesia;South Jakarta;Full time;https://www.jobstreet.co.id/job/77803672
08-Aug-24 03:25;IT Programmer Developer;PT Panca Budi Pratama;Tangerang;Full time;https://www.jobstreet.co.id/job/77950233
05-Aug-24 02:18;Associate Programmer;PT Gunatronikatama Cipta (GASI);South Jakarta;Contract/Temp;https://www.jobstreet.co.id/job/77852684
05-Aug-24 03:10;IT Programmer;Private Advertiser;Surabaya;Full time;https://www.jobstreet.co.id/job/77854660
08-Aug-24 09:32;IT Middleware Developer;PT Bumi Amartha Teknologi Mandiri;South Jakarta;Contract/Temp;https://www.jobstreet.co.id/job/77960608
06-Aug-24 07:37;Senior Bubble IO Developer;PT. Bali Staff Solution;Denpasar;Full time;https://www.jobstreet.co.id/job/77898798
05-Aug-24 04:08;IT System Developer;PT Plaza Auto Prima;South Jakarta;Full time;https://www.jobstreet.co.id/job/77858027
02-Aug-24 06:32;Fullstack Web Developer;PT Integrasi Logistik Cipta Solusi;Jakarta;Contract/Temp;https://www.jobstreet.co.id/job/77810736
08-Aug-24 06:26;IT Developer;PT Nirwana Lestari.;Bekasi;Full time;https://www.jobstreet.co.id/job/77955966
05-Aug-24 03:22;ODOO DEVELOPER;PT IGP Internasional;Yogyakarta Special Region;Contract/Temp;https://www.jobstreet.co.id/job/77855121
03-Aug-24 01:00;Software Engineer - Web;PT Trinusa Travelindo;Jakarta;Full time;https://www.jobstreet.co.id/job/77836929
05-Aug-24 08:26;Programmer Staff;PT Yamazaki Indonesia;Cikarang;Full time;https://www.jobstreet.co.id/job/77866481
02-Aug-24 04:22;Frontend Engineer (Flutter);PT Nomura Research Institute Indonesia;Central Jakarta;Contract/Temp;https://www.jobstreet.co.id/job/77804912
05-Aug-24 14:05;Java Developer;PT Vanz Inovatif Teknologi;Jakarta;Contract/Temp;https://www.jobstreet.co.id/job/77875093
08-Aug-24 09:56;Full Stack Engineer;PT Sharing Vision Indonesia;Jakarta;Full time;https://www.jobstreet.co.id/job/77961039
02-Aug-24 04:14;IT Development;PT. Grinviro Biotekno Indonesia;Tangerang;Full time;https://www.jobstreet.co.id/job/77804575
02-Aug-24 06:28;Web Engineer (for MCM);PT Merah Cipta Media;West Jakarta;Full time;https://www.jobstreet.co.id/job/77809909
02-Aug-24 09:23;Python Developer (Web Scraping);PT BCI CENTRAL INDONESIA;South Jakarta;Full time;https://www.jobstreet.co.id/job/77816755
05-Aug-24 05:45;Senior Ionic Mobile Developer - Lombok / Bali;TabLogs;West Lombok;Full time;https://www.jobstreet.co.id/job/77861278
06-Aug-24 11:19;Mobile Programmer React Native;PT ADYA KAZA WISATA;Tangerang;Full time;https://www.jobstreet.co.id/job/77904402
08-Aug-24 03:30;Senior iOS Developer;TUNTUN SEKURITAS INDONESIA;North Jakarta;Full time;https://www.jobstreet.co.id/job/77950426
08-Aug-24 03:13;IT Application Developement Specialist (IT Developer);PT Panarub Industry;Tangerang;Full time;https://www.jobstreet.co.id/job/77949753
07-Aug-24 06:07;Software Engineer;PT Asuransi Wahana Tata;South Jakarta;Full time;https://www.jobstreet.co.id/job/77925623
06-Aug-24 05:54;iOS Developer;PT Lentera Bangsa Benderang;South Jakarta;Contract/Temp;https://www.jobstreet.co.id/job/77893441
05-Aug-24 04:49;Software Developer;PT Inovasi Kreatif Digital;Jakarta;Full time;https://www.jobstreet.co.id/job/77859900
06-Aug-24 02:57;Senior Software Engineer;PT Qeon Interactive;Jakarta;Full time;https://www.jobstreet.co.id/job/77885959
08-Aug-24 08:21;Junior/Mid/Senior BackEnd Developer Engineer;PT Talentvis Consulting Indonesia;South Jakarta;Full time;https://www.jobstreet.co.id/job/77959196
07-Aug-24 08:08;Junior Fullstack [.Net Core];PT IDStar Cipta Teknologi;Jakarta;Contract/Temp;https://www.jobstreet.co.id/job/77929513
08-Aug-24 06:29;Java Developer;PT IDStar Cipta Teknologi;Jakarta;Contract/Temp;https://www.jobstreet.co.id/job/77956053
05-Aug-24 06:29;ODOO DEVELOPER;PT. Wiratman;South Jakarta;Full time;https://www.jobstreet.co.id/job/77863007
07-Aug-24 10:00;Mobile Developer (Android & iOS);PT Electronic Data Interchange Indonesia (Member of Pelindo);Jakarta;Contract/Temp;https://www.jobstreet.co.id/job/77931668
06-Aug-24 12:39;Junior Full Stack Developer (URGENT);PT Peruri Digital Security;South Jakarta;Full time;https://www.jobstreet.co.id/job/77475195
08-Aug-24 03:20;MOBILE APPS DEVELOPER;PT Austindo Nusantara Jaya, Tbk;South Jakarta;Full time;https://www.jobstreet.co.id/job/77949986
05-Aug-24 01:54;IT Programmer;PT Royal Sutan Agung;East Jakarta;Full time;https://www.jobstreet.co.id/job/77851837
06-Aug-24 07:30;Mobile Developer;PT Implementasi Teknologi Digital;Bekasi;Full time;https://www.jobstreet.co.id/job/77898580
06-Aug-24 04:55;Mobile App Programmer in Flutter;Wisdompos;Surabaya;Full time;https://www.jobstreet.co.id/job/77885839
07-Aug-24 01:58;IT Developer Manager;Orang Tua Group;West Jakarta;Full time;https://www.jobstreet.co.id/job/77916400
03-Aug-24 06:56;Odoo Developer;PT. Bintang Internasional;Makassar;Contract/Temp;https://www.jobstreet.co.id/job/77836235
08-Aug-24 02:07;Jr. Testing Application Support;PT Sinergi Daya Mitra;Jakarta;Contract/Temp;https://www.jobstreet.co.id/job/77947476
06-Aug-24 02:48;Backend Developer;PT Bali Towerindo Sentra Tbk;Jakarta;Full time;https://www.jobstreet.co.id/job/77885544
07-Aug-24 07:45;IT Programmer;PT PFI Mega Life Insurance;South Jakarta;Full time;https://www.jobstreet.co.id/job/77928891
07-Aug-24 09:44;Java Developer/Backend (Senior);TUNTUN SEKURITAS INDONESIA;North Jakarta;Full time;https://www.jobstreet.co.id/job/77931409
05-Aug-24 03:40;Assistant Manager IT Development;PT. RUANG MAHA KARYA;Central Jakarta;Contract/Temp;https://www.jobstreet.co.id/job/77855782
05-Aug-24 04:38;Backend Engineer;PT Valortek Ratanika Utama;Jakarta;Full time;https://www.jobstreet.co.id/job/77859585
05-Aug-24 03:25;Programmer .NET (Jakarta);PT Sinergi Informatika Semen Indonesia;South Jakarta;Contract/Temp;https://www.jobstreet.co.id/job/77855253
05-Aug-24 03:10;SOFTWARE TESTER;PT Kartika Sinar Mulia;Bandung;Contract/Temp;https://www.jobstreet.co.id/job/77854671
06-Aug-24 11:43;Software Engineer, Mobile (Flutter) - Merchant Experience;PT Solusi Transportasi Indonesia;Jakarta;Full time;https://www.jobstreet.co.id/job/77906976
04-Aug-24 09:21;Full stack Mobile app developer;FMTPLA;Yogyakarta;Full time;https://www.jobstreet.co.id/job/77844531
07-Aug-24 08:53;Senior Backend Developer;PT Infosys Solusi Terpadu;South Jakarta;Full time;https://www.jobstreet.co.id/job/77930447
02-Aug-24 03:07;Operational Technology Engineer;PT TDK ELECTRONICS INDONESIA;Batam;Full time;https://www.jobstreet.co.id/job/77801501
06-Aug-24 10:43;Golang Developer - Penempatan di Yogyakarta;CV Technopartner Indonesia;Yogyakarta;Full time;https://www.jobstreet.co.id/job/77904127
03-Aug-24 09:23;Staf IT Developer;PT Sentralsari Primasentosa;Sidoarjo;Full time;https://www.jobstreet.co.id/job/77836784
07-Aug-24 02:00;Backend Software Engineer - Experience;PT Trinusa Travelindo;Jakarta;Full time;https://www.jobstreet.co.id/job/77937705
02-Aug-24 06:53;Fullstack Developer - WFO - IT Consulting - Jakarta;PT. PERSOLKELLY Recruitment Indonesia;Jakarta;Contract/Temp;https://www.jobstreet.co.id/job/77812147
