listing_date;title;company;location;work_type;link
08-Aug-24 05:05;Full Stack Developer;Murni Development Indonesia;Jakarta Barat;fullTime;https://dealls.com/loker/full-stack-developer-41~murni-development-indonesia
08-Aug-24 02:29;Full Stack Developer;PT Nusa Network Prakarsa;Jakarta Barat;fullTime;https://dealls.com/loker/full-stack-developer-40~pt-nusa-network-prakarsa
08-Jul-22 10:48;Full Stack Developer;Bank Sahabat Sampoerna;Jakarta Selatan;fullTime;https://dealls.com/loker/full-stack-developer~bank-sahabat-sampoerna
22-Aug-23 02:35;Full Stack Developer;Luna Park Media;Batam;fullTime;https://dealls.com/loker/full-stack-developer-11~luna-park-media
30-Jul-24 10:44;Full Stack Developer;PT. Amalura Multi Dimensi;Jakarta Selatan;contract;https://dealls.com/loker/full-stack-developer-39~pt-amalura-multi-dimensi
23-Feb-24 03:20;Full Stack Developer;Akulaku Indonesia;Jakarta Pusat;fullTime;https://dealls.com/loker/full-stack-developer-22~akulaku-indonesia
22-Jul-22 07:35;Full-stack Web Developer;Harnods;Tangerang Selatan;fullTime;https://dealls.com/loker/full-stack-web-developer~harnods
26-Dec-22 09:20;Full Stack Developer;Ayovest;Jakarta Pusat;fullTime;https://dealls.com/loker/full-stack-developer-5~ayovest
19-Mar-24 08:54;Sr. Full Stack Developer (Tech Lead of Maintainer);Digisign.id;Jakarta Pusat;fullTime;https://dealls.com/loker/full-stack-developer-29~digisignid
