listing_date;title;company;location;work_type;link
04-Aug-24 09:00;Senior full stack developer;Ventura Stays;Bali;Full time;https://www.jobstreet.co.id/job/77844486
08-Aug-24 04:23;Fullstack Developer;PT Sinar Sakti Internasional;East Jakarta;Full time;https://www.jobstreet.co.id/job/77952365
04-Aug-24 02:10;Fullstack Developer;PT Indoglobal Nusa Persada;Yogyakarta;Full time;https://www.jobstreet.co.id/job/77842463
07-Aug-24 06:37;Fullstack Developer;PT Bumi Amartha Teknologi Mandiri;Central Jakarta;Contract/Temp;https://www.jobstreet.co.id/job/77926920
06-Aug-24 09:49;Senior Fullstack Developer;PT Sentra Vidya Utama;Surabaya;Full time;https://www.jobstreet.co.id/job/77902622
06-Aug-24 12:39;Junior Full Stack Developer (URGENT);PT Peruri Digital Security;South Jakarta;Full time;https://www.jobstreet.co.id/job/77475195
05-Aug-24 02:32;React Full Stack Developer;PT IFCA Property365 Indonesia;South Jakarta;Full time;https://www.jobstreet.co.id/job/77853133
06-Aug-24 04:40;Senior Full Stack Web Developer;PT. Gree Electric Appliances Indonesia;North Jakarta;Full time;https://www.jobstreet.co.id/job/77891451
06-Aug-24 05:33;Programmer Back End Dan Front End;PT DIBUILTADI TEKNOLOGI KREATIF;Semarang;Full time;https://www.jobstreet.co.id/job/77774331
08-Aug-24 09:56;Full Stack Engineer;PT Sharing Vision Indonesia;Jakarta;Full time;https://www.jobstreet.co.id/job/77961039
06-Aug-24 09:54;Front-End Developer;PT Nusantara Sejahtera Raya Tbk (Cinema XXI);Central Jakarta;Full time;https://www.jobstreet.co.id/job/77903035
05-Aug-24 02:23;Full Programmer;PT Gunatronikatama Cipta (GASI);South Jakarta;Contract/Temp;https://www.jobstreet.co.id/job/77852857
05-Aug-24 02:59;Full Stack Programmer;Next Vibes;Bandung;Full time;https://www.jobstreet.co.id/job/77854202
02-Aug-24 06:53;Fullstack Developer - WFO - IT Consulting - Jakarta;PT. PERSOLKELLY Recruitment Indonesia;Jakarta;Contract/Temp;https://www.jobstreet.co.id/job/77812147
04-Aug-24 09:21;Full stack Mobile app developer;FMTPLA;Yogyakarta;Full time;https://www.jobstreet.co.id/job/77844531
02-Aug-24 08:12;Senior Fullstack Developer;PT Redbuzz Mediatama;West Jakarta;Contract/Temp;https://www.jobstreet.co.id/job/77814552
02-Aug-24 03:04;Apps & Digital Support Senior Staff (Full Stack Developer);PT Eka Bogainti;East Jakarta;Full time;https://www.jobstreet.co.id/job/77801448
02-Aug-24 06:32;Fullstack Web Developer;PT Integrasi Logistik Cipta Solusi;Jakarta;Contract/Temp;https://www.jobstreet.co.id/job/77810736
07-Aug-24 06:52;Fullstact Developer;PT. MGIndotech;South Tangerang;Full time;https://www.jobstreet.co.id/job/77927381
08-Aug-24 06:37;Node Js Programmer;PT Electronic Data Interchange Indonesia (Member of Pelindo);Jakarta;Contract/Temp;https://www.jobstreet.co.id/job/77956349
06-Aug-24 02:57;Senior Software Engineer;PT Qeon Interactive;Jakarta;Full time;https://www.jobstreet.co.id/job/77885959
06-Aug-24 07:37;Senior Bubble IO Developer;PT. Bali Staff Solution;Denpasar;Full time;https://www.jobstreet.co.id/job/77898798
03-Aug-24 01:00;Software Engineer (Web) - Accommodation;PT Trinusa Travelindo;Jakarta;Full time;https://www.jobstreet.co.id/job/77836769
03-Aug-24 01:00;Software Engineer - Web;PT Trinusa Travelindo;Jakarta;Full time;https://www.jobstreet.co.id/job/77836929
05-Aug-24 06:08;Web Developer / Web Programmer;PT VISI TEGUH KREATIF (VISTEK);Bandung;Full time;https://www.jobstreet.co.id/job/77862311
07-Aug-24 08:08;Junior Fullstack [.Net Core];PT IDStar Cipta Teknologi;Jakarta;Contract/Temp;https://www.jobstreet.co.id/job/77929513
05-Aug-24 04:49;Software Developer;PT Inovasi Kreatif Digital;Jakarta;Full time;https://www.jobstreet.co.id/job/77859900
06-Aug-24 05:59;System Analyst;PT Lawencon Internasional;South Jakarta;Full time;https://www.jobstreet.co.id/job/77893786
05-Aug-24 02:18;Associate Programmer;PT Gunatronikatama Cipta (GASI);South Jakarta;Contract/Temp;https://www.jobstreet.co.id/job/77852684
02-Aug-24 10:15;Website Developer;Private Advertiser;Bandung;Contract/Temp;https://www.jobstreet.co.id/job/77821151
06-Aug-24 04:08;Data Engineer;Private Advertiser;Jakarta;Full time;https://www.jobstreet.co.id/job/77890429
06-Aug-24 06:27;Full-Stack Developer;PT. Internet Madju Abad Milenindo;Badung;Full time;https://www.jobstreet.co.id/job/77901647
08-Aug-24 04:56;Full Stack Developper;PT Jasa Medika Transmedic;Bandung;Full time;https://www.jobstreet.co.id/job/77969433
02-Aug-24 10:09;Staff IT (Jaringan & Full Stack Developer);PT.ANYAR RETAIL INDONESIA (RKM, ABM, Triwarna, Lantai & Dinding) Rancaekek;Bandung Regency;Full time;https://www.jobstreet.co.id/job/77823762
03-Aug-24 02:35;Full Stack Software Engineer;CV Profecta Perdana;Palembang;Full time;https://www.jobstreet.co.id/job/77833649
05-Aug-24 07:19;PROGRAMER LARAVEL;MAXXIMUM;Cimahi;Full time;https://www.jobstreet.co.id/job/77877384
05-Aug-24 13:27;Senior Full Stack Web Developer;PT YUKK Kreasi Indonesia;Tangerang;Full time;https://www.jobstreet.co.id/job/77877389
06-Aug-24 08:43;Senior web developer;RAMUSEN;Depok;Full time;https://www.jobstreet.co.id/job/77936342
02-Aug-24 05:23;Bubble Developer;Snaphunt;Jakarta;Full time;https://www.jobstreet.co.id/job/77825045
02-Aug-24 05:17;Bubble Developer;a Snaphyre Client;Jakarta;Full time;https://www.jobstreet.co.id/job/77825049
07-Aug-24 08:31;Python Developer - Banking Industry (ASAP);PT. SIGMA GLOBAL TEKNOLOGI (SIGMATECH);Tangerang;Contract/Temp;https://www.jobstreet.co.id/job/77950775
07-Aug-24 08:47;Back End Developer (Java Springboot) - Banking Industry;PT. SIGMA GLOBAL TEKNOLOGI (SIGMATECH);Jakarta;Contract/Temp;https://www.jobstreet.co.id/job/77950923
06-Aug-24 05:30;Backend Engineer;PT. Guardia Teknologi Indonesia;Jakarta;Contract/Temp;https://www.jobstreet.co.id/job/77909429
