listing_date;title;company;location;work_type;link
05-Aug-24 03:12;IT Strategy Consultant;PT. KARYA EKOSISTEM DIGITAL;Jakarta;Contract/Temp;https://www.jobstreet.co.id/job/77782740
06-Aug-24 04:30;IT Project Manager;Ciputra Group;South Jakarta;Full time;https://www.jobstreet.co.id/job/77891172
08-Aug-24 04:55;Associate - GTS - IT Infrastructure;PwC Indonesia;South Jakarta;Full time;https://www.jobstreet.co.id/job/77953468
08-Aug-24 06:26;IT Project Administrator;Private Advertiser;Jakarta;Full time;https://www.jobstreet.co.id/job/77955953
08-Aug-24 02:56;Sr. IT Testing Quality and Process Improvement;PT Sinergi Daya Mitra;Jakarta;Full time;https://www.jobstreet.co.id/job/77949140
08-Aug-24 02:54;IT Operation Access Management, Security & Support;PT Bank Multiarta Sentosa;South Jakarta;Full time;https://www.jobstreet.co.id/job/77949053
08-Aug-24 08:16;Portfolio Risk Analytics;Shipper;Central Jakarta;Full time;https://www.jobstreet.co.id/job/77959087
08-Aug-24 04:30;Associate - Enterprise System and Transformation Assurance;PwC Indonesia;Jakarta;Full time;https://www.jobstreet.co.id/job/77969756
07-Aug-24 06:42;IT Project Manager (Software);PT Hitachi eBworx Indonesia;Central Jakarta;Full time;https://www.jobstreet.co.id/job/77927059
08-Aug-24 02:48;Cyber Security Analyst;PT Dinamika Sistem Integrasi Solusi;South Jakarta;Full time;https://www.jobstreet.co.id/job/77948866
06-Aug-24 01:17;Senior Consultant - Technology Strategy and Transformation - ID;Deloitte;Jakarta;Full time;https://www.jobstreet.co.id/job/77889785
08-Aug-24 07:45;Junior Consultant (Fresh Graduate);PT Veda Praxis;South Jakarta;Full time;https://www.jobstreet.co.id/job/77958332
07-Aug-24 07:13;IT Software - Technical Manager;PT Hitachi eBworx Indonesia;Central Jakarta;Full time;https://www.jobstreet.co.id/job/77927950
08-Aug-24 13:14;Associate - Enterprise System and Transformation Assurance;PwC Indonesia;Jakarta;Full time;https://www.jobstreet.co.id/job/77969264
08-Aug-24 09:00;Management Associate Program Digital (IT);PT Asuransi Raksa Pratikara;Central Jakarta;Full time;https://www.jobstreet.co.id/job/77959992
08-Aug-24 04:43;IT Business Analyst;PT. HTC Global Software Services;Central Jakarta;Contract/Temp;https://www.jobstreet.co.id/job/77953150
06-Aug-24 08:57;Infrastructure Engineer;PT Megaspeed International Indonesia;Cikarang;Full time;https://www.jobstreet.co.id/job/77900746
05-Aug-24 04:12;Technical Support Manager (SaaS & IoT);Cartrack;Jakarta;Full time;https://www.jobstreet.co.id/job/77858417
08-Aug-24 02:41;Enterprise Architecture;PT Bank Sinarmas, Tbk;Jakarta;Full time;https://www.jobstreet.co.id/job/77948633
08-Aug-24 03:43;IT & Asset Management;PT Bounty Segar Indonesia;North Jakarta;Contract/Temp;https://www.jobstreet.co.id/job/77951122
05-Aug-24 06:44;IT Operation (Asst. Manager);PT MNC Guna Usaha Indonesia (Jakarta);Central Jakarta;Full time;https://www.jobstreet.co.id/job/77860744
08-Aug-24 09:32;IT Middleware Developer;PT Bumi Amartha Teknologi Mandiri;South Jakarta;Contract/Temp;https://www.jobstreet.co.id/job/77960608
03-Aug-24 03:31;BUSINESS PROCESS IMPROVEMENT & COMPLIANCE SUPERVISOR;PT GADAI JADI BERKAH;Tangerang;Full time;https://www.jobstreet.co.id/job/77834575
08-Aug-24 04:20;Sr. System Engineer;PT Pratesis;South Jakarta;Full time;https://www.jobstreet.co.id/job/77952519
08-Aug-24 02:55;Relationship Manager, Priority - Indonesia;Standard Chartered Bank;Surabaya;Full time;https://www.jobstreet.co.id/job/77949087
08-Aug-24 08:35;Compliance Risk Management Department Head;PT Asuransi Jiwa Central Asia Raya (CAR);West Jakarta;Full time;https://www.jobstreet.co.id/job/77959478
07-Aug-24 03:41;IT MANAGER;PT Secom Indonesia;South Jakarta;Contract/Temp;https://www.jobstreet.co.id/job/77920523
07-Aug-24 07:32;IT Auditor;Lembaga Pembiayaan Ekspor Indonesia (Indonesia Eximbank);South Jakarta;Full time;https://www.jobstreet.co.id/job/77928588
07-Aug-24 03:41;IT Staff;PT Satu Bumi;Bantul Regency;Full time;https://www.jobstreet.co.id/job/77920476
07-Aug-24 01:41;IT Security Sr. Engineer;PT ANDALAN SERVICE PERSADA;South Jakarta;Full time;https://www.jobstreet.co.id/job/77915707
07-Aug-24 01:23;ICT Network Infrastructure and Security Supervisor;PT Merdeka Tsingshan Indonesia;Morowali;Full time;https://www.jobstreet.co.id/job/77915185
07-Aug-24 03:32;IT Project Manager;PT. Metrocomjaddi Technology;North Jakarta;Contract/Temp;https://www.jobstreet.co.id/job/77920055
07-Aug-24 10:46;Compliance Officer;PT. Trimegah Sekuritas Indonesia, Tbk;South Jakarta;Full time;https://www.jobstreet.co.id/job/77932199
07-Aug-24 01:52;Business Acquisition Manager - Indonesia;Standard Chartered Bank;Jakarta;Full time;https://www.jobstreet.co.id/job/77916189
07-Aug-24 03:58;Engineering Manager/Lead;PT Amartha Mikro Fintek (Jakarta);South Jakarta;Full time;https://www.jobstreet.co.id/job/77936131
07-Aug-24 01:58;Credit Analyst, Corporate & Investment Banking - Indonesia;Standard Chartered Bank;Jakarta;Full time;https://www.jobstreet.co.id/job/77916379
07-Aug-24 07:52;SPV IT Support;PT. DUA PULUH TIGA;Bandung;Full time;https://www.jobstreet.co.id/job/77929106
07-Aug-24 08:10;SYSTEM ADMINISTRATOR;PT Graha Layar Prima;South Jakarta;Full time;https://www.jobstreet.co.id/job/77929549
06-Aug-24 02:40;IT Assistant Manager;Stanford Teknologi Indonesia;Central Jakarta;Full time;https://www.jobstreet.co.id/job/77885258
06-Aug-24 05:37;Risk Reporting Manager;PT Kredit Pintar Indonesia;South Jakarta;Full time;https://www.jobstreet.co.id/job/77892973
06-Aug-24 02:30;IT Deputy Manager;Private Advertiser;Karawang;Full time;https://www.jobstreet.co.id/job/77884893
06-Aug-24 05:36;Risk Strategy Senior Manager;PT Kredit Pintar Indonesia;South Jakarta;Full time;https://www.jobstreet.co.id/job/77892938
06-Aug-24 07:36;IT MANAGER;PT PCI Elektronik Internasional;Batam;Full time;https://www.jobstreet.co.id/job/77898745
06-Aug-24 05:34;Head of Risk Strategy & Modelling;PT Kredit Pintar Indonesia;South Jakarta;Full time;https://www.jobstreet.co.id/job/77892893
06-Aug-24 04:27;System Implementor;Ciputra Group;West Jakarta;Full time;https://www.jobstreet.co.id/job/77891082
06-Aug-24 05:56;SYSTEM ENGINEER;PT Lawencon Internasional;Jakarta;Full time;https://www.jobstreet.co.id/job/77893537
06-Aug-24 04:27;IT Quality Assurance Supervisor;Ciputra Group;South Jakarta;Full time;https://www.jobstreet.co.id/job/77891055
06-Aug-24 09:30;Banking System Develop & Maintanance;PT. PLANA NETWORKS INDONESIA;South Jakarta;Full time;https://www.jobstreet.co.id/job/77901466
06-Aug-24 04:48;Project Manager - IT Consulting (A-109666);RGF HR Agent Indonesia;South Jakarta;Full time;https://www.jobstreet.co.id/job/77891682
06-Aug-24 04:53;System Analyst - IT Consulting (A-109667);RGF HR Agent Indonesia;South Jakarta;Full time;https://www.jobstreet.co.id/job/77891800
05-Aug-24 04:14;Risk Management;PT Media Indonusa (Jakarta);Jakarta;Full time;https://www.jobstreet.co.id/job/77858613
05-Aug-24 08:49;IT Operation ( IT Support, IT Network, IT Security );PT. Asuransi Umum BCA;Jakarta;Full time;https://www.jobstreet.co.id/job/77866996
05-Aug-24 04:01;IT Project Manager;PT Nawa Data Solutions;Jakarta;Contract/Temp;https://www.jobstreet.co.id/job/77856988
05-Aug-24 08:24;IT Support and Compliance;PT Duta Intiguna Yasa (MR DIY);Jakarta;Full time;https://www.jobstreet.co.id/job/77866436
05-Aug-24 04:52;Compliance Assistant Manager;PT Mandiri Utama Finance;South Jakarta;Full time;https://www.jobstreet.co.id/job/77859991
05-Aug-24 02:31;System Administrator;PT Cyberquote Indonesia;Surabaya;Contract/Temp;https://www.jobstreet.co.id/job/77852912
05-Aug-24 07:39;Infrastructure Engineer ~ Project Manager (cloud and security);PT. PERSOLKELLY Recruitment Indonesia;Jakarta;Full time;https://www.jobstreet.co.id/job/77865311
05-Aug-24 03:34;IT Network Senior Supervisor (Cikarang Based);COMBIPHAR Group;Bekasi Regency;Full time;https://www.jobstreet.co.id/job/77855615
05-Aug-24 03:47;IT Project Manager (Japanese Speaker);PT Gaweku Human Technology (Gaweku);Jakarta;Full time;https://www.jobstreet.co.id/job/77856057
02-Aug-24 09:05;IT Change & Availability Management;PT Bumi Amartha Teknologi Mandiri;Central Jakarta;Contract/Temp;https://www.jobstreet.co.id/job/77816217
02-Aug-24 08:47;IT Infrastructure Project Manager;PT Netmarks Indonesia;North Jakarta;Contract/Temp;https://www.jobstreet.co.id/job/77815419
02-Aug-24 10:37;IT Coordinator;PT Sodexo Sinergi Indonesia;South Jakarta;Full time;https://www.jobstreet.co.id/job/77821899
02-Aug-24 08:29;IT Manager;PT. Innolab Sains Internasional;East Jakarta;Full time;https://www.jobstreet.co.id/job/77814989
02-Aug-24 09:33;Cloud Architect;PT Esha Parama Teknologi;Jakarta;Full time;https://www.jobstreet.co.id/job/77817573
02-Aug-24 04:50;IT Officer;PT Surya Jalur Anugerah;Jakarta;Full time;https://www.jobstreet.co.id/job/77805774
02-Aug-24 08:04;Server Engineer;PT Netmarks Indonesia;North Jakarta;Contract/Temp;https://www.jobstreet.co.id/job/77814350
02-Aug-24 09:50;IT Project Manager Officer (PMO);PT Prawathiya Karsa Pradipta;Bekasi;Full time;https://www.jobstreet.co.id/job/77818817
02-Aug-24 03:35;Supervisor IT;PT Airkon Pratama;East Kalimantan;Contract/Temp;https://www.jobstreet.co.id/job/77803148
02-Aug-24 07:51;Integration Engineer, Orchestration team;PT Solusi Transportasi Indonesia;South Jakarta;Full time;https://www.jobstreet.co.id/job/77816708
02-Aug-24 04:30;Compliance Officer;PT Talentvis Consulting Indonesia;West Jakarta;Full time;https://www.jobstreet.co.id/job/77805136
02-Aug-24 01:42;IT Support Specialist - ID;Deloitte Consulting SEA;Central Jakarta;Full time;https://www.jobstreet.co.id/job/77798434
02-Aug-24 07:12;DevSecOps Engineer;PT Esha Parama Teknologi;Jakarta;Full time;https://www.jobstreet.co.id/job/77812914
02-Aug-24 00:10;Quality Assurance Analyst (Risk Management) - Regional Kalimantan;PT Amartha Mikro Fintek (Jakarta);Banjarmasin;Full time;https://www.jobstreet.co.id/job/77823939
02-Aug-24 09:43;IT Support Specialist - ID;Deloitte;Jakarta;Full time;https://www.jobstreet.co.id/job/77824260
07-Aug-24 00:53;IT GRC (Governance, Risk, and Compliance) Manager;Engio;Jakarta;Full time;https://www.jobstreet.co.id/job/77921298
06-Aug-24 10:25;Head of Analytics;PT Link Net;Tangerang;Full time;https://www.jobstreet.co.id/job/77921489
07-Aug-24 07:21;Enterprise Risk Management Unit Head;PT Alto Network;Central Java;Full time;https://www.jobstreet.co.id/job/77935640
07-Aug-24 07:20;Business Process Audit Associate;PT Alto Network;Central Java;Full time;https://www.jobstreet.co.id/job/77935661
07-Aug-24 12:00;Cloud Engineer I;FKA GLOBAL;Jakarta;Full time;https://www.jobstreet.co.id/job/77935452
07-Aug-24 14:41;Sr Systems Engineer - SD-WAN, Indonesia;Palo Alto Networks;Central Jakarta;Full time;https://www.jobstreet.co.id/job/77940660
07-Aug-24 00:53;IT Business Analyst/Quality Assurance (BA/QA) Manager;Engio;Jakarta;Full time;https://www.jobstreet.co.id/job/77921370
07-Aug-24 07:21;Senior IT Infra Network Associate;PT Alto Network;Central Java;Full time;https://www.jobstreet.co.id/job/77937272
07-Aug-24 07:21;IT Application Support Associate Manager;PT Alto Network;Central Jakarta;Full time;https://www.jobstreet.co.id/job/77935815
05-Aug-24 08:30;Assistant Manager, Leads Management;Sun Life;South Jakarta;Full time;https://www.jobstreet.co.id/job/77877349
01-Aug-24 19:40;AM - Know Your Client Analyst;PT Citi Interiorindo;Jakarta;Full time;https://www.jobstreet.co.id/job/77793806
02-Aug-24 06:00;Technical Architect;PT NTT Indonesia;Jakarta;Full time;https://www.jobstreet.co.id/job/77823825
02-Aug-24 06:00;Security Technical Architect;PT NTT Indonesia;Jakarta;Full time;https://www.jobstreet.co.id/job/77824203
05-Aug-24 03:20;Information Security Specialist;PT Qiscus Tekno Indonesia;Yogyakarta;Full time;https://www.jobstreet.co.id/job/77877439
07-Aug-24 10:49;Cyber Risk Audit Doc Control;Privy ID;Jakarta;Full time;https://www.jobstreet.co.id/job/77950841
07-Aug-24 03:45;Cloud Security IT Consultant;PT Sentra Paramitra;South Jakarta;Full time;https://www.jobstreet.co.id/job/77968976
07-Aug-24 03:10;IT Testing Application Support (for Banking Industry);PT. SIGMA GLOBAL TEKNOLOGI (SIGMATECH);Jakarta;Full time;https://www.jobstreet.co.id/job/77950843
07-Aug-24 03:30;IT Security - Insurance Company;PT. SIGMA GLOBAL TEKNOLOGI (SIGMATECH);Jakarta;Contract/Temp;https://www.jobstreet.co.id/job/77936016
07-Aug-24 04:55;Supervisor Computer System;Suksesindo Group;Jombang;Full time;https://www.jobstreet.co.id/job/77969388
07-Aug-24 03:39;IT System Analyst - Manufactur Company;PT. SIGMA GLOBAL TEKNOLOGI (SIGMATECH);Jakarta;Contract/Temp;https://www.jobstreet.co.id/job/77951026
06-Aug-24 05:27;Technical Deputy Head;Snaphunt;Jakarta;Full time;https://www.jobstreet.co.id/job/77908627
06-Aug-24 04:11;IT Project Management Officer;PT Solusi Pembayaran Elektronik;Tangerang;Full time;https://www.jobstreet.co.id/job/77909470
06-Aug-24 03:03;IT Support;PT Allo Bank Indonesia, Tbk;Jakarta;Full time;https://www.jobstreet.co.id/job/77937454
05-Aug-24 06:44;IT Incindent Engineer L2;PT Allo Bank Indonesia, Tbk;Jakarta;Full time;https://www.jobstreet.co.id/job/77877402
05-Aug-24 10:48;Security Engineer;Juke Solutions;Jakarta;Full time;https://www.jobstreet.co.id/job/77950705
04-Aug-24 10:10;IT Project Delivery;Manulife and John Hancock;Jakarta;Full time;https://www.jobstreet.co.id/job/77846027
