listing_date;title;company;location;work_type;link
05-Aug-24 06:44;IT Operation (Asst. Manager);PT MNC Guna Usaha Indonesia (Jakarta);Central Jakarta;Full time;https://www.jobstreet.co.id/job/77860744
08-Aug-24 02:54;IT Operation Access Management, Security & Support;PT Bank Multiarta Sentosa;South Jakarta;Full time;https://www.jobstreet.co.id/job/77949053
05-Aug-24 08:49;IT Operation ( IT Support, IT Network, IT Security );PT. Asuransi Umum BCA;Jakarta;Full time;https://www.jobstreet.co.id/job/77866996
08-Aug-24 03:28;Operational Staff (Mandarin Speaker);PT Global Bintang Timur Ekspress;North Jakarta;Contract/Temp;https://www.jobstreet.co.id/job/77950301
07-Aug-24 09:15;System Administrator/SysAdmin;PT Indonesia Satu Tujuh;South Jakarta;Full time;https://www.jobstreet.co.id/job/77930850
07-Aug-24 03:41;IT MANAGER;PT Secom Indonesia;South Jakarta;Contract/Temp;https://www.jobstreet.co.id/job/77920523
06-Aug-24 02:30;IT Deputy Manager;Private Advertiser;Karawang;Full time;https://www.jobstreet.co.id/job/77884893
02-Aug-24 10:37;IT Coordinator;PT Sodexo Sinergi Indonesia;South Jakarta;Full time;https://www.jobstreet.co.id/job/77821899
06-Aug-24 07:36;IT MANAGER;PT PCI Elektronik Internasional;Batam;Full time;https://www.jobstreet.co.id/job/77898745
07-Aug-24 07:52;SPV IT Support;PT. DUA PULUH TIGA;Bandung;Full time;https://www.jobstreet.co.id/job/77929106
07-Aug-24 04:51;Cloud Engineer Officer;Agung Sedayu Group;North Jakarta;Full time;https://www.jobstreet.co.id/job/77923363
02-Aug-24 08:29;IT Manager;PT. Innolab Sains Internasional;East Jakarta;Full time;https://www.jobstreet.co.id/job/77814989
07-Aug-24 07:13;IT Software - Technical Manager;PT Hitachi eBworx Indonesia;Central Jakarta;Full time;https://www.jobstreet.co.id/job/77927950
05-Aug-24 03:12;IT Strategy Consultant;PT. KARYA EKOSISTEM DIGITAL;Jakarta;Contract/Temp;https://www.jobstreet.co.id/job/77782740
02-Aug-24 09:05;IT Change & Availability Management;PT Bumi Amartha Teknologi Mandiri;Central Jakarta;Contract/Temp;https://www.jobstreet.co.id/job/77816217
07-Aug-24 06:42;IT Project Manager (Software);PT Hitachi eBworx Indonesia;Central Jakarta;Full time;https://www.jobstreet.co.id/job/77927059
08-Aug-24 04:55;Associate - GTS - IT Infrastructure;PwC Indonesia;South Jakarta;Full time;https://www.jobstreet.co.id/job/77953468
08-Aug-24 02:48;Cyber Security Analyst;PT Dinamika Sistem Integrasi Solusi;South Jakarta;Full time;https://www.jobstreet.co.id/job/77948866
05-Aug-24 08:24;IT Support and Compliance;PT Duta Intiguna Yasa (MR DIY);Jakarta;Full time;https://www.jobstreet.co.id/job/77866436
08-Aug-24 02:53;IT System Analyst Manager (Sales Distribution);Erajaya Group;West Jakarta;Full time;https://www.jobstreet.co.id/job/77949021
07-Aug-24 03:08;Data Center Management Engineer;PT SGMW Motor Indonesia;Cikarang;Full time;https://www.jobstreet.co.id/job/77919091
05-Aug-24 04:12;Technical Support Manager (SaaS & IoT);Cartrack;Jakarta;Full time;https://www.jobstreet.co.id/job/77858417
07-Aug-24 02:54;Network Support & Service Management Engineer;PT SGMW Motor Indonesia;Cikarang;Full time;https://www.jobstreet.co.id/job/77918332
05-Aug-24 09:43;IP Core & ISP Senior Engineer;PT Link Net;South Jakarta;Full time;https://www.jobstreet.co.id/job/77868748
08-Aug-24 03:42;Network Operation Center (NOC);PT Trinet Prima Solusi;Central Jakarta;Full time;https://www.jobstreet.co.id/job/77951079
08-Aug-24 04:43;IT Business Analyst;PT. HTC Global Software Services;Central Jakarta;Contract/Temp;https://www.jobstreet.co.id/job/77953150
08-Aug-24 02:02;Support Executive (IT) (Bandung & Batam);PT Innoark Servis Internasional;Bandung;Full time;https://www.jobstreet.co.id/job/77947330
02-Aug-24 09:17;Head of IT (Semarang, Manufacturing Industry);Links international;Semarang;Full time;https://www.jobstreet.co.id/job/77816533
01-Aug-24 16:25;IT Business Analyst Enablement Specialist;PT Tunas Ridean;South Jakarta;Full time;https://www.jobstreet.co.id/job/77790651
07-Aug-24 01:23;ICT Network Infrastructure and Security Supervisor;PT Merdeka Tsingshan Indonesia;Morowali;Full time;https://www.jobstreet.co.id/job/77915185
05-Aug-24 06:45;IT Database Administrator;PT Akulaku Silvrr Indonesia;Jakarta;Full time;https://www.jobstreet.co.id/job/77863593
02-Aug-24 03:07;Operational Technology Engineer;PT TDK ELECTRONICS INDONESIA;Batam;Full time;https://www.jobstreet.co.id/job/77801501
06-Aug-24 07:37;Senior Bubble IO Developer;PT. Bali Staff Solution;Denpasar;Full time;https://www.jobstreet.co.id/job/77898798
02-Aug-24 01:47;Network Engineer;LightsUp Network Solution Sdn Bhd;South Jakarta;Full time;https://www.jobstreet.co.id/job/77798579
07-Aug-24 07:45;IT Programmer;PT PFI Mega Life Insurance;South Jakarta;Full time;https://www.jobstreet.co.id/job/77928891
07-Aug-24 11:08;IT Business Analyst & Application Engineer Specialist;PT Morula Indonesia;Central Jakarta;Contract/Temp;https://www.jobstreet.co.id/job/77932336
07-Aug-24 03:41;IT Staff;PT Satu Bumi;Bantul Regency;Full time;https://www.jobstreet.co.id/job/77920476
07-Aug-24 05:00;IT Network & Server Supervisor;PT Global Indonesia Asia Sejahtera;North Jakarta;Full time;https://www.jobstreet.co.id/job/77923589
07-Aug-24 06:35;IT Support;MAZABUTA GROUP;Surabaya;Contract/Temp;https://www.jobstreet.co.id/job/77926825
07-Aug-24 04:04;L2 Datacomm Engineer;PT Metrocom Global Solusi;Jakarta;Full time;https://www.jobstreet.co.id/job/77921563
07-Aug-24 03:32;IT Project Manager;PT. Metrocomjaddi Technology;North Jakarta;Contract/Temp;https://www.jobstreet.co.id/job/77920055
06-Aug-24 02:17;(Datacenter) Server, Storage & Network Hardware Support Assistant;ACE ZETA PTE. LTD.;Jakarta;Full time;https://www.jobstreet.co.id/job/77884417
06-Aug-24 02:40;IT Assistant Manager;Stanford Teknologi Indonesia;Central Jakarta;Full time;https://www.jobstreet.co.id/job/77885258
06-Aug-24 06:10;Storage Engineer;PT. Berca Hardayaperkasa;Central Jakarta;Contract/Temp;https://www.jobstreet.co.id/job/77894237
06-Aug-24 08:48;IT Engineer;PT Megaspeed International Indonesia;Cikarang;Full time;https://www.jobstreet.co.id/job/77900516
06-Aug-24 09:14;Procurement Category Analyst (IT & Office Consumable);PT SMART,Tbk;Jakarta;Full time;https://www.jobstreet.co.id/job/77901132
06-Aug-24 03:00;IT Senior Staff (AEON MALL Tanjung Barat);PT Aeon Mall Indonesia;South Jakarta;Full time;https://www.jobstreet.co.id/job/77886186
06-Aug-24 04:30;IT Project Manager;Ciputra Group;South Jakarta;Full time;https://www.jobstreet.co.id/job/77891172
06-Aug-24 08:52;IT Manager Support;CV Pesta Pangan Abadi;Sukoharjo;Contract/Temp;https://www.jobstreet.co.id/job/77900621
06-Aug-24 02:07;SAP BASIS;PT Astra Graphia Information Technology (AGIT);North Jakarta;Contract/Temp;https://www.jobstreet.co.id/job/77884097
06-Aug-24 08:57;Infrastructure Engineer;PT Megaspeed International Indonesia;Cikarang;Full time;https://www.jobstreet.co.id/job/77900746
06-Aug-24 04:53;System Analyst - IT Consulting (A-109667);RGF HR Agent Indonesia;South Jakarta;Full time;https://www.jobstreet.co.id/job/77891800
05-Aug-24 04:01;IT Project Manager;PT Nawa Data Solutions;Jakarta;Contract/Temp;https://www.jobstreet.co.id/job/77856988
05-Aug-24 02:35;Network Engineer;PT Astra Graphia Information Technology (AGIT);Central Jakarta;Full time;https://www.jobstreet.co.id/job/77853218
05-Aug-24 10:15;Senior Operating Tech. Support Engineer;PT. Metrodata Electronics, Tbk;West Jakarta;Contract/Temp;https://www.jobstreet.co.id/job/77871152
05-Aug-24 01:47;NOC System Administrator;PT SatNetCom;Balikpapan;Full time;https://www.jobstreet.co.id/job/77851408
05-Aug-24 02:59;IT Solution Specialist;PT Sinergi Wahana Gemilang;Jakarta;Contract/Temp;https://www.jobstreet.co.id/job/77853972
05-Aug-24 05:06;Network Operation Center (NOC);PT Karya Solusi Prima Sejahtera;South Jakarta;Contract/Temp;https://www.jobstreet.co.id/job/77860332
05-Aug-24 03:55;IT Network and Data Center Administrator;Private Advertiser;Tangerang;Full time;https://www.jobstreet.co.id/job/77856377
05-Aug-24 10:44;Merchant Payment Operations Assistant Manager;PT Solusi Transportasi Indonesia;Yogyakarta;Full time;https://www.jobstreet.co.id/job/77874708
05-Aug-24 09:14;Staff IT System Analyst;Kisel (Koperasi Telekomunikasi Selular);South Jakarta;Full time;https://www.jobstreet.co.id/job/77867723
05-Aug-24 02:48;IT Support;Private Advertiser;East Java;Full time;https://www.jobstreet.co.id/job/77853246
05-Aug-24 08:16;Staff IT Support;PT DAESANG INGREDIENTS INDONESIA;East Jakarta;Full time;https://www.jobstreet.co.id/job/77866253
04-Aug-24 07:05;IT Engineer to be sent to Japan (English Only is OK);Elite Tutors Indonesia;South Jakarta;Full time;https://www.jobstreet.co.id/job/77844210
04-Aug-24 05:20;Managing Director of Cloud Business, AI Services, Telecommunication;PT Humana International Indonesia;Central Jakarta;Full time;https://www.jobstreet.co.id/job/77843887
05-Aug-24 09:24;Sales Specialist (Support and Enhanced Solution Business);PT Microsoft Indonesia;Jakarta;Full time;https://www.jobstreet.co.id/job/77889762
02-Aug-24 08:19;System Engineer - Server & Storage;PT Net One Asia;South Jakarta;Contract/Temp;https://www.jobstreet.co.id/job/77814721
02-Aug-24 01:42;IT Support Specialist - ID;Deloitte Consulting SEA;Central Jakarta;Full time;https://www.jobstreet.co.id/job/77798434
02-Aug-24 04:50;IT Officer;PT Surya Jalur Anugerah;Jakarta;Full time;https://www.jobstreet.co.id/job/77805774
02-Aug-24 08:47;IT Infrastructure Project Manager;PT Netmarks Indonesia;North Jakarta;Contract/Temp;https://www.jobstreet.co.id/job/77815419
02-Aug-24 07:21;IT Senior Products Trainer - SaaS (A-108959);RGF HR Agent Indonesia;South Jakarta;Full time;https://www.jobstreet.co.id/job/77813248
02-Aug-24 10:57;SAP Support Manager;PT Mitra Solusi Telematika;South Jakarta;Full time;https://www.jobstreet.co.id/job/77822109
02-Aug-24 08:04;Server Engineer;PT Netmarks Indonesia;North Jakarta;Contract/Temp;https://www.jobstreet.co.id/job/77814350
03-Aug-24 01:00;Associate Product Manager - Product Operations;PT Trinusa Travelindo;Jakarta;Full time;https://www.jobstreet.co.id/job/77836891
02-Aug-24 03:35;Supervisor IT;PT Airkon Pratama;East Kalimantan;Contract/Temp;https://www.jobstreet.co.id/job/77803148
02-Aug-24 04:47;System Engineer;PT Gaweku Human Technology (Gaweku);Semarang;Full time;https://www.jobstreet.co.id/job/77805693
02-Aug-24 10:56;SAP Delivery Manager;PT Mitra Solusi Telematika;South Jakarta;Full time;https://www.jobstreet.co.id/job/77822103
02-Aug-24 09:43;IT Support Specialist - ID;Deloitte;Jakarta;Full time;https://www.jobstreet.co.id/job/77824260
02-Aug-24 07:51;Integration Engineer, Orchestration team;PT Solusi Transportasi Indonesia;South Jakarta;Full time;https://www.jobstreet.co.id/job/77816708
07-Aug-24 12:00;Cloud Engineer I;FKA GLOBAL;Jakarta;Full time;https://www.jobstreet.co.id/job/77935452
07-Aug-24 07:21;IT Application Support Associate Manager;PT Alto Network;Central Jakarta;Full time;https://www.jobstreet.co.id/job/77935815
07-Aug-24 07:21;Senior IT Application Support Associate;PT Alto Network;Central Java;Full time;https://www.jobstreet.co.id/job/77937892
07-Aug-24 07:21;Senior IT Infra Network Associate;PT Alto Network;Central Java;Full time;https://www.jobstreet.co.id/job/77937272
07-Aug-24 07:21;Senior Cloud Infrastructure Associate;PT Alto Network;Central Java;Full time;https://www.jobstreet.co.id/job/77936511
07-Aug-24 13:20;IT Support Specialist;Engio;Jakarta;Full time;https://www.jobstreet.co.id/job/77936597
07-Aug-24 00:53;IT GRC (Governance, Risk, and Compliance) Manager;Engio;Jakarta;Full time;https://www.jobstreet.co.id/job/77921298
07-Aug-24 14:41;Sr Systems Engineer - SD-WAN, Indonesia;Palo Alto Networks;Central Jakarta;Full time;https://www.jobstreet.co.id/job/77940660
06-Aug-24 02:07;Operations & Deployment Officer;PT Widya Inovasi Indonesia;Yogyakarta;Full time;https://www.jobstreet.co.id/job/77894798
06-Aug-24 06:29;Network Operation Center;PT. Internet Madju Abad Milenindo;Badung;Full time;https://www.jobstreet.co.id/job/77901897
06-Aug-24 06:40;Shopee Mitra, Sales Operations;Shopee Internasional Indonesia;Jakarta;Full time;https://www.jobstreet.co.id/job/77901701
05-Aug-24 01:47;Senior Help Desk Specialist;PT Surya Ekspress Mulia;Batam;Full time;https://www.jobstreet.co.id/job/77851596
05-Aug-24 01:50;Help Desk Specialist;PT Surya Ekspress Mulia;Batam;Full time;https://www.jobstreet.co.id/job/77851717
04-Aug-24 00:30;Client Project Manager;PT NTT Indonesia;Jakarta;Full time;https://www.jobstreet.co.id/job/77842900
02-Aug-24 08:08;Network Operations Center Engineer (Marketplace) - Sea Labs;PT Seah Precision Metal Indonesia;Jakarta;Full time;https://www.jobstreet.co.id/job/77823894
02-Aug-24 03:03;IT - Server;Smile Consulting Indonesia;West Jakarta;Full time;https://www.jobstreet.co.id/job/77811123
07-Aug-24 03:39;IT System Analyst - Manufactur Company;PT. SIGMA GLOBAL TEKNOLOGI (SIGMATECH);Jakarta;Contract/Temp;https://www.jobstreet.co.id/job/77951026
05-Aug-24 06:44;IT Incindent Engineer L2;PT Allo Bank Indonesia, Tbk;Jakarta;Full time;https://www.jobstreet.co.id/job/77877402
07-Aug-24 04:55;Supervisor Computer System;Suksesindo Group;Jombang;Full time;https://www.jobstreet.co.id/job/77969388
07-Aug-24 03:10;IT Testing Application Support (for Banking Industry);PT. SIGMA GLOBAL TEKNOLOGI (SIGMATECH);Jakarta;Full time;https://www.jobstreet.co.id/job/77950843
06-Aug-24 03:38;Network Operations Center;PT. Dinamika Mediakom;Yogyakarta;Full time;https://www.jobstreet.co.id/job/77935699
