listing_date;title;company;location;work_type;link
07-Aug-24 06:42;IT Project Manager (Software);PT Hitachi eBworx Indonesia;Central Jakarta;Full time;https://www.jobstreet.co.id/job/77927059
05-Aug-24 10:09;Project Manager;PT. Cipta Optima Manunggal;South Jakarta;Full time;https://www.jobstreet.co.id/job/77870914
06-Aug-24 04:30;IT Project Manager;Ciputra Group;South Jakarta;Full time;https://www.jobstreet.co.id/job/77891172
08-Aug-24 06:26;IT Project Administrator;Private Advertiser;Jakarta;Full time;https://www.jobstreet.co.id/job/77955953
06-Aug-24 04:48;Project Manager - IT Consulting (A-109666);RGF HR Agent Indonesia;South Jakarta;Full time;https://www.jobstreet.co.id/job/77891682
07-Aug-24 03:32;IT Project Manager;PT. Metrocomjaddi Technology;North Jakarta;Contract/Temp;https://www.jobstreet.co.id/job/77920055
07-Aug-24 07:13;IT Software - Technical Manager;PT Hitachi eBworx Indonesia;Central Jakarta;Full time;https://www.jobstreet.co.id/job/77927950
08-Aug-24 02:23;Scrum Master;PT Phincon;South Jakarta;Full time;https://www.jobstreet.co.id/job/77947992
05-Aug-24 03:47;IT Project Manager (Japanese Speaker);PT Gaweku Human Technology (Gaweku);Jakarta;Full time;https://www.jobstreet.co.id/job/77856057
06-Aug-24 01:45;Scrum Master;PT BCI CENTRAL INDONESIA;South Jakarta;Full time;https://www.jobstreet.co.id/job/77883289
08-Aug-24 02:53;IT System Analyst Manager (Sales Distribution);Erajaya Group;West Jakarta;Full time;https://www.jobstreet.co.id/job/77949021
05-Aug-24 04:01;IT Project Manager;PT Nawa Data Solutions;Jakarta;Contract/Temp;https://www.jobstreet.co.id/job/77856988
05-Aug-24 04:12;Technical Support Manager (SaaS & IoT);Cartrack;Jakarta;Full time;https://www.jobstreet.co.id/job/77858417
08-Aug-24 02:22;IT Product Management Lead;PT Akulaku Silvrr Indonesia;Central Jakarta;Contract/Temp;https://www.jobstreet.co.id/job/77947963
07-Aug-24 03:41;IT MANAGER;PT Secom Indonesia;South Jakarta;Contract/Temp;https://www.jobstreet.co.id/job/77920523
06-Aug-24 02:41;Oracle Functional;Dexa Group;Tangerang;Full time;https://www.jobstreet.co.id/job/77885302
07-Aug-24 02:39;Project Manager - Telematics (A-109679);RGF HR Agent Indonesia;South Jakarta;Full time;https://www.jobstreet.co.id/job/77917843
08-Aug-24 10:09;Solution Architech (Microsoft Product);PT Digital Aplikasi Solusi;South Jakarta;Full time;https://www.jobstreet.co.id/job/77961201
02-Aug-24 07:05;Microsoft Dynamics GP - Great Plains Technical Consultant (Based in Singapore);Nigel Frank International;Jakarta;Full time;https://www.jobstreet.co.id/job/77812653
06-Aug-24 02:40;IT Assistant Manager;Stanford Teknologi Indonesia;Central Jakarta;Full time;https://www.jobstreet.co.id/job/77885258
06-Aug-24 07:36;IT MANAGER;PT PCI Elektronik Internasional;Batam;Full time;https://www.jobstreet.co.id/job/77898745
02-Aug-24 08:47;IT Infrastructure Project Manager;PT Netmarks Indonesia;North Jakarta;Contract/Temp;https://www.jobstreet.co.id/job/77815419
07-Aug-24 02:48;E-Gov Project Manager;CV Kabayan Consulting;Bandung;Full time;https://www.jobstreet.co.id/job/77918158
02-Aug-24 10:40;Project Manager;PT Metrocom Global Solusi;Jakarta;Full time;https://www.jobstreet.co.id/job/77821945
02-Aug-24 08:29;IT Manager;PT. Innolab Sains Internasional;East Jakarta;Full time;https://www.jobstreet.co.id/job/77814989
06-Aug-24 09:56;IT SYSTEM ANALYST;PT The Master Steel MFc;Central Jakarta;Contract/Temp;https://www.jobstreet.co.id/job/77903177
07-Aug-24 10:08;IT Business Analyst;Technosoft Group;West Jakarta;Full time;https://www.jobstreet.co.id/job/77931790
08-Aug-24 04:43;IT Business Analyst;PT. HTC Global Software Services;Central Jakarta;Contract/Temp;https://www.jobstreet.co.id/job/77953150
08-Aug-24 00:58;IT Business Analyst;PT Salva Teknologi Digital;Central Jakarta;Full time;https://www.jobstreet.co.id/job/77945444
05-Aug-24 04:20;Project Manager;PT Walden Global Services;Bandung;Full time;https://www.jobstreet.co.id/job/77859021
02-Aug-24 09:50;IT Project Manager Officer (PMO);PT Prawathiya Karsa Pradipta;Bekasi;Full time;https://www.jobstreet.co.id/job/77818817
06-Aug-24 02:30;IT Deputy Manager;Private Advertiser;Karawang;Full time;https://www.jobstreet.co.id/job/77884893
02-Aug-24 04:22;Scrum Master;PT Nomura Research Institute Indonesia;Jakarta;Contract/Temp;https://www.jobstreet.co.id/job/77804910
05-Aug-24 03:34;IT Network Senior Supervisor (Cikarang Based);COMBIPHAR Group;Bekasi Regency;Full time;https://www.jobstreet.co.id/job/77855615
07-Aug-24 10:33;Product Manager;PT. Gree Electric Appliances Indonesia;North Jakarta;Full time;https://www.jobstreet.co.id/job/77932061
08-Aug-24 02:09;IT Business Analyst;PT Phincon;South Jakarta;Full time;https://www.jobstreet.co.id/job/77947543
07-Aug-24 07:47;Product Owner;Geekhunter;Jakarta;Full time;https://www.jobstreet.co.id/job/77928947
05-Aug-24 03:12;IT Strategy Consultant;PT. KARYA EKOSISTEM DIGITAL;Jakarta;Contract/Temp;https://www.jobstreet.co.id/job/77782740
02-Aug-24 04:21;Professional Product Owner;PT Nomura Research Institute Indonesia;Jakarta;Contract/Temp;https://www.jobstreet.co.id/job/77804896
02-Aug-24 09:17;Head of IT (Semarang, Manufacturing Industry);Links international;Semarang;Full time;https://www.jobstreet.co.id/job/77816533
02-Aug-24 10:37;IT Coordinator;PT Sodexo Sinergi Indonesia;South Jakarta;Full time;https://www.jobstreet.co.id/job/77821899
06-Aug-24 01:17;Senior Consultant - Technology Strategy and Transformation - ID;Deloitte;Jakarta;Full time;https://www.jobstreet.co.id/job/77889785
02-Aug-24 09:05;IT Change & Availability Management;PT Bumi Amartha Teknologi Mandiri;Central Jakarta;Contract/Temp;https://www.jobstreet.co.id/job/77816217
02-Aug-24 03:35;Implementation and Functional Section Head;Karunia Prima Nastari (KPN CORP.);South Jakarta;Full time;https://www.jobstreet.co.id/job/77803157
01-Aug-24 16:25;IT Business Analyst Enablement Specialist;PT Tunas Ridean;South Jakarta;Full time;https://www.jobstreet.co.id/job/77790651
02-Aug-24 05:41;Product Owner;VIA.com;Central Jakarta;Full time;https://www.jobstreet.co.id/job/77807208
08-Aug-24 09:00;Management Associate Program Digital (IT);PT Asuransi Raksa Pratikara;Central Jakarta;Full time;https://www.jobstreet.co.id/job/77959992
08-Aug-24 04:20;Sr. System Engineer;PT Pratesis;South Jakarta;Full time;https://www.jobstreet.co.id/job/77952519
08-Aug-24 04:06;Associate Product Manager;PT Pratesis;South Jakarta;Full time;https://www.jobstreet.co.id/job/77952036
05-Aug-24 07:39;Infrastructure Engineer ~ Project Manager (cloud and security);PT. PERSOLKELLY Recruitment Indonesia;Jakarta;Full time;https://www.jobstreet.co.id/job/77865311
08-Aug-24 02:41;Enterprise Architecture;PT Bank Sinarmas, Tbk;Jakarta;Full time;https://www.jobstreet.co.id/job/77948633
07-Aug-24 02:00;Product Manager - Experience;PT Trinusa Travelindo;Jakarta;Full time;https://www.jobstreet.co.id/job/77936859
05-Aug-24 23:49;Product Manager (Fullfilment);PT Aplikasi Karya Anak Bangsa (GO-JEK Indonesia);Jakarta;Full time;https://www.jobstreet.co.id/job/77889858
07-Aug-24 01:58;IT Developer Manager;Orang Tua Group;West Jakarta;Full time;https://www.jobstreet.co.id/job/77916400
05-Aug-24 11:50;Account Manager;Jasnikom Gemanusa;Jakarta;Full time;https://www.jobstreet.co.id/job/77872589
07-Aug-24 03:58;Engineering Manager/Lead;PT Amartha Mikro Fintek (Jakarta);South Jakarta;Full time;https://www.jobstreet.co.id/job/77936131
07-Aug-24 03:41;Business Analyst;P.T. DIFINI TEKNOLOGI;Jakarta;Full time;https://www.jobstreet.co.id/job/77920475
03-Aug-24 01:00;Associate Product Manager - Product Operations;PT Trinusa Travelindo;Jakarta;Full time;https://www.jobstreet.co.id/job/77836891
07-Aug-24 11:08;IT Business Analyst & Application Engineer Specialist;PT Morula Indonesia;Central Jakarta;Contract/Temp;https://www.jobstreet.co.id/job/77932336
02-Aug-24 03:07;Operational Technology Engineer;PT TDK ELECTRONICS INDONESIA;Batam;Full time;https://www.jobstreet.co.id/job/77801501
02-Aug-24 22:31;Product Manager;PT Aplikasi Karya Anak Bangsa (GO-JEK Indonesia);Jakarta;Full time;https://www.jobstreet.co.id/job/77832570
01-Aug-24 21:52;Product Manager;PT Aplikasi Karya Anak Bangsa (GO-JEK Indonesia);Jakarta;Full time;https://www.jobstreet.co.id/job/77796443
06-Aug-24 08:52;IT Manager Support;CV Pesta Pangan Abadi;Sukoharjo;Contract/Temp;https://www.jobstreet.co.id/job/77900621
06-Aug-24 08:20;System Analyst;Geekhunter;Jakarta;Full time;https://www.jobstreet.co.id/job/77899932
06-Aug-24 09:14;Procurement Category Analyst (IT & Office Consumable);PT SMART,Tbk;Jakarta;Full time;https://www.jobstreet.co.id/job/77901132
06-Aug-24 04:18;PRODUCT OPERATIONS ANALYST;PT. GARIS PERTAMA SOLUSI;South Jakarta;Contract/Temp;https://www.jobstreet.co.id/job/77890739
06-Aug-24 10:22;HRIS Support (project based);Private Advertiser;Jakarta;Contract/Temp;https://www.jobstreet.co.id/job/77903846
05-Aug-24 03:40;Assistant Manager IT Development;PT. RUANG MAHA KARYA;Central Jakarta;Contract/Temp;https://www.jobstreet.co.id/job/77855782
05-Aug-24 07:42;Technical Lead;PT Ako Media Asia;Jakarta;Contract/Temp;https://www.jobstreet.co.id/job/77865407
05-Aug-24 02:05;Strategic Business Consultant ( IT & Data Center );PT. HUBBRI TEKNOTAMA NUSANTARA;West Jakarta;Part time;https://www.jobstreet.co.id/job/77852156
05-Aug-24 02:59;IT Solution Specialist;PT Sinergi Wahana Gemilang;Jakarta;Contract/Temp;https://www.jobstreet.co.id/job/77853972
05-Aug-24 02:47;Regional Project Assistant Manager (MCP dan Fiber Optic);PT Bali Towerindo Sentra Tbk;Jakarta;Full time;https://www.jobstreet.co.id/job/77853671
04-Aug-24 03:06;Project Koordinator Skinhealth (Platform Klinik Kesehatan Kulit);PT Digimedika Hub Nusantara;Semarang;Full time;https://www.jobstreet.co.id/job/77842531
04-Aug-24 05:20;Managing Director of Cloud Business, AI Services, Telecommunication;PT Humana International Indonesia;Central Jakarta;Full time;https://www.jobstreet.co.id/job/77843887
06-Aug-24 01:30;Senior Associate Product Manager - Supply;PT Trinusa Travelindo;Jakarta;Full time;https://www.jobstreet.co.id/job/77894842
04-Aug-24 07:05;IT Engineer to be sent to Japan (English Only is OK);Elite Tutors Indonesia;South Jakarta;Full time;https://www.jobstreet.co.id/job/77844210
02-Aug-24 03:35;Supervisor IT;PT Airkon Pratama;East Kalimantan;Contract/Temp;https://www.jobstreet.co.id/job/77803148
02-Aug-24 10:56;SAP Delivery Manager;PT Mitra Solusi Telematika;South Jakarta;Full time;https://www.jobstreet.co.id/job/77822103
02-Aug-24 04:47;System Engineer;PT Gaweku Human Technology (Gaweku);Semarang;Full time;https://www.jobstreet.co.id/job/77805693
02-Aug-24 07:21;IT Senior Products Trainer - SaaS (A-108959);RGF HR Agent Indonesia;South Jakarta;Full time;https://www.jobstreet.co.id/job/77813248
02-Aug-24 04:24;Business System Analyst;PT Kamoro Maxima Integra;West Jakarta;Full time;https://www.jobstreet.co.id/job/77804961
02-Aug-24 04:14;IT Development;PT. Grinviro Biotekno Indonesia;Tangerang;Full time;https://www.jobstreet.co.id/job/77804575
02-Aug-24 10:57;SAP Support Manager;PT Mitra Solusi Telematika;South Jakarta;Full time;https://www.jobstreet.co.id/job/77822109
02-Aug-24 03:32;Software Lead Engineer;PT. Permata Azzuri Sehat;South Jakarta;Contract/Temp;https://www.jobstreet.co.id/job/77802857
06-Aug-24 06:25;Project Manager (Jakarta/Bali, Office/Hybrid);Combined Digital Solutions;Bali;Full time;https://www.jobstreet.co.id/job/77895335
08-Aug-24 09:53;Jr. Manager Application Support;Indofood Group;North Jakarta;Full time;https://www.jobstreet.co.id/job/77969581
04-Aug-24 00:30;Client Project Manager;PT NTT Indonesia;Jakarta;Full time;https://www.jobstreet.co.id/job/77842900
05-Aug-24 00:00;Technical Lead - IVR;Flintex Consulting Pte Ltd;Jakarta;Full time;https://www.jobstreet.co.id/job/77874662
07-Aug-24 00:53;IT Business Analyst/Quality Assurance (BA/QA) Manager;Engio;Jakarta;Full time;https://www.jobstreet.co.id/job/77921370
07-Aug-24 07:21;IT Application Support Associate Manager;PT Alto Network;Central Jakarta;Full time;https://www.jobstreet.co.id/job/77935815
06-Aug-24 02:39;Onsite engineer;PT FLIP FLOP PROJECTS;Bali;Full time;https://www.jobstreet.co.id/job/77884653
04-Aug-24 10:10;IT Project Delivery;Manulife and John Hancock;Jakarta;Full time;https://www.jobstreet.co.id/job/77846027
06-Aug-24 04:11;IT Project Management Officer;PT Solusi Pembayaran Elektronik;Tangerang;Full time;https://www.jobstreet.co.id/job/77909470
04-Aug-24 12:00;Tech Lead;Sagara Technology Group;Jakarta;Full time;https://www.jobstreet.co.id/job/77857349
04-Aug-24 12:15;Project Manager (Fresh Graduate - Internship Program);Sagara Technology Group;Jakarta;Full time;https://www.jobstreet.co.id/job/77857377
06-Aug-24 05:27;Account Manager (Client Head Solutions);Snaphunt;Jakarta;Full time;https://www.jobstreet.co.id/job/77908582
06-Aug-24 03:35;Account Manager (Client Head Solutions);IlmuOne Data;Jakarta;Full time;https://www.jobstreet.co.id/job/77909377
06-Aug-24 05:27;Technical Deputy Head;Snaphunt;Jakarta;Full time;https://www.jobstreet.co.id/job/77908627
06-Aug-24 09:30;Head of Product;Halodoc;Jakarta;Full time;https://www.jobstreet.co.id/job/77909389
06-Aug-24 03:27;Technical Deputy Head;IlmuOne Data;Jakarta;Full time;https://www.jobstreet.co.id/job/77909445
