listing_date;title;company;location;work_type;link
05-Aug-24 04:12;Technical Support Manager (SaaS & IoT);Cartrack;Jakarta;Full time;https://www.jobstreet.co.id/job/77858417
07-Aug-24 03:41;IT MANAGER;PT Secom Indonesia;South Jakarta;Contract/Temp;https://www.jobstreet.co.id/job/77920523
06-Aug-24 07:36;IT MANAGER;PT PCI Elektronik Internasional;Batam;Full time;https://www.jobstreet.co.id/job/77898745
07-Aug-24 07:13;IT Software - Technical Manager;PT Hitachi eBworx Indonesia;Central Jakarta;Full time;https://www.jobstreet.co.id/job/77927950
06-Aug-24 02:30;IT Deputy Manager;Private Advertiser;Karawang;Full time;https://www.jobstreet.co.id/job/77884893
07-Aug-24 06:42;IT Project Manager (Software);PT Hitachi eBworx Indonesia;Central Jakarta;Full time;https://www.jobstreet.co.id/job/77927059
08-Aug-24 02:02;Support Executive (IT) (Bandung & Batam);PT Innoark Servis Internasional;Bandung;Full time;https://www.jobstreet.co.id/job/77947330
07-Aug-24 01:52;Business Acquisition Manager - Indonesia;Standard Chartered Bank;Jakarta;Full time;https://www.jobstreet.co.id/job/77916189
08-Aug-24 02:22;IT Product Management Lead;PT Akulaku Silvrr Indonesia;Central Jakarta;Contract/Temp;https://www.jobstreet.co.id/job/77947963
06-Aug-24 04:30;IT Project Manager;Ciputra Group;South Jakarta;Full time;https://www.jobstreet.co.id/job/77891172
05-Aug-24 06:44;IT Operation (Asst. Manager);PT MNC Guna Usaha Indonesia (Jakarta);Central Jakarta;Full time;https://www.jobstreet.co.id/job/77860744
06-Aug-24 09:14;Procurement Category Analyst (IT & Office Consumable);PT SMART,Tbk;Jakarta;Full time;https://www.jobstreet.co.id/job/77901132
05-Aug-24 04:01;IT Project Manager;PT Nawa Data Solutions;Jakarta;Contract/Temp;https://www.jobstreet.co.id/job/77856988
07-Aug-24 01:58;IT Developer Manager;Orang Tua Group;West Jakarta;Full time;https://www.jobstreet.co.id/job/77916400
08-Aug-24 07:45;IT SENIOR STAFF;PT Konka New Building Materials Indonesia;Cikarang;Full time;https://www.jobstreet.co.id/job/77958325
07-Aug-24 03:32;IT Project Manager;PT. Metrocomjaddi Technology;North Jakarta;Contract/Temp;https://www.jobstreet.co.id/job/77920055
06-Aug-24 08:52;IT Manager Support;CV Pesta Pangan Abadi;Sukoharjo;Contract/Temp;https://www.jobstreet.co.id/job/77900621
07-Aug-24 14:45;Senior Consultant - SAP SD - ID;Deloitte;Jakarta;Full time;https://www.jobstreet.co.id/job/77940674
06-Aug-24 06:29;SAP Technical Consultant Trainee;Hand International Pte. Ltd.;Central Jakarta;Contract/Temp;https://www.jobstreet.co.id/job/77895932
06-Aug-24 02:40;IT Assistant Manager;Stanford Teknologi Indonesia;Central Jakarta;Full time;https://www.jobstreet.co.id/job/77885258
02-Aug-24 08:47;IT Infrastructure Project Manager;PT Netmarks Indonesia;North Jakarta;Contract/Temp;https://www.jobstreet.co.id/job/77815419
06-Aug-24 04:48;Project Manager - IT Consulting (A-109666);RGF HR Agent Indonesia;South Jakarta;Full time;https://www.jobstreet.co.id/job/77891682
05-Aug-24 03:47;IT Project Manager (Japanese Speaker);PT Gaweku Human Technology (Gaweku);Jakarta;Full time;https://www.jobstreet.co.id/job/77856057
07-Aug-24 06:35;IT Support;MAZABUTA GROUP;Surabaya;Contract/Temp;https://www.jobstreet.co.id/job/77926825
06-Aug-24 13:55;Consultant - SAP MM - ID;Deloitte;Jakarta;Full time;https://www.jobstreet.co.id/job/77906966
02-Aug-24 03:35;Implementation and Functional Section Head;Karunia Prima Nastari (KPN CORP.);South Jakarta;Full time;https://www.jobstreet.co.id/job/77803157
06-Aug-24 01:17;Senior Consultant - Technology Strategy and Transformation - ID;Deloitte;Jakarta;Full time;https://www.jobstreet.co.id/job/77889785
05-Aug-24 02:05;Strategic Business Consultant ( IT & Data Center );PT. HUBBRI TEKNOTAMA NUSANTARA;West Jakarta;Part time;https://www.jobstreet.co.id/job/77852156
07-Aug-24 03:58;Engineering Manager/Lead;PT Amartha Mikro Fintek (Jakarta);South Jakarta;Full time;https://www.jobstreet.co.id/job/77936131
02-Aug-24 01:42;IT Support Specialist - ID;Deloitte Consulting SEA;Central Jakarta;Full time;https://www.jobstreet.co.id/job/77798434
06-Aug-24 03:00;IT Senior Staff (AEON MALL Tanjung Barat);PT Aeon Mall Indonesia;South Jakarta;Full time;https://www.jobstreet.co.id/job/77886186
02-Aug-24 09:43;IT Support Specialist - ID;Deloitte;Jakarta;Full time;https://www.jobstreet.co.id/job/77824260
02-Aug-24 08:29;IT Manager;PT. Innolab Sains Internasional;East Jakarta;Full time;https://www.jobstreet.co.id/job/77814989
02-Aug-24 09:17;Head of IT (Semarang, Manufacturing Industry);Links international;Semarang;Full time;https://www.jobstreet.co.id/job/77816533
05-Aug-24 08:49;IT Operation ( IT Support, IT Network, IT Security );PT. Asuransi Umum BCA;Jakarta;Full time;https://www.jobstreet.co.id/job/77866996
02-Aug-24 07:21;IT Senior Products Trainer - SaaS (A-108959);RGF HR Agent Indonesia;South Jakarta;Full time;https://www.jobstreet.co.id/job/77813248
02-Aug-24 04:50;IT Officer;PT Surya Jalur Anugerah;Jakarta;Full time;https://www.jobstreet.co.id/job/77805774
02-Aug-24 10:56;SAP Delivery Manager;PT Mitra Solusi Telematika;South Jakarta;Full time;https://www.jobstreet.co.id/job/77822103
02-Aug-24 10:37;IT Coordinator;PT Sodexo Sinergi Indonesia;South Jakarta;Full time;https://www.jobstreet.co.id/job/77821899
02-Aug-24 09:05;IT Change & Availability Management;PT Bumi Amartha Teknologi Mandiri;Central Jakarta;Contract/Temp;https://www.jobstreet.co.id/job/77816217
02-Aug-24 10:40;Project Manager;PT Metrocom Global Solusi;Jakarta;Full time;https://www.jobstreet.co.id/job/77821945
02-Aug-24 03:35;Supervisor IT;PT Airkon Pratama;East Kalimantan;Contract/Temp;https://www.jobstreet.co.id/job/77803148
07-Aug-24 07:21;Enterprise Risk Management Unit Head;PT Alto Network;Central Java;Full time;https://www.jobstreet.co.id/job/77935640
06-Aug-24 05:27;Technical Deputy Head;Snaphunt;Jakarta;Full time;https://www.jobstreet.co.id/job/77908627
06-Aug-24 05:27;Account Manager (Client Head Solutions);Snaphunt;Jakarta;Full time;https://www.jobstreet.co.id/job/77908582
06-Aug-24 03:27;Technical Deputy Head;IlmuOne Data;Jakarta;Full time;https://www.jobstreet.co.id/job/77909445
06-Aug-24 03:35;Account Manager (Client Head Solutions);IlmuOne Data;Jakarta;Full time;https://www.jobstreet.co.id/job/77909377
07-Aug-24 03:39;IT System Analyst - Manufactur Company;PT. SIGMA GLOBAL TEKNOLOGI (SIGMATECH);Jakarta;Contract/Temp;https://www.jobstreet.co.id/job/77951026
05-Aug-24 06:44;IT Incindent Engineer L2;PT Allo Bank Indonesia, Tbk;Jakarta;Full time;https://www.jobstreet.co.id/job/77877402
04-Aug-24 10:10;IT Project Delivery;Manulife and John Hancock;Jakarta;Full time;https://www.jobstreet.co.id/job/77846027
