listing_date;title;company;location;work_type;link
05-Aug-24 06:44;IT Operation (Asst. Manager);PT MNC Guna Usaha Indonesia (Jakarta);Central Jakarta;Full time;https://www.jobstreet.co.id/job/77860744
07-Aug-24 03:40;Branch Manager (Kepala Cabang);PT BPR Prima Kredit Mandiri;Tangerang;Full time;https://www.jobstreet.co.id/job/77920490
08-Aug-24 09:11;Branch Manager Mobil Wilayah Sulawesi Tengah;PT KB Finansia Multi Finance;Central Sulawesi;Full time;https://www.jobstreet.co.id/job/77960219
07-Aug-24 03:41;IT MANAGER;PT Secom Indonesia;South Jakarta;Contract/Temp;https://www.jobstreet.co.id/job/77920523
07-Aug-24 07:13;IT Software - Technical Manager;PT Hitachi eBworx Indonesia;Central Jakarta;Full time;https://www.jobstreet.co.id/job/77927950
06-Aug-24 11:30;BRANCH MANAGER CAR - YOGYAKARTA;PT Mega Central Finance;Yogyakarta;Full time;https://www.jobstreet.co.id/job/77904485
06-Aug-24 07:36;IT MANAGER;PT PCI Elektronik Internasional;Batam;Full time;https://www.jobstreet.co.id/job/77898745
07-Aug-24 03:29;MARKETING (AO) / BRANCH MANAGER  - KREDIT PENSIUN;Private Advertiser;Jambi City;Full time;https://www.jobstreet.co.id/job/77919815
07-Aug-24 02:06;Head of Business Control;PT Dian Swastatika Sentosa, Tbk;Central Jakarta;Full time;https://www.jobstreet.co.id/job/77916678
07-Aug-24 06:42;IT Project Manager (Software);PT Hitachi eBworx Indonesia;Central Jakarta;Full time;https://www.jobstreet.co.id/job/77927059
07-Aug-24 10:14;Senior Community Manager;TUNTUN SEKURITAS INDONESIA;North Jakarta;Full time;https://www.jobstreet.co.id/job/77931868
06-Aug-24 11:14;BRANCH MANAGER CAR - BALIKPAPAN;PT Mega Central Finance;Balikpapan;Full time;https://www.jobstreet.co.id/job/77904367
05-Aug-24 10:09;Project Manager;PT. Cipta Optima Manunggal;South Jakarta;Full time;https://www.jobstreet.co.id/job/77870914
07-Aug-24 01:58;IT Developer Manager;Orang Tua Group;West Jakarta;Full time;https://www.jobstreet.co.id/job/77916400
07-Aug-24 02:39;Project Manager - Telematics (A-109679);RGF HR Agent Indonesia;South Jakarta;Full time;https://www.jobstreet.co.id/job/77917843
06-Aug-24 02:40;IT Assistant Manager;Stanford Teknologi Indonesia;Central Jakarta;Full time;https://www.jobstreet.co.id/job/77885258
05-Aug-24 04:12;Technical Support Manager (SaaS & IoT);Cartrack;Jakarta;Full time;https://www.jobstreet.co.id/job/77858417
06-Aug-24 11:25;BRANCH MANAGER CAR - KEDIRI;PT Mega Central Finance;Kediri;Full time;https://www.jobstreet.co.id/job/77904429
05-Aug-24 10:44;Merchant Payment Operations Assistant Manager;PT Solusi Transportasi Indonesia;Yogyakarta;Full time;https://www.jobstreet.co.id/job/77874708
06-Aug-24 08:52;IT Manager Support;CV Pesta Pangan Abadi;Sukoharjo;Contract/Temp;https://www.jobstreet.co.id/job/77900621
08-Aug-24 12:00;Product Marketing Manager Sr.;PT. Metrodata Electronics, Tbk;West Jakarta;Full time;https://www.jobstreet.co.id/job/77970233
06-Aug-24 02:30;IT Deputy Manager;Private Advertiser;Karawang;Full time;https://www.jobstreet.co.id/job/77884893
05-Aug-24 06:41;Relationship Manager Funding - KoinWorks Bank;PT Lunaria Annua Teknologi (KoinWorks);South Tangerang;Full time;https://www.jobstreet.co.id/job/77856468
08-Aug-24 04:24;Funding Senior Manager;PT Kirana Megatara, Tbk (Triputra Group);South Jakarta;Full time;https://www.jobstreet.co.id/job/77952623
06-Aug-24 11:19;BRANCH MANAGER CAR - JAKARTA AREA;PT Mega Central Finance;Jakarta;Full time;https://www.jobstreet.co.id/job/77904403
07-Aug-24 03:58;Engineering Manager/Lead;PT Amartha Mikro Fintek (Jakarta);South Jakarta;Full time;https://www.jobstreet.co.id/job/77936131
08-Aug-24 02:53;IT System Analyst Manager (Sales Distribution);Erajaya Group;West Jakarta;Full time;https://www.jobstreet.co.id/job/77949021
06-Aug-24 01:45;Scrum Master;PT BCI CENTRAL INDONESIA;South Jakarta;Full time;https://www.jobstreet.co.id/job/77883289
07-Aug-24 07:55;Cluster Recovery Manager Kalimantan;PT KB Finansia Multi Finance;South Kalimantan;Full time;https://www.jobstreet.co.id/job/77929172
07-Aug-24 03:32;IT Project Manager;PT. Metrocomjaddi Technology;North Jakarta;Contract/Temp;https://www.jobstreet.co.id/job/77920055
08-Aug-24 02:55;Relationship Manager, Priority - Indonesia;Standard Chartered Bank;Surabaya;Full time;https://www.jobstreet.co.id/job/77949087
08-Aug-24 08:01;SAP FICO Manager;Korindo Group;South Jakarta;Contract/Temp;https://www.jobstreet.co.id/job/77958726
07-Aug-24 02:23;Desk Collection Manager;PT Abadi Sejahtera Finansindo;Tangerang;Full time;https://www.jobstreet.co.id/job/77917246
08-Aug-24 04:06;Associate Product Manager;PT Pratesis;South Jakarta;Full time;https://www.jobstreet.co.id/job/77952036
07-Aug-24 02:48;E-Gov Project Manager;CV Kabayan Consulting;Bandung;Full time;https://www.jobstreet.co.id/job/77918158
05-Aug-24 03:40;Assistant Manager IT Development;PT. RUANG MAHA KARYA;Central Jakarta;Contract/Temp;https://www.jobstreet.co.id/job/77855782
05-Aug-24 03:15;Treasury;PT Obsidian Stainless Steel;South Jakarta;Full time;https://www.jobstreet.co.id/job/77854849
06-Aug-24 04:48;Project Manager - IT Consulting (A-109666);RGF HR Agent Indonesia;South Jakarta;Full time;https://www.jobstreet.co.id/job/77891682
08-Aug-24 06:11;Finance Analyst;PT Duta Agro Makmur Indah;North Jakarta;Full time;https://www.jobstreet.co.id/job/77955440
08-Aug-24 02:22;IT Product Management Lead;PT Akulaku Silvrr Indonesia;Central Jakarta;Contract/Temp;https://www.jobstreet.co.id/job/77947963
05-Aug-24 04:20;Project Manager;PT Walden Global Services;Bandung;Full time;https://www.jobstreet.co.id/job/77859021
06-Aug-24 02:41;Oracle Functional;Dexa Group;Tangerang;Full time;https://www.jobstreet.co.id/job/77885302
07-Aug-24 10:33;Product Manager;PT. Gree Electric Appliances Indonesia;North Jakarta;Full time;https://www.jobstreet.co.id/job/77932061
08-Aug-24 10:09;Solution Architech (Microsoft Product);PT Digital Aplikasi Solusi;South Jakarta;Full time;https://www.jobstreet.co.id/job/77961201
06-Aug-24 04:30;IT Project Manager;Ciputra Group;South Jakarta;Full time;https://www.jobstreet.co.id/job/77891172
02-Aug-24 02:00;Branch Manager (BM);PT Transpacific Finance;Depok;Contract/Temp;https://www.jobstreet.co.id/job/77799022
02-Aug-24 02:28;Financial Institution Partnership Specialist;PT Finture Tech Indonesia;South Jakarta;Full time;https://www.jobstreet.co.id/job/77799993
05-Aug-24 09:23;Sales Funding;Koperasi Simpan Pinjam Dwi Tunggal;East Jakarta;Full time;https://www.jobstreet.co.id/job/77867902
02-Aug-24 08:29;IT Manager;PT. Innolab Sains Internasional;East Jakarta;Full time;https://www.jobstreet.co.id/job/77814989
03-Aug-24 03:31;BUSINESS PROCESS IMPROVEMENT & COMPLIANCE SUPERVISOR;PT GADAI JADI BERKAH;Tangerang;Full time;https://www.jobstreet.co.id/job/77834575
08-Aug-24 11:55;Data Center Facility Engineer;PRO-MATRIX PTE LTD;Bekasi Regency;Contract/Temp;https://www.jobstreet.co.id/job/77962046
05-Aug-24 09:03;Technical Oracle Asst Manager;PT Cahaya Research Indonesia;Central Jakarta;Full time;https://www.jobstreet.co.id/job/77867287
05-Aug-24 23:49;Capital Market & Corporate Communication Manager;PT Aplikasi Karya Anak Bangsa (GO-JEK Indonesia);Jakarta;Full time;https://www.jobstreet.co.id/job/77890029
08-Aug-24 03:28;Operational Staff (Mandarin Speaker);PT Global Bintang Timur Ekspress;North Jakarta;Contract/Temp;https://www.jobstreet.co.id/job/77950301
06-Aug-24 05:37;Risk Reporting Manager;PT Kredit Pintar Indonesia;South Jakarta;Full time;https://www.jobstreet.co.id/job/77892973
02-Aug-24 07:05;Microsoft Dynamics GP - Great Plains Technical Consultant (Based in Singapore);Nigel Frank International;Jakarta;Full time;https://www.jobstreet.co.id/job/77812653
07-Aug-24 01:52;Business Acquisition Manager - Indonesia;Standard Chartered Bank;Jakarta;Full time;https://www.jobstreet.co.id/job/77916189
02-Aug-24 08:00;Regional Manager Sumatera;PT Amartha Mikro Fintek (Jakarta);Jambi;Contract/Temp;https://www.jobstreet.co.id/job/77310858
04-Aug-24 02:10;Fullstack Developer;PT Indoglobal Nusa Persada;Yogyakarta;Full time;https://www.jobstreet.co.id/job/77842463
06-Aug-24 06:13;Relationship Manager Lending - Team Leader;PT Bank Amar Indonesia;Jakarta;Full time;https://www.jobstreet.co.id/job/77894340
02-Aug-24 11:16;Jabatan Branch Manager;PT Bank Danamon Indonesia, Tbk;Central Java;Full time;https://www.jobstreet.co.id/job/77824270
06-Aug-24 05:36;Risk Strategy Senior Manager;PT Kredit Pintar Indonesia;South Jakarta;Full time;https://www.jobstreet.co.id/job/77892938
02-Aug-24 01:01;BRANCH MANAGER BINA GROUP (Situbondo);PT Bina Artha Ventura;Situbondo;Full time;https://www.jobstreet.co.id/job/77797230
02-Aug-24 01:20;BRANCH MANAGER BINA GROUP (MADIUN);PT Bina Artha Ventura;Madiun;Full time;https://www.jobstreet.co.id/job/77797770
02-Aug-24 01:04;BRANCH MANAGER BINA GROUP (KEDIRI);PT Bina Artha Ventura;Kediri;Full time;https://www.jobstreet.co.id/job/77797283
05-Aug-24 02:47;Regional Project Assistant Manager (MCP dan Fiber Optic);PT Bali Towerindo Sentra Tbk;Jakarta;Full time;https://www.jobstreet.co.id/job/77853671
02-Aug-24 00:57;Area Manager (Situbondo);PT Bina Artha Ventura;Situbondo;Full time;https://www.jobstreet.co.id/job/77797115
05-Aug-24 04:01;IT Project Manager;PT Nawa Data Solutions;Jakarta;Contract/Temp;https://www.jobstreet.co.id/job/77856988
02-Aug-24 01:16;BRANCH MANAGER BINA GROUP (JEMBER);PT Bina Artha Ventura;Jember;Full time;https://www.jobstreet.co.id/job/77797619
07-Aug-24 02:00;Product Manager - Experience;PT Trinusa Travelindo;Jakarta;Full time;https://www.jobstreet.co.id/job/77936859
06-Aug-24 02:35;Leader (Kepala Cabang) Penempatan Klungkung - Bali;PT Amartha Mikro Fintek (Jakarta);Klungkung;Contract/Temp;https://www.jobstreet.co.id/job/77740718
05-Aug-24 04:42;Relationship Manager Priority;PT Bank Muamalat Indonesia, Tbk;Jakarta;Full time;https://www.jobstreet.co.id/job/77859708
05-Aug-24 11:50;Account Manager;Jasnikom Gemanusa;Jakarta;Full time;https://www.jobstreet.co.id/job/77872589
05-Aug-24 04:52;Compliance Assistant Manager;PT Mandiri Utama Finance;South Jakarta;Full time;https://www.jobstreet.co.id/job/77859991
02-Aug-24 01:42;Business Portfolio Manager;Perumda Air Minum Jaya;Jakarta;Contract/Temp;https://www.jobstreet.co.id/job/77798443
06-Aug-24 08:48;Relationship Manager (SME & Special Lending) - Karawaci;PT Bank Nationalnobu Tbk;Tangerang;Full time;https://www.jobstreet.co.id/job/77900545
04-Aug-24 05:20;Managing Director of Cloud Business, AI Services, Telecommunication;PT Humana International Indonesia;Central Jakarta;Full time;https://www.jobstreet.co.id/job/77843887
05-Aug-24 09:40;Kepala Cabang (Business Manager) Wilayah Klungkung - Bali;amartha mikro fintek-buleleng;Denpasar;Full time;https://www.jobstreet.co.id/job/77874506
07-Aug-24 03:34;ERP Consultant;PT JAC Consulting Indonesia;South Jakarta;Full time;https://www.jobstreet.co.id/job/77920160
05-Aug-24 03:47;IT Project Manager (Japanese Speaker);PT Gaweku Human Technology (Gaweku);Jakarta;Full time;https://www.jobstreet.co.id/job/77856057
05-Aug-24 08:22;Credit Manager - Leasing (C-109612);RGF HR Agent Indonesia;Central Jakarta;Full time;https://www.jobstreet.co.id/job/77866388
05-Aug-24 07:56;Account Manager SME Lending (Bekasi);PT Simplefi Teknologi Indonesia (Jakarta);Bekasi;Full time;https://www.jobstreet.co.id/job/77865778
05-Aug-24 07:55;Account Manager SME Lending (Bogor);PT Simplefi Teknologi Indonesia (Jakarta);Bogor;Full time;https://www.jobstreet.co.id/job/77865754
08-Aug-24 08:35;Compliance Risk Management Department Head;PT Asuransi Jiwa Central Asia Raya (CAR);West Jakarta;Full time;https://www.jobstreet.co.id/job/77959478
02-Aug-24 10:40;Project Manager;PT Metrocom Global Solusi;Jakarta;Full time;https://www.jobstreet.co.id/job/77821945
07-Aug-24 03:58;Head of Engineering;PT Amartha Mikro Fintek (Jakarta);South Jakarta;Full time;https://www.jobstreet.co.id/job/77936931
02-Aug-24 08:15;Relationship Manager;PT IFS Capital Indonesia;Central Jakarta;Full time;https://www.jobstreet.co.id/job/77814627
06-Aug-24 03:52;Business Team Head;OK Asset Indonesia;Central Jakarta;Full time;https://www.jobstreet.co.id/job/77889714
02-Aug-24 10:42;Business Manager (Kepala Cabang) Flores - NTT;PT Amartha Mikro Fintek (Jakarta);Lembata;Contract/Temp;https://www.jobstreet.co.id/job/77377346
05-Aug-24 07:50;Account Manager SME Lending (Malang);PT Simplefi Teknologi Indonesia (Jakarta);Malang;Full time;https://www.jobstreet.co.id/job/77865649
06-Aug-24 01:30;Senior Associate Product Manager - Supply;PT Trinusa Travelindo;Jakarta;Full time;https://www.jobstreet.co.id/job/77894842
05-Aug-24 07:52;Account Manager SME Lending (Jakarta);PT Simplefi Teknologi Indonesia (Jakarta);Jakarta;Full time;https://www.jobstreet.co.id/job/77865694
07-Aug-24 07:47;Product Owner;Geekhunter;Jakarta;Full time;https://www.jobstreet.co.id/job/77928947
07-Aug-24 09:45;Funding Marketing (Medan Branch);PT Bank JTrust Indonesia, Tbk;Medan;Full time;https://www.jobstreet.co.id/job/77931414
05-Aug-24 07:32;COMMERCIAL BANKING RELATIONSHIP MANAGER (Jakarta);PT Bank OCBC NISP Tbk;Jakarta;Full time;https://www.jobstreet.co.id/job/77865119
08-Aug-24 03:09;Collection Head (Frontend);PT CIMB Niaga Auto Finance;South Tangerang;Full time;https://www.jobstreet.co.id/job/77949658
05-Aug-24 23:49;Product Manager (Fullfilment);PT Aplikasi Karya Anak Bangsa (GO-JEK Indonesia);Jakarta;Full time;https://www.jobstreet.co.id/job/77889858
02-Aug-24 08:28;Mortgage Collections Manager;PT. BFI FINANCE INDONESIA, Tbk;East Java;Full time;https://www.jobstreet.co.id/job/77814969
05-Aug-24 07:39;Infrastructure Engineer ~ Project Manager (cloud and security);PT. PERSOLKELLY Recruitment Indonesia;Jakarta;Full time;https://www.jobstreet.co.id/job/77865311
02-Aug-24 10:57;SAP Support Manager;PT Mitra Solusi Telematika;South Jakarta;Full time;https://www.jobstreet.co.id/job/77822109
