listing_date;title;company;location;work_type;link
08-Aug-24 09:36;Financial Controller/Finance & Accounts Senior Manager;Edu Farmers International Foundation;Jakarta Selatan;contract;https://dealls.com/loker/financial-controllerfinance-and-accounts-senior~edufarmers-international
08-Aug-24 08:26;Associate Product Manager;Tada;N/A;fullTime;https://dealls.com/loker/associate-product-manager-15~tada
08-Aug-24 10:41;Project Management Officer;RPX One Stop Logistic;Jakarta Selatan;fullTime;https://dealls.com/loker/project-management-officer-2~rpx-one-stop-logistic
08-Aug-24 02:21;IT Product Management Lead;Akulaku Indonesia;Jakarta Pusat;fullTime;https://dealls.com/loker/it-product-management-lead-1~akulaku-indonesia
08-Aug-24 02:17;Business Manager;Akar Inti Enterprise;Jakarta Selatan;fullTime;https://dealls.com/loker/business-manager-4~akar-inti-enterprise
07-Aug-24 07:20;Head of Estate Management - Tanjung Bunga (Makassar);PT. Lippo Karawaci, Tbk;Makassar;fullTime;https://dealls.com/loker/head-of-estate-management-tanjung~pt-lippo-karawaci-tbk
08-Aug-24 04:01;Supervisor Network Management (Mandarin Speaker);PT Global Bintang Timur Ekspress (J&T Express Jakarta);Jakarta Utara;fullTime;https://dealls.com/loker/supervisor-network-management-mandarin-speaker~pt-global-bintang-timur-ekspress
08-Aug-24 05:16;Project Manager;KipasKipas;Jakarta Selatan;fullTime;https://dealls.com/loker/project-manager-32~kipaskipas
06-Aug-24 02:40;General Manager (Pererenan, Full-Time);Outpost;Bali;fullTime;https://dealls.com/loker/general-manager-pererenan-full-time~outpost
06-Aug-24 04:30;Retail Manager (Manokwari);MR. DIY Indonesia;Manokwari Regency;fullTime;https://dealls.com/loker/retail-manager-manokwari~mr-diy-indonesia
16-May-24 08:24;Auto Finance Sales Policy (Senior Specialist - Manager);Akulaku Indonesia;Jakarta Pusat;contract;https://dealls.com/loker/auto-finance-sales-policy-senior~akulaku-indonesia
05-Aug-24 03:27;Account Manager Cloud;PT Metrodata Electronics Tbk.;Jakarta Barat;fullTime;https://dealls.com/loker/account-manager-cloud~pt-metrodata-electronics-tbk
08-Nov-23 14:24;SAP Integration Manager Consultant;PT Jasa Teknologi Informasi;Jakarta Pusat;fullTime;https://dealls.com/loker/sap-integration-manager-consultant~pt-jasa-teknologi-informasi
30-Jul-24 09:08;Marketing Manager;The Peak Connoisseurs;Bandung;fullTime;https://dealls.com/loker/marketing-manager-21~the-peak-connoisseurs
06-Aug-24 02:38;Senior Accounting Manager;Outpost;Bali;fullTime;https://dealls.com/loker/senior-accounting-manager~outpost
07-Aug-24 03:25;Business Development Manager (B2B);Sayurbox;Jakarta Selatan;fullTime;https://dealls.com/loker/business-development-manager-b2b-1~sayurbox
06-Aug-24 06:59;Accounting Tax Manager;DCT Agency;Tangerang Selatan;fullTime;https://dealls.com/loker/accounting-tax-manager-4~dct-agency
28-May-24 06:33;Club Manager (Kalimantan);FIT HUB;Samarinda;fullTime;https://dealls.com/loker/club-manager-kalimantan~fit-hub
