listing_date;title;company;location;work_type;link
08-Aug-24 04:06;Associate Product Manager;PT Pratesis;South Jakarta;Full time;https://www.jobstreet.co.id/job/77952036
07-Aug-24 10:33;Product Manager;PT. Gree Electric Appliances Indonesia;North Jakarta;Full time;https://www.jobstreet.co.id/job/77932061
06-Aug-24 01:45;Scrum Master;PT BCI CENTRAL INDONESIA;South Jakarta;Full time;https://www.jobstreet.co.id/job/77883289
07-Aug-24 02:00;Product Manager - Experience;PT Trinusa Travelindo;Jakarta;Full time;https://www.jobstreet.co.id/job/77936859
05-Aug-24 23:49;Product Manager (Fullfilment);PT Aplikasi Karya Anak Bangsa (GO-JEK Indonesia);Jakarta;Full time;https://www.jobstreet.co.id/job/77889858
08-Aug-24 02:22;IT Product Management Lead;PT Akulaku Silvrr Indonesia;Central Jakarta;Contract/Temp;https://www.jobstreet.co.id/job/77947963
08-Aug-24 10:09;Solution Architech (Microsoft Product);PT Digital Aplikasi Solusi;South Jakarta;Full time;https://www.jobstreet.co.id/job/77961201
08-Aug-24 12:00;Product Marketing Manager Sr.;PT. Metrodata Electronics, Tbk;West Jakarta;Full time;https://www.jobstreet.co.id/job/77970233
05-Aug-24 04:12;Technical Support Manager (SaaS & IoT);Cartrack;Jakarta;Full time;https://www.jobstreet.co.id/job/77858417
06-Aug-24 01:30;Senior Associate Product Manager - Supply;PT Trinusa Travelindo;Jakarta;Full time;https://www.jobstreet.co.id/job/77894842
07-Aug-24 07:13;IT Software - Technical Manager;PT Hitachi eBworx Indonesia;Central Jakarta;Full time;https://www.jobstreet.co.id/job/77927950
03-Aug-24 01:00;Associate Product Manager - Product Operations;PT Trinusa Travelindo;Jakarta;Full time;https://www.jobstreet.co.id/job/77836891
02-Aug-24 22:31;Product Manager;PT Aplikasi Karya Anak Bangsa (GO-JEK Indonesia);Jakarta;Full time;https://www.jobstreet.co.id/job/77832570
02-Aug-24 11:16;Jabatan Branch Manager;PT Bank Danamon Indonesia, Tbk;Central Java;Full time;https://www.jobstreet.co.id/job/77824270
05-Aug-24 10:09;Project Manager;PT. Cipta Optima Manunggal;South Jakarta;Full time;https://www.jobstreet.co.id/job/77870914
07-Aug-24 07:47;Product Owner;Geekhunter;Jakarta;Full time;https://www.jobstreet.co.id/job/77928947
02-Aug-24 04:21;Professional Product Owner;PT Nomura Research Institute Indonesia;Jakarta;Contract/Temp;https://www.jobstreet.co.id/job/77804896
02-Aug-24 05:41;Product Owner;VIA.com;Central Jakarta;Full time;https://www.jobstreet.co.id/job/77807208
01-Aug-24 21:52;Product Manager;PT Aplikasi Karya Anak Bangsa (GO-JEK Indonesia);Jakarta;Full time;https://www.jobstreet.co.id/job/77796443
06-Aug-24 04:30;IT Project Manager;Ciputra Group;South Jakarta;Full time;https://www.jobstreet.co.id/job/77891172
08-Aug-24 02:23;Scrum Master;PT Phincon;South Jakarta;Full time;https://www.jobstreet.co.id/job/77947992
02-Aug-24 04:22;Scrum Master;PT Nomura Research Institute Indonesia;Jakarta;Contract/Temp;https://www.jobstreet.co.id/job/77804910
05-Aug-24 04:20;Project Manager;PT Walden Global Services;Bandung;Full time;https://www.jobstreet.co.id/job/77859021
05-Aug-24 04:01;IT Project Manager;PT Nawa Data Solutions;Jakarta;Contract/Temp;https://www.jobstreet.co.id/job/77856988
07-Aug-24 03:32;IT Project Manager;PT. Metrocomjaddi Technology;North Jakarta;Contract/Temp;https://www.jobstreet.co.id/job/77920055
06-Aug-24 04:48;Project Manager - IT Consulting (A-109666);RGF HR Agent Indonesia;South Jakarta;Full time;https://www.jobstreet.co.id/job/77891682
05-Aug-24 11:50;Account Manager;Jasnikom Gemanusa;Jakarta;Full time;https://www.jobstreet.co.id/job/77872589
07-Aug-24 10:14;Senior Community Manager;TUNTUN SEKURITAS INDONESIA;North Jakarta;Full time;https://www.jobstreet.co.id/job/77931868
07-Aug-24 03:58;Engineering Manager/Lead;PT Amartha Mikro Fintek (Jakarta);South Jakarta;Full time;https://www.jobstreet.co.id/job/77936131
02-Aug-24 10:56;SAP Delivery Manager;PT Mitra Solusi Telematika;South Jakarta;Full time;https://www.jobstreet.co.id/job/77822103
02-Aug-24 08:28;Mortgage Collections Manager;PT. BFI FINANCE INDONESIA, Tbk;East Java;Full time;https://www.jobstreet.co.id/job/77814969
07-Aug-24 01:52;Business Acquisition Manager - Indonesia;Standard Chartered Bank;Jakarta;Full time;https://www.jobstreet.co.id/job/77916189
05-Aug-24 10:44;Merchant Payment Operations Assistant Manager;PT Solusi Transportasi Indonesia;Yogyakarta;Full time;https://www.jobstreet.co.id/job/77874708
06-Aug-24 07:38;LEAD QUALITY ENGINEER;PT PCI Elektronik Internasional;Batam;Full time;https://www.jobstreet.co.id/job/77898840
01-Aug-24 19:13;Senior QA Engineer;PT Solusi Transportasi Indonesia;Jakarta;Full time;https://www.jobstreet.co.id/job/77793805
05-Aug-24 14:05;Java Developer;PT Vanz Inovatif Teknologi;Jakarta;Contract/Temp;https://www.jobstreet.co.id/job/77875093
05-Aug-24 05:14;Branch Supervisor;PT Loan Market Indo;Jakarta;Full time;https://www.jobstreet.co.id/job/77860512
07-Aug-24 01:58;Credit Analyst, Corporate & Investment Banking - Indonesia;Standard Chartered Bank;Jakarta;Full time;https://www.jobstreet.co.id/job/77916379
05-Aug-24 03:47;IT Project Manager (Japanese Speaker);PT Gaweku Human Technology (Gaweku);Jakarta;Full time;https://www.jobstreet.co.id/job/77856057
01-Aug-24 16:25;IT Business Analyst Enablement Specialist;PT Tunas Ridean;South Jakarta;Full time;https://www.jobstreet.co.id/job/77790651
05-Aug-24 07:42;Technical Lead;PT Ako Media Asia;Jakarta;Contract/Temp;https://www.jobstreet.co.id/job/77865407
04-Aug-24 03:06;Project Koordinator Skinhealth (Platform Klinik Kesehatan Kulit);PT Digimedika Hub Nusantara;Semarang;Full time;https://www.jobstreet.co.id/job/77842531
02-Aug-24 10:40;Project Manager;PT Metrocom Global Solusi;Jakarta;Full time;https://www.jobstreet.co.id/job/77821945
08-Aug-24 09:53;Senior Product Associate (Digital);PT Alto Network;Central Java;Full time;https://www.jobstreet.co.id/job/77969456
05-Aug-24 00:00;Technical Lead - IVR;Flintex Consulting Pte Ltd;Jakarta;Full time;https://www.jobstreet.co.id/job/77874662
04-Aug-24 00:30;Client Project Manager;PT NTT Indonesia;Jakarta;Full time;https://www.jobstreet.co.id/job/77842900
08-Aug-24 09:53;Jr. Manager Application Support;Indofood Group;North Jakarta;Full time;https://www.jobstreet.co.id/job/77969581
06-Aug-24 06:25;Project Manager (Jakarta/Bali, Office/Hybrid);Combined Digital Solutions;Bali;Full time;https://www.jobstreet.co.id/job/77895335
07-Aug-24 00:53;IT Business Analyst/Quality Assurance (BA/QA) Manager;Engio;Jakarta;Full time;https://www.jobstreet.co.id/job/77921370
06-Aug-24 09:30;Head of Product;Halodoc;Jakarta;Full time;https://www.jobstreet.co.id/job/77909389
02-Aug-24 08:31;Associate Product Manager;TADA;Jakarta;Full time;https://www.jobstreet.co.id/job/77827848
02-Aug-24 08:13;Senior Solution Consultant;TADA;Jakarta;Full time;https://www.jobstreet.co.id/job/77827897
06-Aug-24 05:27;Account Manager (Client Head Solutions);Snaphunt;Jakarta;Full time;https://www.jobstreet.co.id/job/77908582
04-Aug-24 12:15;Project Manager (Fresh Graduate - Internship Program);Sagara Technology Group;Jakarta;Full time;https://www.jobstreet.co.id/job/77857377
08-Aug-24 11:25;IT Java;PT Aldmic Indonesia (Flower Advisor);Central Jakarta;Full time;https://www.jobstreet.co.id/job/77970265
06-Aug-24 03:35;Account Manager (Client Head Solutions);IlmuOne Data;Jakarta;Full time;https://www.jobstreet.co.id/job/77909377
