listing_date;title;company;location;work_type;link
08-Aug-24 09:36;Financial Controller/Finance & Accounts Senior Manager;Edu Farmers International Foundation;Jakarta Selatan;contract;https://dealls.com/loker/financial-controllerfinance-and-accounts-senior~edufarmers-international
16-May-24 08:24;Auto Finance Sales Policy (Senior Specialist - Manager);Akulaku Indonesia;Jakarta Pusat;contract;https://dealls.com/loker/auto-finance-sales-policy-senior~akulaku-indonesia
06-Aug-24 02:38;Senior Accounting Manager;Outpost;Bali;fullTime;https://dealls.com/loker/senior-accounting-manager~outpost
07-Jun-24 07:02;Operations Senior Manager - Manager (Automotive Finance/Leasing);Akulaku Indonesia;Jakarta Pusat;fullTime;https://dealls.com/loker/auto-finance-operation-manager~akulaku-indonesia
02-Apr-24 07:24;Senior Account Manager;PT Multipolar Technology;Banten;fullTime;https://dealls.com/loker/senior-account-manager~pt-multipolar-technology
24-Jul-23 10:12;Compliance (Senior Associate/Manager);Cermati.com;Jakarta;fullTime;https://dealls.com/loker/compliance-senior-associatemanager~cermaticom
05-Apr-24 03:54;Senior Brand Manager;mGanik Group - PT Mganik Grup Mitra Indonesia;Tangerang;fullTime;https://dealls.com/loker/senior-brand-manager-1~mganikgroup
09-Jul-24 04:10;Senior Project Manager;Akar Inti Data;Jakarta Selatan;fullTime;https://dealls.com/loker/senior-project-manager-1~akar-inti-data
10-Jul-24 04:47;Senior - (IT) Project Manager;PT Perintis Teknologi Internasional;Malang;fullTime;https://dealls.com/loker/senior-it-project-manager-1~pt-perintis-teknologi-internasional-1
