listing_date;title;company;location;work_type;link
07-Aug-24 07:13;IT Software - Technical Manager;PT Hitachi eBworx Indonesia;Central Jakarta;Full time;https://www.jobstreet.co.id/job/77927950
08-Aug-24 03:28;Operational Staff (Mandarin Speaker);PT Global Bintang Timur Ekspress;North Jakarta;Contract/Temp;https://www.jobstreet.co.id/job/77950301
08-Aug-24 04:24;Funding Senior Manager;PT Kirana Megatara, Tbk (Triputra Group);South Jakarta;Full time;https://www.jobstreet.co.id/job/77952623
06-Aug-24 05:36;Risk Strategy Senior Manager;PT Kredit Pintar Indonesia;South Jakarta;Full time;https://www.jobstreet.co.id/job/77892938
07-Aug-24 10:14;Senior Community Manager;TUNTUN SEKURITAS INDONESIA;North Jakarta;Full time;https://www.jobstreet.co.id/job/77931868
06-Aug-24 01:30;Senior Associate Product Manager - Supply;PT Trinusa Travelindo;Jakarta;Full time;https://www.jobstreet.co.id/job/77894842
08-Aug-24 12:00;Product Marketing Manager Sr.;PT. Metrodata Electronics, Tbk;West Jakarta;Full time;https://www.jobstreet.co.id/job/77970233
05-Aug-24 03:34;IT Network Senior Supervisor (Cikarang Based);COMBIPHAR Group;Bekasi Regency;Full time;https://www.jobstreet.co.id/job/77855615
06-Aug-24 05:37;Risk Reporting Manager;PT Kredit Pintar Indonesia;South Jakarta;Full time;https://www.jobstreet.co.id/job/77892973
01-Aug-24 19:13;Senior QA Engineer;PT Solusi Transportasi Indonesia;Jakarta;Full time;https://www.jobstreet.co.id/job/77793805
02-Aug-24 03:07;Operational Technology Engineer;PT TDK ELECTRONICS INDONESIA;Batam;Full time;https://www.jobstreet.co.id/job/77801501
06-Aug-24 02:39;Onsite engineer;PT FLIP FLOP PROJECTS;Bali;Full time;https://www.jobstreet.co.id/job/77884653
