listing_date;title;company;location;work_type;link
07-Aug-24 06:07;Software Engineer;PT Asuransi Wahana Tata;South Jakarta;Full time;https://www.jobstreet.co.id/job/77925623
06-Aug-24 03:47;Software Engineer;PT Intimedika Puspa Indaj;North Jakarta;Full time;https://www.jobstreet.co.id/job/77889330
06-Aug-24 11:11;Senior Microservices Engineer (Full Remote);DevStack;Bandung;Full time;https://www.jobstreet.co.id/job/77904355
07-Aug-24 02:00;Backend Software Engineer - Experience;PT Trinusa Travelindo;Jakarta;Full time;https://www.jobstreet.co.id/job/77937148
05-Aug-24 09:10;SDET Lead Katalon (Software Development Engineer in Test Lead);PT. Wide Technologies Indonesia;South Jakarta;Full time;https://www.jobstreet.co.id/job/77867670
07-Aug-24 02:00;Backend Software Engineer - Experience;PT Trinusa Travelindo;Jakarta;Full time;https://www.jobstreet.co.id/job/77937705
03-Aug-24 01:00;Software Engineer;PT Trinusa Travelindo;Jakarta;Full time;https://www.jobstreet.co.id/job/77836894
07-Aug-24 07:13;IT Software - Technical Manager;PT Hitachi eBworx Indonesia;Central Jakarta;Full time;https://www.jobstreet.co.id/job/77927950
08-Aug-24 08:21;Junior/Mid/Senior BackEnd Developer Engineer;PT Talentvis Consulting Indonesia;South Jakarta;Full time;https://www.jobstreet.co.id/job/77959196
06-Aug-24 01:30;Experienced Backend Software Engineer - Travel Activities;PT Trinusa Travelindo;Jakarta;Full time;https://www.jobstreet.co.id/job/77894783
05-Aug-24 10:23;Backend Developer;PT Intersolusi Teknologi Asia;Bandung;Full time;https://www.jobstreet.co.id/job/77871877
06-Aug-24 02:57;Senior Software Engineer;PT Qeon Interactive;Jakarta;Full time;https://www.jobstreet.co.id/job/77885959
02-Aug-24 00:30;Software Engineer;PT Trinusa Travelindo;Jakarta;Full time;https://www.jobstreet.co.id/job/77802091
06-Aug-24 01:30;Experienced Backend Software Engineer - Travel Activities (Open);PT Trinusa Travelindo;Jakarta;Full time;https://www.jobstreet.co.id/job/77894769
08-Aug-24 06:29;Java Developer;PT IDStar Cipta Teknologi;Jakarta;Contract/Temp;https://www.jobstreet.co.id/job/77956053
06-Aug-24 11:43;Software Engineer, Mobile (Flutter) - Merchant Experience;PT Solusi Transportasi Indonesia;Jakarta;Full time;https://www.jobstreet.co.id/job/77906976
05-Aug-24 04:49;Software Developer;PT Inovasi Kreatif Digital;Jakarta;Full time;https://www.jobstreet.co.id/job/77859900
02-Aug-24 07:16;Senior System Developer Specialist;PT Nawakara Perkasa Nusantara;South Jakarta;Full time;https://www.jobstreet.co.id/job/77813070
02-Aug-24 09:32;Backend Developer Internship;PT Tri Sapta Jaya;East Jakarta;Full time;https://www.jobstreet.co.id/job/77817492
08-Aug-24 09:56;Full Stack Engineer;PT Sharing Vision Indonesia;Jakarta;Full time;https://www.jobstreet.co.id/job/77961039
03-Aug-24 01:00;Software Engineer - Web;PT Trinusa Travelindo;Jakarta;Full time;https://www.jobstreet.co.id/job/77836929
04-Aug-24 02:10;Fullstack Developer;PT Indoglobal Nusa Persada;Yogyakarta;Full time;https://www.jobstreet.co.id/job/77842463
05-Aug-24 03:35;SENIOR .NET DEVELOPER / SENIOR SYSTEM ENGINEER;PT TOS Information Systems Indonesia;Jakarta;Full time;https://www.jobstreet.co.id/job/77855641
07-Aug-24 06:42;IT Project Manager (Software);PT Hitachi eBworx Indonesia;Central Jakarta;Full time;https://www.jobstreet.co.id/job/77927059
08-Aug-24 09:32;IT Middleware Developer;PT Bumi Amartha Teknologi Mandiri;South Jakarta;Contract/Temp;https://www.jobstreet.co.id/job/77960608
06-Aug-24 05:05;Engineer on Site (Denpasar);PT Centrin Online Prima;Bali;Full time;https://www.jobstreet.co.id/job/77892095
03-Aug-24 01:00;Software Engineer - Backend (Transport);PT Trinusa Travelindo;Jakarta;Full time;https://www.jobstreet.co.id/job/77836991
08-Aug-24 06:26;IT Developer;PT Nirwana Lestari.;Bekasi;Full time;https://www.jobstreet.co.id/job/77955966
06-Aug-24 09:24;System & Network Engineer;PT Abadi Tambah Mulia Internasional;South Jakarta;Full time;https://www.jobstreet.co.id/job/77901358
07-Aug-24 08:53;Senior Backend Developer;PT Infosys Solusi Terpadu;South Jakarta;Full time;https://www.jobstreet.co.id/job/77930447
02-Aug-24 02:02;IT Database and Security Engineer;PT Inter Aneka Lestari Kimia;Tangerang;Full time;https://www.jobstreet.co.id/job/77799107
05-Aug-24 07:36;Middleware Developer / Integration Engineer;PT Integrasi Logistik Cipta Solusi;North Jakarta;Contract/Temp;https://www.jobstreet.co.id/job/77865221
05-Aug-24 01:23;Junior Developer;PT Asuransi Mitra Pelindung Mustika;West Jakarta;Full time;https://www.jobstreet.co.id/job/77850791
05-Aug-24 02:23;Full Programmer;PT Gunatronikatama Cipta (GASI);South Jakarta;Contract/Temp;https://www.jobstreet.co.id/job/77852857
03-Aug-24 01:00;Software Engineer (Web) - Accommodation;PT Trinusa Travelindo;Jakarta;Full time;https://www.jobstreet.co.id/job/77836769
03-Aug-24 01:00;Experienced Backend Software Engineer - Experience;PT Trinusa Travelindo;Jakarta;Full time;https://www.jobstreet.co.id/job/77836736
04-Aug-24 09:00;Senior full stack developer;Ventura Stays;Bali;Full time;https://www.jobstreet.co.id/job/77844486
02-Aug-24 03:32;Software Lead Engineer;PT. Permata Azzuri Sehat;South Jakarta;Contract/Temp;https://www.jobstreet.co.id/job/77802857
07-Aug-24 09:44;Java Developer/Backend (Senior);TUNTUN SEKURITAS INDONESIA;North Jakarta;Full time;https://www.jobstreet.co.id/job/77931409
02-Aug-24 04:21;Backend Engineer (Node.js);PT Nomura Research Institute Indonesia;Jakarta;Contract/Temp;https://www.jobstreet.co.id/job/77804848
06-Aug-24 09:56;IT SYSTEM ANALYST;PT The Master Steel MFc;Central Jakarta;Contract/Temp;https://www.jobstreet.co.id/job/77903177
01-Aug-24 19:13;Senior Software Engineer, Fullstack - Lending;PT Solusi Transportasi Indonesia;Jakarta;Full time;https://www.jobstreet.co.id/job/77793744
07-Aug-24 09:15;System Administrator/SysAdmin;PT Indonesia Satu Tujuh;South Jakarta;Full time;https://www.jobstreet.co.id/job/77930850
05-Aug-24 06:44;IT Operation (Asst. Manager);PT MNC Guna Usaha Indonesia (Jakarta);Central Jakarta;Full time;https://www.jobstreet.co.id/job/77860744
02-Aug-24 02:31;AVP Network Automation & AI/ML Architect;Indosat Ooredoo;Central Jakarta;Full time;https://www.jobstreet.co.id/job/77800068
07-Aug-24 03:52;Backend Engineer (Golang) - Principal Level;PT Amartha Mikro Fintek (Jakarta);South Jakarta;Full time;https://www.jobstreet.co.id/job/77936231
05-Aug-24 07:42;Technical Lead;PT Ako Media Asia;Jakarta;Contract/Temp;https://www.jobstreet.co.id/job/77865407
06-Aug-24 02:48;Backend Developer;PT Bali Towerindo Sentra Tbk;Jakarta;Full time;https://www.jobstreet.co.id/job/77885544
06-Aug-24 07:37;Senior Bubble IO Developer;PT. Bali Staff Solution;Denpasar;Full time;https://www.jobstreet.co.id/job/77898798
06-Aug-24 10:43;Golang Developer - Penempatan di Yogyakarta;CV Technopartner Indonesia;Yogyakarta;Full time;https://www.jobstreet.co.id/job/77904127
08-Aug-24 03:13;IT Application Developement Specialist (IT Developer);PT Panarub Industry;Tangerang;Full time;https://www.jobstreet.co.id/job/77949753
05-Aug-24 06:29;ODOO DEVELOPER;PT. Wiratman;South Jakarta;Full time;https://www.jobstreet.co.id/job/77863007
03-Aug-24 01:00;Backend Engineer - Flight;PT Trinusa Travelindo;Jakarta;Full time;https://www.jobstreet.co.id/job/77836810
02-Aug-24 06:28;Web Engineer (for MCM);PT Merah Cipta Media;West Jakarta;Full time;https://www.jobstreet.co.id/job/77809909
05-Aug-24 04:38;Backend Engineer;PT Valortek Ratanika Utama;Jakarta;Full time;https://www.jobstreet.co.id/job/77859585
07-Aug-24 09:22;Senior SFDC Development Engineer;PT Sistem Elektronika Asia;Central Jakarta;Contract/Temp;https://www.jobstreet.co.id/job/77930960
08-Aug-24 01:53;Programmer;PT SR12 Herbal Kosmetik;Bogor Regency;Full time;https://www.jobstreet.co.id/job/77947019
05-Aug-24 14:05;Java Developer;PT Vanz Inovatif Teknologi;Jakarta;Contract/Temp;https://www.jobstreet.co.id/job/77875093
05-Aug-24 10:34;Java/Spring Boot Backend Developer;PT CNA INNILABS INDONESIA;Jakarta;Full time;https://www.jobstreet.co.id/job/77872059
05-Aug-24 04:30;Java Engineer;Hand International Pte. Ltd.;Jakarta;Full time;https://www.jobstreet.co.id/job/77859344
04-Aug-24 07:05;IT Engineer to be sent to Japan (English Only is OK);Elite Tutors Indonesia;South Jakarta;Full time;https://www.jobstreet.co.id/job/77844210
07-Aug-24 11:11;.NET Developer;PT. Metrodata Electronics, Tbk;West Jakarta;Full time;https://www.jobstreet.co.id/job/77937429
07-Aug-24 10:53;Software Quality Assurance;PT. Gree Electric Appliances Indonesia;Jakarta;Full time;https://www.jobstreet.co.id/job/77932252
07-Aug-24 07:45;IT Programmer;PT PFI Mega Life Insurance;South Jakarta;Full time;https://www.jobstreet.co.id/job/77928891
03-Aug-24 01:00;Backend Engineer - Flight;PT Trinusa Travelindo;Jakarta;Full time;https://www.jobstreet.co.id/job/77836730
02-Aug-24 10:41;Senior Back End Developer;PT Sentral Link Solutions;South Jakarta;Full time;https://www.jobstreet.co.id/job/77821913
07-Aug-24 10:39;. Net Programmer;Indofood Group;Jakarta;Full time;https://www.jobstreet.co.id/job/77932128
02-Aug-24 09:23;Python Developer (Web Scraping);PT BCI CENTRAL INDONESIA;South Jakarta;Full time;https://www.jobstreet.co.id/job/77816755
07-Aug-24 06:37;Fullstack Developer;PT Bumi Amartha Teknologi Mandiri;Central Jakarta;Contract/Temp;https://www.jobstreet.co.id/job/77926920
06-Aug-24 05:56;SYSTEM ENGINEER;PT Lawencon Internasional;Jakarta;Full time;https://www.jobstreet.co.id/job/77893537
07-Aug-24 03:56;DevOps Engineer;Private Advertiser;South Jakarta;Full time;https://www.jobstreet.co.id/job/77921170
07-Aug-24 03:58;Engineering Manager/Lead;PT Amartha Mikro Fintek (Jakarta);South Jakarta;Full time;https://www.jobstreet.co.id/job/77936131
05-Aug-24 03:29;Mobile App Engineer;PT Valortek Ratanika Utama;Jakarta;Full time;https://www.jobstreet.co.id/job/77855389
08-Aug-24 04:20;Sr. System Engineer;PT Pratesis;South Jakarta;Full time;https://www.jobstreet.co.id/job/77952519
07-Aug-24 06:52;Fullstact Developer;PT. MGIndotech;South Tangerang;Full time;https://www.jobstreet.co.id/job/77927381
07-Aug-24 03:41;IT Staff;PT Satu Bumi;Bantul Regency;Full time;https://www.jobstreet.co.id/job/77920476
07-Aug-24 03:08;Data Center Management Engineer;PT SGMW Motor Indonesia;Cikarang;Full time;https://www.jobstreet.co.id/job/77919091
06-Aug-24 01:30;Quality Assurance Engineer - Corporate Travel;PT Trinusa Travelindo;Jakarta;Full time;https://www.jobstreet.co.id/job/77894968
07-Aug-24 02:54;Network Support & Service Management Engineer;PT SGMW Motor Indonesia;Cikarang;Full time;https://www.jobstreet.co.id/job/77918332
05-Aug-24 03:42;3D VR Engineer;PT Valortek Ratanika Utama;Jakarta;Full time;https://www.jobstreet.co.id/job/77855864
05-Aug-24 10:14;.NET Developer;PT Lawencon Internasional;Jakarta;Full time;https://www.jobstreet.co.id/job/77871098
05-Aug-24 05:45;Senior Ionic Mobile Developer - Lombok / Bali;TabLogs;West Lombok;Full time;https://www.jobstreet.co.id/job/77861278
02-Aug-24 10:40;IT Apps Support Engineer;Daikin Industries Indonesia;Cikarang;Full time;https://www.jobstreet.co.id/job/77821935
07-Aug-24 09:07;SERVER MAINTENANCE ENGINEER;PT Bentang Inspira Teknologi (Bandung);Bandung;Contract/Temp;https://www.jobstreet.co.id/job/77930691
02-Aug-24 03:07;Operational Technology Engineer;PT TDK ELECTRONICS INDONESIA;Batam;Full time;https://www.jobstreet.co.id/job/77801501
02-Aug-24 08:12;Senior Fullstack Developer;PT Redbuzz Mediatama;West Jakarta;Contract/Temp;https://www.jobstreet.co.id/job/77814552
06-Aug-24 09:49;Senior Fullstack Developer;PT Sentra Vidya Utama;Surabaya;Full time;https://www.jobstreet.co.id/job/77902622
05-Aug-24 02:46;System Engineer;PT EMS Paramitra;East Jakarta;Full time;https://www.jobstreet.co.id/job/77853632
06-Aug-24 08:34;Linux Engineer;PT Bajau Escorindo;South Jakarta;Full time;https://www.jobstreet.co.id/job/77900123
07-Aug-24 10:31;Senior DevOps Engineer;TUNTUN SEKURITAS INDONESIA;North Jakarta;Full time;https://www.jobstreet.co.id/job/77932057
06-Aug-24 09:30;Banking System Develop & Maintanance;PT. PLANA NETWORKS INDONESIA;South Jakarta;Full time;https://www.jobstreet.co.id/job/77901466
06-Aug-24 04:44;PROGRAMMER ASP.Net;PT Gunta Samba Jaya;Jakarta;Full time;https://www.jobstreet.co.id/job/77891416
05-Aug-24 08:16;Staff IT Support;PT DAESANG INGREDIENTS INDONESIA;East Jakarta;Full time;https://www.jobstreet.co.id/job/77866253
02-Aug-24 06:32;Fullstack Web Developer;PT Integrasi Logistik Cipta Solusi;Jakarta;Contract/Temp;https://www.jobstreet.co.id/job/77810736
02-Aug-24 08:04;Server Engineer;PT Netmarks Indonesia;North Jakarta;Contract/Temp;https://www.jobstreet.co.id/job/77814350
02-Aug-24 04:21;Test Engineer;PT Nomura Research Institute Indonesia;Jakarta;Contract/Temp;https://www.jobstreet.co.id/job/77804879
05-Aug-24 02:59;Full Stack Programmer;Next Vibes;Bandung;Full time;https://www.jobstreet.co.id/job/77854202
05-Aug-24 01:54;IT Programmer;PT Royal Sutan Agung;East Jakarta;Full time;https://www.jobstreet.co.id/job/77851837
02-Aug-24 02:50;Business Process Engineer;PT SMART,Tbk;South Jakarta;Full time;https://www.jobstreet.co.id/job/77800782
02-Aug-24 08:19;System Engineer - Server & Storage;PT Net One Asia;South Jakarta;Contract/Temp;https://www.jobstreet.co.id/job/77814721
