listing_date;title;company;location;work_type;link
07-Aug-24 09:15;System Administrator/SysAdmin;PT Indonesia Satu Tujuh;South Jakarta;Full time;https://www.jobstreet.co.id/job/77930850
07-Aug-24 08:10;SYSTEM ADMINISTRATOR;PT Graha Layar Prima;South Jakarta;Full time;https://www.jobstreet.co.id/job/77929549
07-Aug-24 04:51;Cloud Engineer Officer;Agung Sedayu Group;North Jakarta;Full time;https://www.jobstreet.co.id/job/77923363
08-Aug-24 04:55;Associate - GTS - IT Infrastructure;PwC Indonesia;South Jakarta;Full time;https://www.jobstreet.co.id/job/77953468
05-Aug-24 02:31;System Administrator;PT Cyberquote Indonesia;Surabaya;Contract/Temp;https://www.jobstreet.co.id/job/77852912
08-Aug-24 04:20;Sr. System Engineer;PT Pratesis;South Jakarta;Full time;https://www.jobstreet.co.id/job/77952519
05-Aug-24 06:44;IT Operation (Asst. Manager);PT MNC Guna Usaha Indonesia (Jakarta);Central Jakarta;Full time;https://www.jobstreet.co.id/job/77860744
05-Aug-24 01:47;NOC System Administrator;PT SatNetCom;Balikpapan;Full time;https://www.jobstreet.co.id/job/77851408
06-Aug-24 05:56;SYSTEM ENGINEER;PT Lawencon Internasional;Jakarta;Full time;https://www.jobstreet.co.id/job/77893537
07-Aug-24 03:08;Data Center Management Engineer;PT SGMW Motor Indonesia;Cikarang;Full time;https://www.jobstreet.co.id/job/77919091
06-Aug-24 03:00;IT Senior Staff (AEON MALL Tanjung Barat);PT Aeon Mall Indonesia;South Jakarta;Full time;https://www.jobstreet.co.id/job/77886186
08-Aug-24 11:55;Data Center Facility Engineer;PRO-MATRIX PTE LTD;Bekasi Regency;Contract/Temp;https://www.jobstreet.co.id/job/77962046
08-Aug-24 04:29;IT Network Administrator;PT MIZUHO LEASING INDONESIA TBK;Central Jakarta;Full time;https://www.jobstreet.co.id/job/77952744
07-Aug-24 02:06;Cloud Engineer;PT Multipolar Technology Tbk;South Jakarta;Full time;https://www.jobstreet.co.id/job/77916684
08-Aug-24 07:03;DevOps Engineer;PT Lintas Media Danawa;Depok;Contract/Temp;https://www.jobstreet.co.id/job/77957147
07-Aug-24 05:00;IT Network & Server Supervisor;PT Global Indonesia Asia Sejahtera;North Jakarta;Full time;https://www.jobstreet.co.id/job/77923589
02-Aug-24 08:19;System Engineer - Server & Storage;PT Net One Asia;South Jakarta;Contract/Temp;https://www.jobstreet.co.id/job/77814721
08-Aug-24 01:38;SAP HR Specialist;PT Hyundai Autoever Indonesia;South Jakarta;Full time;https://www.jobstreet.co.id/job/77946544
02-Aug-24 06:40;SYSTEM ENGINEER;PT Ras Digital Media;South Jakarta;Full time;https://www.jobstreet.co.id/job/77811544
06-Aug-24 08:48;IT Engineer;PT Megaspeed International Indonesia;Cikarang;Full time;https://www.jobstreet.co.id/job/77900516
07-Aug-24 09:07;SERVER MAINTENANCE ENGINEER;PT Bentang Inspira Teknologi (Bandung);Bandung;Contract/Temp;https://www.jobstreet.co.id/job/77930691
05-Aug-24 01:53;Supervisor Data Center;Indofood Group;South Jakarta;Full time;https://www.jobstreet.co.id/job/77851812
08-Aug-24 02:08;IT Officer;PT Paramitra Alfa Sekuritas;South Jakarta;Full time;https://www.jobstreet.co.id/job/77947500
06-Aug-24 09:24;System & Network Engineer;PT Abadi Tambah Mulia Internasional;South Jakarta;Full time;https://www.jobstreet.co.id/job/77901358
05-Aug-24 06:45;IT Database Administrator;PT Akulaku Silvrr Indonesia;Jakarta;Full time;https://www.jobstreet.co.id/job/77863593
02-Aug-24 02:02;IT Database and Security Engineer;PT Inter Aneka Lestari Kimia;Tangerang;Full time;https://www.jobstreet.co.id/job/77799107
06-Aug-24 06:10;Storage Engineer;PT. Berca Hardayaperkasa;Central Jakarta;Contract/Temp;https://www.jobstreet.co.id/job/77894237
05-Aug-24 02:46;System Engineer;PT EMS Paramitra;East Jakarta;Full time;https://www.jobstreet.co.id/job/77853632
02-Aug-24 04:47;System Engineer;PT Gaweku Human Technology (Gaweku);Semarang;Full time;https://www.jobstreet.co.id/job/77805693
07-Aug-24 07:52;SPV IT Support;PT. DUA PULUH TIGA;Bandung;Full time;https://www.jobstreet.co.id/job/77929106
02-Aug-24 08:04;Server Engineer;PT Netmarks Indonesia;North Jakarta;Contract/Temp;https://www.jobstreet.co.id/job/77814350
07-Aug-24 03:56;DevOps Engineer;Private Advertiser;South Jakarta;Full time;https://www.jobstreet.co.id/job/77921170
05-Aug-24 03:34;IT Network Senior Supervisor (Cikarang Based);COMBIPHAR Group;Bekasi Regency;Full time;https://www.jobstreet.co.id/job/77855615
06-Aug-24 08:34;Linux Engineer;PT Bajau Escorindo;South Jakarta;Full time;https://www.jobstreet.co.id/job/77900123
05-Aug-24 02:59;IT Solution Specialist;PT Sinergi Wahana Gemilang;Jakarta;Contract/Temp;https://www.jobstreet.co.id/job/77853972
05-Aug-24 03:55;IT Network and Data Center Administrator;Private Advertiser;Tangerang;Full time;https://www.jobstreet.co.id/job/77856377
07-Aug-24 04:04;L2 Datacomm Engineer;PT Metrocom Global Solusi;Jakarta;Full time;https://www.jobstreet.co.id/job/77921563
07-Aug-24 11:46;IT Data Center Relocation Consultant;PT Bank Woori Saudara Indonesia 1906, Tbk;South Jakarta;Contract/Temp;https://www.jobstreet.co.id/job/77932490
05-Aug-24 08:24;IT Support and Compliance;PT Duta Intiguna Yasa (MR DIY);Jakarta;Full time;https://www.jobstreet.co.id/job/77866436
05-Aug-24 08:16;Staff IT Support;PT DAESANG INGREDIENTS INDONESIA;East Jakarta;Full time;https://www.jobstreet.co.id/job/77866253
02-Aug-24 03:46;Database Administrator;PT Valuestream International;Bandung;Full time;https://www.jobstreet.co.id/job/77803667
05-Aug-24 08:26;IT SUPPORT;PT UNIQUE;West Jakarta;Full time;https://www.jobstreet.co.id/job/77866484
07-Aug-24 04:43;IT Support;PT Bhakti Idola Tama;West Jakarta;Full time;https://www.jobstreet.co.id/job/77923114
06-Aug-24 02:17;(Datacenter) Server, Storage & Network Hardware Support Assistant;ACE ZETA PTE. LTD.;Jakarta;Full time;https://www.jobstreet.co.id/job/77884417
02-Aug-24 04:50;IT Officer;PT Surya Jalur Anugerah;Jakarta;Full time;https://www.jobstreet.co.id/job/77805774
07-Aug-24 10:31;Senior DevOps Engineer;TUNTUN SEKURITAS INDONESIA;North Jakarta;Full time;https://www.jobstreet.co.id/job/77932057
06-Aug-24 09:30;Banking System Develop & Maintanance;PT. PLANA NETWORKS INDONESIA;South Jakarta;Full time;https://www.jobstreet.co.id/job/77901466
06-Aug-24 08:57;Infrastructure Engineer;PT Megaspeed International Indonesia;Cikarang;Full time;https://www.jobstreet.co.id/job/77900746
08-Aug-24 03:43;IT & Asset Management;PT Bounty Segar Indonesia;North Jakarta;Contract/Temp;https://www.jobstreet.co.id/job/77951122
07-Aug-24 03:41;IT Staff;PT Satu Bumi;Bantul Regency;Full time;https://www.jobstreet.co.id/job/77920476
02-Aug-24 03:07;Operational Technology Engineer;PT TDK ELECTRONICS INDONESIA;Batam;Full time;https://www.jobstreet.co.id/job/77801501
04-Aug-24 07:05;IT Engineer to be sent to Japan (English Only is OK);Elite Tutors Indonesia;South Jakarta;Full time;https://www.jobstreet.co.id/job/77844210
02-Aug-24 06:12;Oracle Database Administrator;PT. Berca Hardayaperkasa;Jakarta;Contract/Temp;https://www.jobstreet.co.id/job/77808476
08-Aug-24 00:49;System Implementer HRIS;PT STARCOM SOLUSINDO;South Jakarta;Contract/Temp;https://www.jobstreet.co.id/job/77945231
07-Aug-24 06:27;IT;PT MULIA TRI UTAMA;North Jakarta;Full time;https://www.jobstreet.co.id/job/77855593
02-Aug-24 03:35;Supervisor IT;PT Airkon Pratama;East Kalimantan;Contract/Temp;https://www.jobstreet.co.id/job/77803148
02-Aug-24 12:33;DevOps Engineer;Solusi Kode Indonesia;South Tangerang;Contract/Temp;https://www.jobstreet.co.id/job/77819078
08-Aug-24 01:46;IT DBA (DATABASE ADMINISTRATOR);PT Pura Barutama (PURA GROUP);Kudus;Full time;https://www.jobstreet.co.id/job/77946782
04-Aug-24 09:34;Network Engineer � Radio access network;Private Advertiser;Jakarta;Full time;https://www.jobstreet.co.id/job/77844550
02-Aug-24 04:22;DevOps Engineer;PT Nomura Research Institute Indonesia;Central Jakarta;Contract/Temp;https://www.jobstreet.co.id/job/77804907
02-Aug-24 07:12;DevSecOps Engineer;PT Esha Parama Teknologi;Jakarta;Full time;https://www.jobstreet.co.id/job/77812914
08-Aug-24 07:45;IT SENIOR STAFF;PT Konka New Building Materials Indonesia;Cikarang;Full time;https://www.jobstreet.co.id/job/77958325
06-Aug-24 02:07;SAP BASIS;PT Astra Graphia Information Technology (AGIT);North Jakarta;Contract/Temp;https://www.jobstreet.co.id/job/77884097
02-Aug-24 10:37;IT Coordinator;PT Sodexo Sinergi Indonesia;South Jakarta;Full time;https://www.jobstreet.co.id/job/77821899
02-Aug-24 07:21;IT Senior Products Trainer - SaaS (A-108959);RGF HR Agent Indonesia;South Jakarta;Full time;https://www.jobstreet.co.id/job/77813248
02-Aug-24 07:51;Integration Engineer, Orchestration team;PT Solusi Transportasi Indonesia;South Jakarta;Full time;https://www.jobstreet.co.id/job/77816708
06-Aug-24 08:42;IT Data Center Operator (Code: DCO);PT Valuestream International;Bandung;Full time;https://www.jobstreet.co.id/job/77900399
06-Aug-24 08:47;SAP FICO Consultant (Middle - Senior);PT Equine Global;Jakarta;Full time;https://www.jobstreet.co.id/job/77900525
05-Aug-24 08:49;IT Operation ( IT Support, IT Network, IT Security );PT. Asuransi Umum BCA;Jakarta;Full time;https://www.jobstreet.co.id/job/77866996
08-Aug-24 09:55;Functional Consultant for banking;PT Abhimata Persada;Central Jakarta;Full time;https://www.jobstreet.co.id/job/77961011
07-Aug-24 06:52;Senior Microsoft SQL Server Database Support;PT Sisindokom Lintasbuana;Pekanbaru;Full time;https://www.jobstreet.co.id/job/77927392
02-Aug-24 03:35;Implementation and Functional Section Head;Karunia Prima Nastari (KPN CORP.);South Jakarta;Full time;https://www.jobstreet.co.id/job/77803157
06-Aug-24 02:30;IT Deputy Manager;Private Advertiser;Karawang;Full time;https://www.jobstreet.co.id/job/77884893
02-Aug-24 06:10;Presales Support;PT. Metrodata Electronics, Tbk;West Jakarta;Full time;https://www.jobstreet.co.id/job/77816710
08-Aug-24 04:23;Fullstack Developer;PT Sinar Sakti Internasional;East Jakarta;Full time;https://www.jobstreet.co.id/job/77952365
05-Aug-24 11:50;Account Manager;Jasnikom Gemanusa;Jakarta;Full time;https://www.jobstreet.co.id/job/77872589
07-Aug-24 06:21;STAFF IT;Private Advertiser;Subang Regency;Contract/Temp;https://www.jobstreet.co.id/job/77926179
07-Aug-24 03:41;IT MANAGER;PT Secom Indonesia;South Jakarta;Contract/Temp;https://www.jobstreet.co.id/job/77920523
07-Aug-24 02:54;Network Support & Service Management Engineer;PT SGMW Motor Indonesia;Cikarang;Full time;https://www.jobstreet.co.id/job/77918332
07-Aug-24 02:10;IT-GA Staff;PT. KRT GREEN INDONESIA;Cilegon;Contract/Temp;https://www.jobstreet.co.id/job/77916760
07-Aug-24 06:35;IT Support;MAZABUTA GROUP;Surabaya;Contract/Temp;https://www.jobstreet.co.id/job/77926825
07-Aug-24 09:48;Database Engineer;PT Electronic Data Interchange Indonesia (Member of Pelindo);Jakarta;Full time;https://www.jobstreet.co.id/job/77931480
06-Aug-24 04:27;System Implementor;Ciputra Group;West Jakarta;Full time;https://www.jobstreet.co.id/job/77891082
06-Aug-24 08:22;IT;PT Cahaya Aditama Santoso;Surabaya;Full time;https://www.jobstreet.co.id/job/77899984
06-Aug-24 09:08;Junior IT Infrastructure & Marketing Support - Construction Material (A-109675);RGF HR Agent Indonesia;South Jakarta;Full time;https://www.jobstreet.co.id/job/77900982
06-Aug-24 01:09;Technical Support Officer;CV Rumahweb Indonesia;Yogyakarta Special Region;Full time;https://www.jobstreet.co.id/job/77882183
06-Aug-24 07:02;Senior Network Engineer;PT Mitra Infoparama;East Jakarta;Contract/Temp;https://www.jobstreet.co.id/job/77897672
05-Aug-24 02:35;Network Engineer;PT Astra Graphia Information Technology (AGIT);Central Jakarta;Full time;https://www.jobstreet.co.id/job/77853218
05-Aug-24 03:39;Network Engineer;PT Net One Asia;South Jakarta;Full time;https://www.jobstreet.co.id/job/77855777
05-Aug-24 07:02;Network Engineer (Taman Tekno Tangerang);PT Karya Solusi Prima Sejahtera;Tangerang;Full time;https://www.jobstreet.co.id/job/77864156
05-Aug-24 07:41;Network Engineer;PT Integrasi Logistik Cipta Solusi;North Jakarta;Contract/Temp;https://www.jobstreet.co.id/job/77865381
02-Aug-24 10:59;IT TECHNICAL SUPPORT & NETWORK;PT Satria Antaran Prima Tbk.;Karanganyar Regency;Contract/Temp;https://www.jobstreet.co.id/job/77822126
02-Aug-24 08:30;DevOps Engineer (Internship);PT iZeno Teknologi Indonesia;South Jakarta;Full time;https://www.jobstreet.co.id/job/77814953
02-Aug-24 11:23;DATA CENTER ENGINEER (Mandarin Speaker);PT EZSVS Technology Indonesia;East Jakarta;Full time;https://www.jobstreet.co.id/job/77822303
02-Aug-24 16:51;Network & Security Engineer;PT Sapta Tunas Teknologi;Central Jakarta;Full time;https://www.jobstreet.co.id/job/77824727
05-Aug-24 12:00;System Architect;PT Schneider Electric;South Jakarta;Full time;https://www.jobstreet.co.id/job/77877353
08-Aug-24 03:59;System Administrator Specialist;PT Bima Sakti Alterra;Denpasar;Full time;https://www.jobstreet.co.id/job/77969187
07-Aug-24 07:21;Senior Cloud Infrastructure Associate;PT Alto Network;Central Java;Full time;https://www.jobstreet.co.id/job/77936511
07-Aug-24 12:00;Cloud Engineer I;FKA GLOBAL;Jakarta;Full time;https://www.jobstreet.co.id/job/77935452
08-Aug-24 07:51;IT Support;PT Bumi Daya Plaza;Yogyakarta;Full time;https://www.jobstreet.co.id/job/77969730
