listing_date;title;company;location;work_type;link
08-Aug-24 04:43;IT Business Analyst;PT. HTC Global Software Services;Central Jakarta;Contract/Temp;https://www.jobstreet.co.id/job/77953150
06-Aug-24 09:56;IT SYSTEM ANALYST;PT The Master Steel MFc;Central Jakarta;Contract/Temp;https://www.jobstreet.co.id/job/77903177
08-Aug-24 02:09;IT Business Analyst;PT Phincon;South Jakarta;Full time;https://www.jobstreet.co.id/job/77947543
08-Aug-24 00:58;IT Business Analyst;PT Salva Teknologi Digital;Central Jakarta;Full time;https://www.jobstreet.co.id/job/77945444
08-Aug-24 06:38;ERP Functional Consultant;PT Nssol Systems Indonesia;Central Jakarta;Full time;https://www.jobstreet.co.id/job/77956379
07-Aug-24 10:08;IT Business Analyst;Technosoft Group;West Jakarta;Full time;https://www.jobstreet.co.id/job/77931790
05-Aug-24 07:39;Business Analyst (6 Months Contract);PT Japfa Comfeed Indonesia, Tbk;South Jakarta;Contract/Temp;https://www.jobstreet.co.id/job/77865298
07-Aug-24 03:41;Business Analyst;P.T. DIFINI TEKNOLOGI;Jakarta;Full time;https://www.jobstreet.co.id/job/77920475
07-Aug-24 07:13;IT Software - Technical Manager;PT Hitachi eBworx Indonesia;Central Jakarta;Full time;https://www.jobstreet.co.id/job/77927950
06-Aug-24 03:58;Business Analyst;Yayasan Bina Nusantara;West Jakarta;Full time;https://www.jobstreet.co.id/job/77890054
07-Aug-24 06:42;IT Project Manager (Software);PT Hitachi eBworx Indonesia;Central Jakarta;Full time;https://www.jobstreet.co.id/job/77927059
06-Aug-24 08:20;System Analyst;Geekhunter;Jakarta;Full time;https://www.jobstreet.co.id/job/77899932
01-Aug-24 16:25;IT Business Analyst Enablement Specialist;PT Tunas Ridean;South Jakarta;Full time;https://www.jobstreet.co.id/job/77790651
06-Aug-24 04:53;System Analyst - IT Consulting (A-109667);RGF HR Agent Indonesia;South Jakarta;Full time;https://www.jobstreet.co.id/job/77891800
02-Aug-24 04:24;Business System Analyst;PT Kamoro Maxima Integra;West Jakarta;Full time;https://www.jobstreet.co.id/job/77804961
06-Aug-24 02:41;Oracle Functional;Dexa Group;Tangerang;Full time;https://www.jobstreet.co.id/job/77885302
06-Aug-24 01:45;Scrum Master;PT BCI CENTRAL INDONESIA;South Jakarta;Full time;https://www.jobstreet.co.id/job/77883289
08-Aug-24 09:55;Functional Consultant for banking;PT Abhimata Persada;Central Jakarta;Full time;https://www.jobstreet.co.id/job/77961011
08-Aug-24 02:53;IT System Analyst Manager (Sales Distribution);Erajaya Group;West Jakarta;Full time;https://www.jobstreet.co.id/job/77949021
05-Aug-24 04:12;Technical Support Manager (SaaS & IoT);Cartrack;Jakarta;Full time;https://www.jobstreet.co.id/job/77858417
08-Aug-24 04:30;Associate - Enterprise System and Transformation Assurance;PwC Indonesia;Jakarta;Full time;https://www.jobstreet.co.id/job/77969756
02-Aug-24 07:05;Microsoft Dynamics GP - Great Plains Technical Consultant (Based in Singapore);Nigel Frank International;Jakarta;Full time;https://www.jobstreet.co.id/job/77812653
08-Aug-24 06:50;Technical Writer;PT. Metrodata Electronics, Tbk;Jakarta;Contract/Temp;https://www.jobstreet.co.id/job/77956605
02-Aug-24 07:16;Senior System Developer Specialist;PT Nawakara Perkasa Nusantara;South Jakarta;Full time;https://www.jobstreet.co.id/job/77813070
08-Aug-24 02:22;IT Product Management Lead;PT Akulaku Silvrr Indonesia;Central Jakarta;Contract/Temp;https://www.jobstreet.co.id/job/77947963
08-Aug-24 13:14;Associate - Enterprise System and Transformation Assurance;PwC Indonesia;Jakarta;Full time;https://www.jobstreet.co.id/job/77969264
08-Aug-24 08:54;SAP Functional FI;Indofood Group;Jakarta;Full time;https://www.jobstreet.co.id/job/77959891
08-Aug-24 04:06;Associate Product Manager;PT Pratesis;South Jakarta;Full time;https://www.jobstreet.co.id/job/77952036
07-Aug-24 11:08;IT Business Analyst & Application Engineer Specialist;PT Morula Indonesia;Central Jakarta;Contract/Temp;https://www.jobstreet.co.id/job/77932336
07-Aug-24 02:43;System Analyst;PT Mitra Solusi Telematika;South Jakarta;Full time;https://www.jobstreet.co.id/job/77917958
07-Aug-24 12:26;Business Excellence Supervisor;PT BSA Logistics Indonesia;Jakarta;Full time;https://www.jobstreet.co.id/job/77933106
07-Aug-24 07:44;Salesforce Functional Consultant;PT Shaft Consulting Services;Jakarta;Contract/Temp;https://www.jobstreet.co.id/job/77928857
07-Aug-24 10:26;SAP ABAP Consultant;PT Equine Global;Jakarta;Full time;https://www.jobstreet.co.id/job/77931996
07-Aug-24 01:58;Credit Analyst, Corporate & Investment Banking - Indonesia;Standard Chartered Bank;Jakarta;Full time;https://www.jobstreet.co.id/job/77916379
07-Aug-24 07:47;Product Owner;Geekhunter;Jakarta;Full time;https://www.jobstreet.co.id/job/77928947
07-Aug-24 09:36;Functional Consultant D365 CRM;PT Kreatif Dinamika Integrasi;Jakarta;Full time;https://www.jobstreet.co.id/job/77931266
07-Aug-24 03:32;IT Project Manager;PT. Metrocomjaddi Technology;North Jakarta;Contract/Temp;https://www.jobstreet.co.id/job/77920055
07-Aug-24 02:48;E-Gov Project Manager;CV Kabayan Consulting;Bandung;Full time;https://www.jobstreet.co.id/job/77918158
06-Aug-24 05:59;System Analyst;PT Lawencon Internasional;South Jakarta;Full time;https://www.jobstreet.co.id/job/77893786
07-Aug-24 03:58;Engineering Manager/Lead;PT Amartha Mikro Fintek (Jakarta);South Jakarta;Full time;https://www.jobstreet.co.id/job/77936131
06-Aug-24 04:30;IT Project Manager;Ciputra Group;South Jakarta;Full time;https://www.jobstreet.co.id/job/77891172
06-Aug-24 04:48;Project Manager - IT Consulting (A-109666);RGF HR Agent Indonesia;South Jakarta;Full time;https://www.jobstreet.co.id/job/77891682
06-Aug-24 09:14;Procurement Category Analyst (IT & Office Consumable);PT SMART,Tbk;Jakarta;Full time;https://www.jobstreet.co.id/job/77901132
06-Aug-24 04:18;PRODUCT OPERATIONS ANALYST;PT. GARIS PERTAMA SOLUSI;South Jakarta;Contract/Temp;https://www.jobstreet.co.id/job/77890739
06-Aug-24 07:00;Functional Consultant (HRIS & ERP);PT Linov Roket Prestasi;South Jakarta;Full time;https://www.jobstreet.co.id/job/77897661
06-Aug-24 01:17;Senior Consultant - Technology Strategy and Transformation - ID;Deloitte;Jakarta;Full time;https://www.jobstreet.co.id/job/77889785
06-Aug-24 09:43;GL Analyst - WFO Jakarta (Contract-based);PT. PERSOLKELLY Recruitment Indonesia;South Jakarta;Contract/Temp;https://www.jobstreet.co.id/job/77902349
06-Aug-24 02:30;IT Deputy Manager;Private Advertiser;Karawang;Full time;https://www.jobstreet.co.id/job/77884893
06-Aug-24 06:29;SAP Technical Consultant Trainee;Hand International Pte. Ltd.;Central Jakarta;Contract/Temp;https://www.jobstreet.co.id/job/77895932
06-Aug-24 04:27;IT Quality Assurance Supervisor;Ciputra Group;South Jakarta;Full time;https://www.jobstreet.co.id/job/77891055
06-Aug-24 02:40;IT Assistant Manager;Stanford Teknologi Indonesia;Central Jakarta;Full time;https://www.jobstreet.co.id/job/77885258
05-Aug-24 04:01;IT Project Manager;PT Nawa Data Solutions;Jakarta;Contract/Temp;https://www.jobstreet.co.id/job/77856988
05-Aug-24 03:12;IT Strategy Consultant;PT. KARYA EKOSISTEM DIGITAL;Jakarta;Contract/Temp;https://www.jobstreet.co.id/job/77782740
05-Aug-24 09:03;Technical Oracle Asst Manager;PT Cahaya Research Indonesia;Central Jakarta;Full time;https://www.jobstreet.co.id/job/77867287
05-Aug-24 23:49;Product Manager (Fullfilment);PT Aplikasi Karya Anak Bangsa (GO-JEK Indonesia);Jakarta;Full time;https://www.jobstreet.co.id/job/77889858
05-Aug-24 04:20;Project Manager;PT Walden Global Services;Bandung;Full time;https://www.jobstreet.co.id/job/77859021
05-Aug-24 10:23;IT System Requirement Analyst (JS - IT SRA);OTO Group;South Jakarta;Full time;https://www.jobstreet.co.id/job/77871872
06-Aug-24 01:30;Senior Associate Product Manager - Supply;PT Trinusa Travelindo;Jakarta;Full time;https://www.jobstreet.co.id/job/77894842
05-Aug-24 04:56;Officer Business Solution;PT Cipta Krida Bahari;Jakarta;Contract/Temp;https://www.jobstreet.co.id/job/77860089
05-Aug-24 09:00;Marketing Admin Support - Data Analyst;PT Cahaya Research Indonesia;South Jakarta;Full time;https://www.jobstreet.co.id/job/77867244
05-Aug-24 09:14;Staff IT System Analyst;Kisel (Koperasi Telekomunikasi Selular);South Jakarta;Full time;https://www.jobstreet.co.id/job/77867723
05-Aug-24 07:42;Technical Lead;PT Ako Media Asia;Jakarta;Contract/Temp;https://www.jobstreet.co.id/job/77865407
05-Aug-24 03:47;IT Project Manager (Japanese Speaker);PT Gaweku Human Technology (Gaweku);Jakarta;Full time;https://www.jobstreet.co.id/job/77856057
05-Aug-24 02:05;Strategic Business Consultant ( IT & Data Center );PT. HUBBRI TEKNOTAMA NUSANTARA;West Jakarta;Part time;https://www.jobstreet.co.id/job/77852156
05-Aug-24 03:51;Cobol AS400 (Developer, BA);PT Insura Media Solusi (Jakarta);Jakarta;Full time;https://www.jobstreet.co.id/job/77856218
02-Aug-24 04:22;Scrum Master;PT Nomura Research Institute Indonesia;Jakarta;Contract/Temp;https://www.jobstreet.co.id/job/77804910
02-Aug-24 10:00;Software Analyst;PT SBG Solusi Bisnis;Batam;Full time;https://www.jobstreet.co.id/job/77819370
02-Aug-24 09:50;IT Project Manager Officer (PMO);PT Prawathiya Karsa Pradipta;Bekasi;Full time;https://www.jobstreet.co.id/job/77818817
02-Aug-24 09:05;IT Change & Availability Management;PT Bumi Amartha Teknologi Mandiri;Central Jakarta;Contract/Temp;https://www.jobstreet.co.id/job/77816217
02-Aug-24 03:35;Implementation and Functional Section Head;Karunia Prima Nastari (KPN CORP.);South Jakarta;Full time;https://www.jobstreet.co.id/job/77803157
02-Aug-24 01:42;IT Support Specialist - ID;Deloitte Consulting SEA;Central Jakarta;Full time;https://www.jobstreet.co.id/job/77798434
02-Aug-24 04:21;Professional Product Owner;PT Nomura Research Institute Indonesia;Jakarta;Contract/Temp;https://www.jobstreet.co.id/job/77804896
03-Aug-24 01:00;Associate Product Manager - Product Operations;PT Trinusa Travelindo;Jakarta;Full time;https://www.jobstreet.co.id/job/77836891
02-Aug-24 05:41;Product Owner;VIA.com;Central Jakarta;Full time;https://www.jobstreet.co.id/job/77807208
02-Aug-24 22:31;Product Manager;PT Aplikasi Karya Anak Bangsa (GO-JEK Indonesia);Jakarta;Full time;https://www.jobstreet.co.id/job/77832570
02-Aug-24 04:22;Microsoft 365 Specialist;PT Nomura Research Institute Indonesia;Central Jakarta;Contract/Temp;https://www.jobstreet.co.id/job/77804898
02-Aug-24 10:56;SAP Delivery Manager;PT Mitra Solusi Telematika;South Jakarta;Full time;https://www.jobstreet.co.id/job/77822103
02-Aug-24 02:50;Business Process Engineer;PT SMART,Tbk;South Jakarta;Full time;https://www.jobstreet.co.id/job/77800782
02-Aug-24 08:29;IT Manager;PT. Innolab Sains Internasional;East Jakarta;Full time;https://www.jobstreet.co.id/job/77814989
08-Aug-24 11:35;Business Analyst - Forecasting, Planning, & Analysis;Shopee Internasional Indonesia;Jakarta;Full time;https://www.jobstreet.co.id/job/77969337
07-Aug-24 00:53;IT Business Analyst/Quality Assurance (BA/QA) Manager;Engio;Jakarta;Full time;https://www.jobstreet.co.id/job/77921370
07-Aug-24 13:45;Business Improvement Analyst;Xendit;Jakarta;Full time;https://www.jobstreet.co.id/job/77935887
08-Aug-24 09:53;Jr. Manager Application Support;Indofood Group;North Jakarta;Full time;https://www.jobstreet.co.id/job/77969581
07-Aug-24 16:52;System Analyst;PT WIR ASIA;Jakarta;Full time;https://www.jobstreet.co.id/job/77940647
07-Aug-24 07:21;IT Application Support Associate Manager;PT Alto Network;Central Jakarta;Full time;https://www.jobstreet.co.id/job/77935815
07-Aug-24 07:21;Senior IT Application Support Associate;PT Alto Network;Central Java;Full time;https://www.jobstreet.co.id/job/77937892
05-Aug-24 00:00;Technical Lead - IVR;Flintex Consulting Pte Ltd;Jakarta;Full time;https://www.jobstreet.co.id/job/77874662
04-Aug-24 00:30;Client Project Manager;PT NTT Indonesia;Jakarta;Full time;https://www.jobstreet.co.id/job/77842900
07-Aug-24 09:13;IT Business Analyst - Banking Industry;PT. SIGMA GLOBAL TEKNOLOGI (SIGMATECH);Jakarta;Contract/Temp;https://www.jobstreet.co.id/job/77950952
02-Aug-24 08:13;Senior Solution Consultant;TADA;Jakarta;Full time;https://www.jobstreet.co.id/job/77827897
07-Aug-24 09:06;System Analyst - Banking Industry;PT. SIGMA GLOBAL TEKNOLOGI (SIGMATECH);Jakarta;Contract/Temp;https://www.jobstreet.co.id/job/77950910
07-Aug-24 03:39;IT System Analyst - Manufactur Company;PT. SIGMA GLOBAL TEKNOLOGI (SIGMATECH);Jakarta;Contract/Temp;https://www.jobstreet.co.id/job/77951026
06-Aug-24 05:27;Technical Deputy Head;Snaphunt;Jakarta;Full time;https://www.jobstreet.co.id/job/77908627
06-Aug-24 03:27;Technical Deputy Head;IlmuOne Data;Jakarta;Full time;https://www.jobstreet.co.id/job/77909445
06-Aug-24 02:56;System Analyst;PT Graha Karya Informasi;Jakarta;Contract/Temp;https://www.jobstreet.co.id/job/77894625
06-Aug-24 04:11;IT Project Management Officer;PT Solusi Pembayaran Elektronik;Tangerang;Full time;https://www.jobstreet.co.id/job/77909470
04-Aug-24 10:10;IT Project Delivery;Manulife and John Hancock;Jakarta;Full time;https://www.jobstreet.co.id/job/77846027
02-Aug-24 08:31;Associate Product Manager;TADA;Jakarta;Full time;https://www.jobstreet.co.id/job/77827848
