listing_date;title;company;location;work_type;link
31-Jul-24 06:20;Business Intelligence Lead;PT Royal Pesona Indonesia (Somethinc � Beautyhaul);West Jakarta;Full time;https://www.jobstreet.co.id/job/77744295
05-Aug-24 08:41;IT Developer (Business Intelligence);PT Foodex Inti Ingredients;Cikarang;Full time;https://www.jobstreet.co.id/job/77866827
07-Aug-24 02:21;Data Analyst - Telematics (A-109700);RGF HR Agent Indonesia;South Jakarta;Full time;https://www.jobstreet.co.id/job/77917209
31-Jul-24 08:56;Business Analyst Datawarehouse;PT Asta Protek Jiarsi;Tangerang;Full time;https://www.jobstreet.co.id/job/77749903
06-Aug-24 03:27;Data Engineer (ETL Talend Power BI);PT Sigma Cipta Utama;South Jakarta;Full time;https://www.jobstreet.co.id/job/77887423
06-Aug-24 07:40;Data Analyst (Project -+3 Bulan);PT Chandra Naya Laksana;East Jakarta;Contract/Temp;https://www.jobstreet.co.id/job/77898885
01-Aug-24 06:13;Business Intelligence Developer;PT. Berca Hardayaperkasa;Central Jakarta;Full time;https://www.jobstreet.co.id/job/77778735
02-Aug-24 06:11;Power BI Developer;PT Rsystems Ibizcs International;North Jakarta;Contract/Temp;https://www.jobstreet.co.id/job/77808444
07-Aug-24 07:48;Data Engineer;PT Esha Parama Teknologi;Jakarta;Full time;https://www.jobstreet.co.id/job/77928989
06-Aug-24 09:56;IT SYSTEM ANALYST;PT The Master Steel MFc;Central Jakarta;Contract/Temp;https://www.jobstreet.co.id/job/77903177
05-Aug-24 04:12;Data Analyst for Supply Chain;PT Electrolux Indonesia;Central Jakarta;Full time;https://www.jobstreet.co.id/job/77858354
31-Jul-24 06:37;Data Analyst - Associate;PwC Indonesia;South Jakarta;Full time;https://www.jobstreet.co.id/job/77745603
06-Aug-24 03:22;Data Engineer (Azure Data Brick);PT Sigma Cipta Utama;South Jakarta;Full time;https://www.jobstreet.co.id/job/77886938
02-Aug-24 04:21;Data Engineer;PT Nomura Research Institute Indonesia;Jakarta;Contract/Temp;https://www.jobstreet.co.id/job/77804897
06-Aug-24 04:08;Data Engineer;Private Advertiser;Jakarta;Full time;https://www.jobstreet.co.id/job/77890429
06-Aug-24 02:41;Oracle Functional;Dexa Group;Tangerang;Full time;https://www.jobstreet.co.id/job/77885302
06-Aug-24 13:16;Data and GIS Staff;PT Sarana Geospasial Terpadu;Bogor Regency;Full time;https://www.jobstreet.co.id/job/77905958
06-Aug-24 04:29;ETL Developer (Data Analytic Developer) Supervisor;Ciputra Group;South Jakarta;Full time;https://www.jobstreet.co.id/job/77891135
01-Aug-24 13:59;Data Analyst Supervisor;PT. Maju Makmur Group (MMG);Biak Numfor;Full time;https://www.jobstreet.co.id/job/77789593
31-Jul-24 05:14;Data Lead;Klinik Pintar;South Jakarta;Full time;https://www.jobstreet.co.id/job/77742262
02-Aug-24 07:05;Microsoft Dynamics GP - Great Plains Technical Consultant (Based in Singapore);Nigel Frank International;Jakarta;Full time;https://www.jobstreet.co.id/job/77812653
31-Jul-24 00:00;Data Analyst;PT Trinusa Travelindo;Jakarta;Full time;https://www.jobstreet.co.id/job/77738507
02-Aug-24 07:16;Senior System Developer Specialist;PT Nawakara Perkasa Nusantara;South Jakarta;Full time;https://www.jobstreet.co.id/job/77813070
31-Jul-24 09:59;MIS Portofolio Reporting Specialist;PT CIMB Niaga Auto Finance;Tangerang;Full time;https://www.jobstreet.co.id/job/77752108
31-Jul-24 10:04;IT Database & Storage Technology Officer;PT CIMB Niaga Auto Finance;Tangerang;Full time;https://www.jobstreet.co.id/job/77752319
31-Jul-24 12:10;MIS & Data Analytics Supervisor;PT Bank Nationalnobu Tbk;Central Jakarta;Full time;https://www.jobstreet.co.id/job/77754124
07-Aug-24 02:43;System Analyst;PT Mitra Solusi Telematika;South Jakarta;Full time;https://www.jobstreet.co.id/job/77917958
06-Aug-24 04:27;System Implementor;Ciputra Group;West Jakarta;Full time;https://www.jobstreet.co.id/job/77891082
31-Jul-24 06:39;HR Data Specialist;PT Finture Tech Indonesia;South Jakarta;Full time;https://www.jobstreet.co.id/job/77745687
31-Jul-24 07:41;Business Analyst PSAK71;PT Asta Protek Jiarsi;Tangerang;Full time;https://www.jobstreet.co.id/job/77748252
01-Aug-24 08:35;Business Analyst Manager;PT Tigaraksa Satria, Tbk;South Jakarta;Full time;https://www.jobstreet.co.id/job/77783469
06-Aug-24 04:18;PRODUCT OPERATIONS ANALYST;PT. GARIS PERTAMA SOLUSI;South Jakarta;Contract/Temp;https://www.jobstreet.co.id/job/77890739
07-Aug-24 02:35;Data Scientist - Telematics (A-109705);RGF HR Agent Indonesia;South Jakarta;Full time;https://www.jobstreet.co.id/job/77917657
05-Aug-24 10:14;.NET Developer;PT Lawencon Internasional;Jakarta;Full time;https://www.jobstreet.co.id/job/77871098
06-Aug-24 06:29;SAP Technical Consultant Trainee;Hand International Pte. Ltd.;Central Jakarta;Contract/Temp;https://www.jobstreet.co.id/job/77895932
06-Aug-24 06:33;Java Technical consultant trainee;Hand International Pte. Ltd.;Central Jakarta;Contract/Temp;https://www.jobstreet.co.id/job/77896127
07-Aug-24 09:36;Functional Consultant D365 CRM;PT Kreatif Dinamika Integrasi;Jakarta;Full time;https://www.jobstreet.co.id/job/77931266
06-Aug-24 06:31;SAP Junior Consultant Trainee;Hand International Pte. Ltd.;Central Jakarta;Contract/Temp;https://www.jobstreet.co.id/job/77896048
07-Aug-24 07:44;Salesforce Functional Consultant;PT Shaft Consulting Services;Jakarta;Contract/Temp;https://www.jobstreet.co.id/job/77928857
07-Aug-24 03:41;Business Analyst;P.T. DIFINI TEKNOLOGI;Jakarta;Full time;https://www.jobstreet.co.id/job/77920475
06-Aug-24 10:22;Senior Officer, L1 Cloud Analytic Support;PT Bank DBS Indonesia;Jakarta;Full time;https://www.jobstreet.co.id/job/77908608
07-Aug-24 09:22;Senior SFDC Development Engineer;PT Sistem Elektronika Asia;Central Jakarta;Contract/Temp;https://www.jobstreet.co.id/job/77930960
06-Aug-24 13:55;Consultant - SAP MM - ID;Deloitte;Jakarta;Full time;https://www.jobstreet.co.id/job/77906966
31-Jul-24 10:21;Project Manager;PT Ninety Nine Dotco;Jakarta;Contract/Temp;https://www.jobstreet.co.id/job/77754957
01-Aug-24 02:35;Key Account Manager (Telco/IT Background);PT NTT Global Data Centers Indonesia;Central Jakarta;Full time;https://www.jobstreet.co.id/job/77769525
06-Aug-24 04:33;Data Engineer Staff;Orang Tua Group;West Jakarta;Full time;https://www.jobstreet.co.id/job/77890637
05-Aug-24 11:57;Data Analyst (for LINTAS);PT Merah Cipta Media;Bandung;Full time;https://www.jobstreet.co.id/job/77872647
06-Aug-24 07:00;Functional Consultant (HRIS & ERP);PT Linov Roket Prestasi;South Jakarta;Full time;https://www.jobstreet.co.id/job/77897661
06-Aug-24 08:20;System Analyst;Geekhunter;Jakarta;Full time;https://www.jobstreet.co.id/job/77899932
06-Aug-24 04:53;System Analyst - IT Consulting (A-109667);RGF HR Agent Indonesia;South Jakarta;Full time;https://www.jobstreet.co.id/job/77891800
06-Aug-24 01:17;Senior Consultant - Technology Strategy and Transformation - ID;Deloitte;Jakarta;Full time;https://www.jobstreet.co.id/job/77889785
06-Aug-24 05:59;System Analyst;PT Lawencon Internasional;South Jakarta;Full time;https://www.jobstreet.co.id/job/77893786
06-Aug-24 09:14;Procurement Category Analyst (IT & Office Consumable);PT SMART,Tbk;Jakarta;Full time;https://www.jobstreet.co.id/job/77901132
06-Aug-24 08:47;SAP FICO Consultant (Middle - Senior);PT Equine Global;Jakarta;Full time;https://www.jobstreet.co.id/job/77900525
06-Aug-24 09:08;Oracle Functional Consultant (Human Capital Management/HCM Module);PT Equine Global;South Jakarta;Full time;https://www.jobstreet.co.id/job/77900868
06-Aug-24 03:58;Business Analyst;Yayasan Bina Nusantara;West Jakarta;Full time;https://www.jobstreet.co.id/job/77890054
05-Aug-24 07:39;Business Analyst (6 Months Contract);PT Japfa Comfeed Indonesia, Tbk;South Jakarta;Contract/Temp;https://www.jobstreet.co.id/job/77865298
05-Aug-24 09:00;Marketing Admin Support - Data Analyst;PT Cahaya Research Indonesia;South Jakarta;Full time;https://www.jobstreet.co.id/job/77867244
05-Aug-24 06:45;IT Database Administrator;PT Akulaku Silvrr Indonesia;Jakarta;Full time;https://www.jobstreet.co.id/job/77863593
05-Aug-24 02:05;Strategic Business Consultant ( IT & Data Center );PT. HUBBRI TEKNOTAMA NUSANTARA;West Jakarta;Part time;https://www.jobstreet.co.id/job/77852156
05-Aug-24 01:53;Supervisor Data Center;Indofood Group;South Jakarta;Full time;https://www.jobstreet.co.id/job/77851812
05-Aug-24 09:03;Technical Oracle Asst Manager;PT Cahaya Research Indonesia;Central Jakarta;Full time;https://www.jobstreet.co.id/job/77867287
05-Aug-24 09:14;Staff IT System Analyst;Kisel (Koperasi Telekomunikasi Selular);South Jakarta;Full time;https://www.jobstreet.co.id/job/77867723
05-Aug-24 03:12;IT Strategy Consultant;PT. KARYA EKOSISTEM DIGITAL;Jakarta;Contract/Temp;https://www.jobstreet.co.id/job/77782740
04-Aug-24 05:20;Managing Director of Cloud Business, AI Services, Telecommunication;PT Humana International Indonesia;Central Jakarta;Full time;https://www.jobstreet.co.id/job/77843887
02-Aug-24 09:49;Customer Insight Data Analytic - Associate;FIBERSTAR (PT. Mega Akses Persada);South Jakarta;Full time;https://www.jobstreet.co.id/job/77818759
02-Aug-24 10:00;Software Analyst;PT SBG Solusi Bisnis;Batam;Full time;https://www.jobstreet.co.id/job/77819370
02-Aug-24 04:24;Business System Analyst;PT Kamoro Maxima Integra;West Jakarta;Full time;https://www.jobstreet.co.id/job/77804961
01-Aug-24 09:54;Business Analyst;PT Esha Parama Teknologi;Jakarta;Full time;https://www.jobstreet.co.id/job/77785543
02-Aug-24 09:05;IT Change & Availability Management;PT Bumi Amartha Teknologi Mandiri;Central Jakarta;Contract/Temp;https://www.jobstreet.co.id/job/77816217
02-Aug-24 02:02;ORACLE PROGRAMMER;PT Padang Golf Bukit sentul;Bogor;Full time;https://www.jobstreet.co.id/job/77799081
02-Aug-24 09:23;Python Developer (Web Scraping);PT BCI CENTRAL INDONESIA;South Jakarta;Full time;https://www.jobstreet.co.id/job/77816755
01-Aug-24 16:25;IT Business Analyst Enablement Specialist;PT Tunas Ridean;South Jakarta;Full time;https://www.jobstreet.co.id/job/77790651
02-Aug-24 02:50;Business Process Engineer;PT SMART,Tbk;South Jakarta;Full time;https://www.jobstreet.co.id/job/77800782
01-Aug-24 09:26;System Analyst;PT Caraka Komunika Indonesia;South Jakarta;Full time;https://www.jobstreet.co.id/job/77784860
31-Jul-24 11:12;Calculation Executive (mandarin Speaker);PT Tiens Indonesia Logistics Trading;Medan;Full time;https://www.jobstreet.co.id/job/77753676
01-Aug-24 03:43;Oracle Functional Consultant Specialist;PT Bina Karya Prima;North Jakarta;Full time;https://www.jobstreet.co.id/job/77772852
01-Aug-24 03:10;Odoo Functional;PT. MITRA CAKRAWALA INTERNATIONAL;Jakarta;Full time;https://www.jobstreet.co.id/job/77770932
01-Aug-24 09:35;IT Business Analyst;PT Harsana Eklinika Reforma;Jakarta;Full time;https://www.jobstreet.co.id/job/77785013
01-Aug-24 06:57;ERP Solutions Specialist (SAP B1);FKS Group;Central Jakarta;Full time;https://www.jobstreet.co.id/job/77781183
01-Aug-24 07:11;IT Tribe Leader;MSIG Life Insurance Indonesia Tbk;South Jakarta;Full time;https://www.jobstreet.co.id/job/77781582
31-Jul-24 09:15;IoT Lead;PT KOLTIVA;South Jakarta;Full time;https://www.jobstreet.co.id/job/77750530
31-Jul-24 08:18;IT PMO Analyst XL Axiata;PT Multi Bangun Abadi;South Jakarta;Contract/Temp;https://www.jobstreet.co.id/job/77749089
31-Jul-24 03:25;Business Analyst;PT Swadaya Karya Sentosa;East Jakarta;Full time;https://www.jobstreet.co.id/job/77738161
31-Jul-24 07:39;ICDC - Experience Analyst - Outsystem Developer - [Jakarta - ID];Deloitte;Jakarta;Full time;https://www.jobstreet.co.id/job/77751248
31-Jul-24 00:00;Oracle Functional Analyst;PT Trinusa Travelindo;Jakarta;Full time;https://www.jobstreet.co.id/job/77738582
31-Jul-24 00:00;Senior Product Analyst - Platform;PT Trinusa Travelindo;Jakarta;Full time;https://www.jobstreet.co.id/job/77739535
06-Aug-24 06:40;Shopee Mitra, Sales Operations;Shopee Internasional Indonesia;Jakarta;Full time;https://www.jobstreet.co.id/job/77901701
06-Aug-24 10:25;Head of Analytics;PT Link Net;Tangerang;Full time;https://www.jobstreet.co.id/job/77921489
04-Aug-24 00:30;Client Project Manager;PT NTT Indonesia;Jakarta;Full time;https://www.jobstreet.co.id/job/77842900
06-Aug-24 13:33;Marketing Automation Specialist;Solution SFT;Jakarta;Full time;https://www.jobstreet.co.id/job/77921725
01-Aug-24 05:30;Associate Managed Services Operations Specialist;PT NTT Indonesia;Jakarta;Full time;https://www.jobstreet.co.id/job/77790126
02-Aug-24 06:00;Technical Architect;PT NTT Indonesia;Jakarta;Full time;https://www.jobstreet.co.id/job/77823825
02-Aug-24 06:00;Security Technical Architect;PT NTT Indonesia;Jakarta;Full time;https://www.jobstreet.co.id/job/77823850
06-Aug-24 05:30;AI Software Engineer;PT Samsung SDS Global SCL Indonesia;Jakarta;Full time;https://www.jobstreet.co.id/job/77906955
05-Aug-24 01:29;DATA SCIENTIST;Kurniawan Group;Makassar;Full time;https://www.jobstreet.co.id/job/77850933
05-Aug-24 08:30;Assistant Manager, Leads Management;Sun Life;South Jakarta;Full time;https://www.jobstreet.co.id/job/77877349
02-Aug-24 09:22;DATA ANALYST;Kurniawan Group;Makassar;Full time;https://www.jobstreet.co.id/job/77816646
01-Aug-24 02:56;AI Enginer;PT. Rancang Persada;Surabaya;Full time;https://www.jobstreet.co.id/job/77780069
01-Aug-24 03:02;Al Specialist;PT. Rancang Persada;Surabaya;Full time;https://www.jobstreet.co.id/job/77780037
