listing_date;title;company;location;work_type;link
05-Aug-24 09:00;Marketing Admin Support - Data Analyst;PT Cahaya Research Indonesia;South Jakarta;Full time;https://www.jobstreet.co.id/job/77867244
05-Aug-24 11:57;Data Analyst (for LINTAS);PT Merah Cipta Media;Bandung;Full time;https://www.jobstreet.co.id/job/77872647
31-Jul-24 00:00;Data Analyst;PT Trinusa Travelindo;Jakarta;Full time;https://www.jobstreet.co.id/job/77738507
07-Aug-24 02:21;Data Analyst - Telematics (A-109700);RGF HR Agent Indonesia;South Jakarta;Full time;https://www.jobstreet.co.id/job/77917209
02-Aug-24 09:22;DATA ANALYST;Kurniawan Group;Makassar;Full time;https://www.jobstreet.co.id/job/77816646
07-Aug-24 03:41;Business Analyst;P.T. DIFINI TEKNOLOGI;Jakarta;Full time;https://www.jobstreet.co.id/job/77920475
05-Aug-24 04:12;Data Analyst for Supply Chain;PT Electrolux Indonesia;Central Jakarta;Full time;https://www.jobstreet.co.id/job/77858354
06-Aug-24 07:40;Data Analyst (Project -+3 Bulan);PT Chandra Naya Laksana;East Jakarta;Contract/Temp;https://www.jobstreet.co.id/job/77898885
05-Aug-24 01:29;DATA SCIENTIST;Kurniawan Group;Makassar;Full time;https://www.jobstreet.co.id/job/77850933
06-Aug-24 04:33;Data Engineer Staff;Orang Tua Group;West Jakarta;Full time;https://www.jobstreet.co.id/job/77890637
05-Aug-24 07:39;Business Analyst (6 Months Contract);PT Japfa Comfeed Indonesia, Tbk;South Jakarta;Contract/Temp;https://www.jobstreet.co.id/job/77865298
06-Aug-24 13:16;Data and GIS Staff;PT Sarana Geospasial Terpadu;Bogor Regency;Full time;https://www.jobstreet.co.id/job/77905958
06-Aug-24 09:43;GL Analyst - WFO Jakarta (Contract-based);PT. PERSOLKELLY Recruitment Indonesia;South Jakarta;Contract/Temp;https://www.jobstreet.co.id/job/77902349
07-Aug-24 02:43;System Analyst;PT Mitra Solusi Telematika;South Jakarta;Full time;https://www.jobstreet.co.id/job/77917958
06-Aug-24 03:58;Business Analyst;Yayasan Bina Nusantara;West Jakarta;Full time;https://www.jobstreet.co.id/job/77890054
06-Aug-24 04:18;PRODUCT OPERATIONS ANALYST;PT. GARIS PERTAMA SOLUSI;South Jakarta;Contract/Temp;https://www.jobstreet.co.id/job/77890739
07-Aug-24 02:35;Data Scientist - Telematics (A-109705);RGF HR Agent Indonesia;South Jakarta;Full time;https://www.jobstreet.co.id/job/77917657
31-Jul-24 06:37;Data Analyst - Associate;PwC Indonesia;South Jakarta;Full time;https://www.jobstreet.co.id/job/77745603
01-Aug-24 13:59;Data Analyst Supervisor;PT. Maju Makmur Group (MMG);Biak Numfor;Full time;https://www.jobstreet.co.id/job/77789593
06-Aug-24 09:56;IT SYSTEM ANALYST;PT The Master Steel MFc;Central Jakarta;Contract/Temp;https://www.jobstreet.co.id/job/77903177
06-Aug-24 10:25;Head of Analytics;PT Link Net;Tangerang;Full time;https://www.jobstreet.co.id/job/77921489
01-Aug-24 09:54;Business Analyst;PT Esha Parama Teknologi;Jakarta;Full time;https://www.jobstreet.co.id/job/77785543
06-Aug-24 02:56;System Analyst;PT Graha Karya Informasi;Jakarta;Contract/Temp;https://www.jobstreet.co.id/job/77894625
05-Aug-24 09:14;Staff IT System Analyst;Kisel (Koperasi Telekomunikasi Selular);South Jakarta;Full time;https://www.jobstreet.co.id/job/77867723
01-Aug-24 07:30;Junior Business Analyst;PT MYPRO SOLUSINDO INFORMATIKA;Jakarta;Full time;https://www.jobstreet.co.id/job/77782041
02-Aug-24 10:00;Software Analyst;PT SBG Solusi Bisnis;Batam;Full time;https://www.jobstreet.co.id/job/77819370
02-Aug-24 03:46;Database Administrator;PT Valuestream International;Bandung;Full time;https://www.jobstreet.co.id/job/77803667
06-Aug-24 04:27;System Implementor;Ciputra Group;West Jakarta;Full time;https://www.jobstreet.co.id/job/77891082
06-Aug-24 11:13;Credit Analyst - SME (Bali);PT Moladin Digital Indonesia;Denpasar;Full time;https://www.jobstreet.co.id/job/77904360
06-Aug-24 11:22;Credit Analyst - SME (Semarang);PT Moladin Digital Indonesia;Semarang;Full time;https://www.jobstreet.co.id/job/77904446
06-Aug-24 08:20;System Analyst;Geekhunter;Jakarta;Full time;https://www.jobstreet.co.id/job/77899932
07-Aug-24 01:58;Credit Analyst, Corporate & Investment Banking - Indonesia;Standard Chartered Bank;Jakarta;Full time;https://www.jobstreet.co.id/job/77916379
05-Aug-24 10:23;IT System Requirement Analyst (JS - IT SRA);OTO Group;South Jakarta;Full time;https://www.jobstreet.co.id/job/77871872
06-Aug-24 09:30;SPECIALIST DATABASE (Temenos);PT. PLANA NETWORKS INDONESIA;South Jakarta;Full time;https://www.jobstreet.co.id/job/77901466
07-Aug-24 07:48;Data Engineer;PT Esha Parama Teknologi;Jakarta;Full time;https://www.jobstreet.co.id/job/77928989
06-Aug-24 05:59;System Analyst;PT Lawencon Internasional;South Jakarta;Full time;https://www.jobstreet.co.id/job/77893786
06-Aug-24 04:53;System Analyst - IT Consulting (A-109667);RGF HR Agent Indonesia;South Jakarta;Full time;https://www.jobstreet.co.id/job/77891800
05-Aug-24 08:41;IT Developer (Business Intelligence);PT Foodex Inti Ingredients;Cikarang;Full time;https://www.jobstreet.co.id/job/77866827
31-Jul-24 03:25;Business Analyst;PT Swadaya Karya Sentosa;East Jakarta;Full time;https://www.jobstreet.co.id/job/77738161
06-Aug-24 04:08;Data Engineer;Private Advertiser;Jakarta;Full time;https://www.jobstreet.co.id/job/77890429
02-Aug-24 09:49;Customer Insight Data Analytic - Associate;FIBERSTAR (PT. Mega Akses Persada);South Jakarta;Full time;https://www.jobstreet.co.id/job/77818759
06-Aug-24 03:58;Credit Analyst;PT Kimia Yasa;Bekasi Regency;Full time;https://www.jobstreet.co.id/job/77890085
03-Aug-24 10:58;Actuarial Valuation Analyst;Sun Life;Jakarta;Full time;https://www.jobstreet.co.id/job/77841149
31-Jul-24 09:59;MIS Portofolio Reporting Specialist;PT CIMB Niaga Auto Finance;Tangerang;Full time;https://www.jobstreet.co.id/job/77752108
05-Aug-24 06:45;IT Database Administrator;PT Akulaku Silvrr Indonesia;Jakarta;Full time;https://www.jobstreet.co.id/job/77863593
02-Aug-24 04:24;Business System Analyst;PT Kamoro Maxima Integra;West Jakarta;Full time;https://www.jobstreet.co.id/job/77804961
07-Aug-24 06:52;Senior Microsoft SQL Server Database Support;PT Sisindokom Lintasbuana;Jakarta;Full time;https://www.jobstreet.co.id/job/77927392
06-Aug-24 06:40;Shopee Mitra, Sales Operations;Shopee Internasional Indonesia;Jakarta;Full time;https://www.jobstreet.co.id/job/77901701
05-Aug-24 08:59;Enterprise Risk Analyst;PT Mandala Multifinance, Tbk;Central Jakarta;Full time;https://www.jobstreet.co.id/job/77867235
05-Aug-24 04:56;Officer Business Solution;PT Cipta Krida Bahari;Jakarta;Contract/Temp;https://www.jobstreet.co.id/job/77860089
31-Jul-24 12:10;MIS & Data Analytics Supervisor;PT Bank Nationalnobu Tbk;Central Jakarta;Full time;https://www.jobstreet.co.id/job/77754124
02-Aug-24 04:21;Data Engineer;PT Nomura Research Institute Indonesia;Jakarta;Contract/Temp;https://www.jobstreet.co.id/job/77804897
31-Jul-24 07:41;Business Analyst PSAK71;PT Asta Protek Jiarsi;Tangerang;Full time;https://www.jobstreet.co.id/job/77748252
06-Aug-24 03:22;Data Engineer (Azure Data Brick);PT Sigma Cipta Utama;South Jakarta;Full time;https://www.jobstreet.co.id/job/77886938
02-Aug-24 09:08;Credit Risk Analyst;PT Allo Bank Indonesia, Tbk;Jakarta;Full time;https://www.jobstreet.co.id/job/77827887
01-Aug-24 09:26;System Analyst;PT Caraka Komunika Indonesia;South Jakarta;Full time;https://www.jobstreet.co.id/job/77784860
06-Aug-24 03:27;Data Engineer (ETL Talend Power BI);PT Sigma Cipta Utama;South Jakarta;Full time;https://www.jobstreet.co.id/job/77887423
01-Aug-24 08:35;Business Analyst Manager;PT Tigaraksa Satria, Tbk;South Jakarta;Full time;https://www.jobstreet.co.id/job/77783469
31-Jul-24 08:56;Business Analyst Datawarehouse;PT Asta Protek Jiarsi;Tangerang;Full time;https://www.jobstreet.co.id/job/77749903
01-Aug-24 16:25;IT Business Analyst Enablement Specialist;PT Tunas Ridean;South Jakarta;Full time;https://www.jobstreet.co.id/job/77790651
31-Jul-24 10:04;IT Database & Storage Technology Officer;PT CIMB Niaga Auto Finance;Tangerang;Full time;https://www.jobstreet.co.id/job/77752319
02-Aug-24 06:11;Power BI Developer;PT Rsystems Ibizcs International;North Jakarta;Contract/Temp;https://www.jobstreet.co.id/job/77808444
01-Aug-24 06:13;Business Intelligence Developer;PT. Berca Hardayaperkasa;Central Jakarta;Full time;https://www.jobstreet.co.id/job/77778735
06-Aug-24 09:14;Procurement Category Analyst (IT & Office Consumable);PT SMART,Tbk;Jakarta;Full time;https://www.jobstreet.co.id/job/77901132
01-Aug-24 03:58;Quality Analyst;Teleperformance;Bali;Contract/Temp;https://www.jobstreet.co.id/job/77773625
01-Aug-24 02:09;IT PM Business Analyst;PT Insura Media Solusi (Jakarta);Jakarta;Full time;https://www.jobstreet.co.id/job/77768652
01-Aug-24 09:35;IT Business Analyst;PT Harsana Eklinika Reforma;Jakarta;Full time;https://www.jobstreet.co.id/job/77785013
01-Aug-24 06:30;Actuarial Valuation Analyst;Sun Life;South Jakarta;Full time;https://www.jobstreet.co.id/job/77790188
31-Jul-24 05:14;Data Lead;Klinik Pintar;South Jakarta;Full time;https://www.jobstreet.co.id/job/77742262
02-Aug-24 06:12;Oracle Database Administrator;PT. Berca Hardayaperkasa;Jakarta;Contract/Temp;https://www.jobstreet.co.id/job/77808476
07-Aug-24 02:28;ERP Engineer;PT OS Selnajaya Indonesia;South Jakarta;Full time;https://www.jobstreet.co.id/job/77917446
06-Aug-24 06:31;SAP Junior Consultant Trainee;Hand International Pte. Ltd.;Central Jakarta;Contract/Temp;https://www.jobstreet.co.id/job/77896048
06-Aug-24 02:41;Oracle Functional;Dexa Group;Tangerang;Full time;https://www.jobstreet.co.id/job/77885302
07-Aug-24 09:36;Functional Consultant D365 CRM;PT Kreatif Dinamika Integrasi;Jakarta;Full time;https://www.jobstreet.co.id/job/77931266
31-Jul-24 02:31;Head of Data Science � Visa Consulting & Analytics, Indonesia;Company Confidential;Jakarta;Full time;https://www.jobstreet.co.id/job/77746242
31-Jul-24 06:20;Business Intelligence Lead;PT Royal Pesona Indonesia (Somethinc � Beautyhaul);West Jakarta;Full time;https://www.jobstreet.co.id/job/77744295
05-Aug-24 04:53;Bancassurance Consultant (Pematangsiantar & Padang Sidempuan);MSIG Life Insurance Indonesia Tbk;Pematangsiantar;Full time;https://www.jobstreet.co.id/job/77860000
31-Jul-24 08:18;IT PMO Analyst XL Axiata;PT Multi Bangun Abadi;South Jakarta;Contract/Temp;https://www.jobstreet.co.id/job/77749089
01-Aug-24 08:21;System Analyst;Yayasan Bina Nusantara;West Jakarta;Full time;https://www.jobstreet.co.id/job/77783196
02-Aug-24 03:39;DATA ENRTY & COLLECTION SUPOT COORDINATOR;PT Sinar Jenih Suksesindo;Cirebon;Contract/Temp;https://www.jobstreet.co.id/job/77833951
07-Aug-24 03:27;Research and Development Officer;PT. Coastal Grand Villas;Bali;Contract/Temp;https://www.jobstreet.co.id/job/77919824
05-Aug-24 07:54;Bancassurance Consultant (Merauke);MSIG Life Insurance Indonesia Tbk;Merauke Regency;Full time;https://www.jobstreet.co.id/job/77865736
01-Aug-24 10:23;IT Project Analyst Lead;PT Ako Media Asia;West Jakarta;Contract/Temp;https://www.jobstreet.co.id/job/77787704
06-Aug-24 03:27;Technical Deputy Head;IlmuOne Data;Jakarta;Full time;https://www.jobstreet.co.id/job/77909445
06-Aug-24 09:08;Bancassurance Consultant (Cikarang, Karawang);MSIG Life Insurance Indonesia Tbk;Cikarang;Full time;https://www.jobstreet.co.id/job/77900979
07-Aug-24 04:40;Banking Relation Sr. Specialist;PT Link Net;Tangerang;Full time;https://www.jobstreet.co.id/job/77922986
02-Aug-24 08:08;Presales Analytics;Juke Solutions;Jakarta;Full time;https://www.jobstreet.co.id/job/77827891
01-Aug-24 03:10;Odoo Functional;PT. MITRA CAKRAWALA INTERNATIONAL;Jakarta;Full time;https://www.jobstreet.co.id/job/77770932
06-Aug-24 05:27;Technical Deputy Head;Snaphunt;Jakarta;Full time;https://www.jobstreet.co.id/job/77908627
31-Jul-24 00:00;Oracle Functional Analyst;PT Trinusa Travelindo;Jakarta;Full time;https://www.jobstreet.co.id/job/77738582
05-Aug-24 02:05;Strategic Business Consultant ( IT & Data Center );PT. HUBBRI TEKNOTAMA NUSANTARA;West Jakarta;Part time;https://www.jobstreet.co.id/job/77852156
06-Aug-24 11:05;Appraisal - SME (Makassar);PT Moladin Digital Indonesia;Makassar;Full time;https://www.jobstreet.co.id/job/77904318
31-Jul-24 10:01;MIS Acquisition Department Head;PT CIMB Niaga Auto Finance;Banten;Full time;https://www.jobstreet.co.id/job/77752175
04-Aug-24 09:45;Reinsurance;PT Asuransi Allianz Life Indonesia;Jakarta;Full time;https://www.jobstreet.co.id/job/77844571
07-Aug-24 07:44;Salesforce Functional Consultant;PT Shaft Consulting Services;Jakarta;Contract/Temp;https://www.jobstreet.co.id/job/77928857
06-Aug-24 11:06;Appraisal - SME (Bali);PT Moladin Digital Indonesia;Denpasar;Full time;https://www.jobstreet.co.id/job/77904325
02-Aug-24 02:21;Finance Associate/Senior Associate;Deliveree (PT Angkut Teknologi Indonesia);Jakarta;Full time;https://www.jobstreet.co.id/job/77827890
06-Aug-24 11:08;Appraisal - SME (Bandung);PT Moladin Digital Indonesia;Tulungagung;Full time;https://www.jobstreet.co.id/job/77904334
31-Jul-24 00:00;Senior Product Analyst - Platform;PT Trinusa Travelindo;Jakarta;Full time;https://www.jobstreet.co.id/job/77739535
07-Aug-24 07:47;Product Owner;Geekhunter;Jakarta;Full time;https://www.jobstreet.co.id/job/77928947
