listing_date;title;company;location;work_type;link
06-Aug-24 04:33;Data Engineer Staff;Orang Tua Group;West Jakarta;Full time;https://www.jobstreet.co.id/job/77890637
01-Aug-24 04:08;Alibaba Data Center-Operations Engineer;TITANICOM TECH LIMITED;Jakarta;Full time;https://www.jobstreet.co.id/job/77774091
06-Aug-24 07:17;Data Engineer;PT Sharing Vision Indonesia;Jakarta;Contract/Temp;https://www.jobstreet.co.id/job/77898185
31-Jul-24 08:56;Business Analyst Datawarehouse;PT Asta Protek Jiarsi;Tangerang;Full time;https://www.jobstreet.co.id/job/77749903
07-Aug-24 07:48;Data Engineer;PT Esha Parama Teknologi;Jakarta;Full time;https://www.jobstreet.co.id/job/77928989
06-Aug-24 04:08;Data Engineer;Private Advertiser;Jakarta;Full time;https://www.jobstreet.co.id/job/77890429
07-Aug-24 04:51;Cloud Engineer Officer;Agung Sedayu Group;North Jakarta;Full time;https://www.jobstreet.co.id/job/77923363
06-Aug-24 03:22;Data Engineer (Azure Data Brick);PT Sigma Cipta Utama;South Jakarta;Full time;https://www.jobstreet.co.id/job/77886938
06-Aug-24 03:27;Data Engineer (ETL Talend Power BI);PT Sigma Cipta Utama;South Jakarta;Full time;https://www.jobstreet.co.id/job/77887423
07-Aug-24 09:31;Data Center Engineer;PT Bali Towerindo Sentra Tbk;Central Jakarta;Full time;https://www.jobstreet.co.id/job/77931142
07-Aug-24 03:08;Data Center Management Engineer;PT SGMW Motor Indonesia;Cikarang;Full time;https://www.jobstreet.co.id/job/77919091
07-Aug-24 02:35;Data Scientist - Telematics (A-109705);RGF HR Agent Indonesia;South Jakarta;Full time;https://www.jobstreet.co.id/job/77917657
05-Aug-24 07:36;Middleware Developer / Integration Engineer;PT Integrasi Logistik Cipta Solusi;North Jakarta;Contract/Temp;https://www.jobstreet.co.id/job/77865221
02-Aug-24 04:21;Data Engineer;PT Nomura Research Institute Indonesia;Jakarta;Contract/Temp;https://www.jobstreet.co.id/job/77804897
02-Aug-24 11:23;DATA CENTER ENGINEER (Mandarin Speaker);PT EZSVS Technology Indonesia;East Jakarta;Full time;https://www.jobstreet.co.id/job/77822303
05-Aug-24 09:43;IP Core & ISP Senior Engineer;PT Link Net;South Jakarta;Full time;https://www.jobstreet.co.id/job/77868748
06-Aug-24 04:29;ETL Developer (Data Analytic Developer) Supervisor;Ciputra Group;South Jakarta;Full time;https://www.jobstreet.co.id/job/77891135
31-Jul-24 06:20;Business Intelligence Lead;PT Royal Pesona Indonesia (Somethinc � Beautyhaul);West Jakarta;Full time;https://www.jobstreet.co.id/job/77744295
31-Jul-24 05:14;Data Lead;Klinik Pintar;South Jakarta;Full time;https://www.jobstreet.co.id/job/77742262
01-Aug-24 06:13;Business Intelligence Developer;PT. Berca Hardayaperkasa;Central Jakarta;Full time;https://www.jobstreet.co.id/job/77778735
06-Aug-24 04:27;System Implementor;Ciputra Group;West Jakarta;Full time;https://www.jobstreet.co.id/job/77891082
07-Aug-24 02:06;Cloud Engineer;PT Multipolar Technology Tbk;South Jakarta;Full time;https://www.jobstreet.co.id/job/77916684
07-Aug-24 02:21;Data Analyst - Telematics (A-109700);RGF HR Agent Indonesia;South Jakarta;Full time;https://www.jobstreet.co.id/job/77917209
02-Aug-24 02:02;IT Database and Security Engineer;PT Inter Aneka Lestari Kimia;Tangerang;Full time;https://www.jobstreet.co.id/job/77799107
07-Aug-24 09:22;Senior SFDC Development Engineer;PT Sistem Elektronika Asia;Central Jakarta;Contract/Temp;https://www.jobstreet.co.id/job/77930960
06-Aug-24 08:34;Linux Engineer;PT Bajau Escorindo;South Jakarta;Full time;https://www.jobstreet.co.id/job/77900123
07-Aug-24 04:04;L2 Datacomm Engineer;PT Metrocom Global Solusi;Jakarta;Full time;https://www.jobstreet.co.id/job/77921563
07-Aug-24 09:07;SERVER MAINTENANCE ENGINEER;PT Bentang Inspira Teknologi (Bandung);Jakarta;Contract/Temp;https://www.jobstreet.co.id/job/77930691
07-Aug-24 06:52;Senior Microsoft SQL Server Database Support;PT Sisindokom Lintasbuana;Jakarta;Full time;https://www.jobstreet.co.id/job/77927392
06-Aug-24 07:44;QA ENGINEER;PT PCI Elektronik Internasional;Batam;Full time;https://www.jobstreet.co.id/job/77899005
01-Aug-24 09:06;IT Data Center Operation Executive;PT Niaga Nusa Abadi;East Jakarta;Full time;https://www.jobstreet.co.id/job/77783974
31-Jul-24 10:04;IT Database & Storage Technology Officer;PT CIMB Niaga Auto Finance;Tangerang;Full time;https://www.jobstreet.co.id/job/77752319
06-Aug-24 05:56;SYSTEM ENGINEER;PT Lawencon Internasional;Jakarta;Full time;https://www.jobstreet.co.id/job/77893537
02-Aug-24 02:31;AVP Network Automation & AI/ML Architect;Indosat Ooredoo;Central Jakarta;Full time;https://www.jobstreet.co.id/job/77800068
06-Aug-24 08:48;IT Engineer;PT Megaspeed International Indonesia;Cikarang;Full time;https://www.jobstreet.co.id/job/77900516
31-Jul-24 06:39;HR Data Specialist;PT Finture Tech Indonesia;South Jakarta;Full time;https://www.jobstreet.co.id/job/77745687
06-Aug-24 08:57;Infrastructure Engineer;PT Megaspeed International Indonesia;Cikarang;Full time;https://www.jobstreet.co.id/job/77900746
07-Aug-24 03:32;Mobile (Flutter) Developer;PT Indonesia Satu Tujuh;South Jakarta;Full time;https://www.jobstreet.co.id/job/77919987
07-Aug-24 09:15;System Administrator/SysAdmin;PT Indonesia Satu Tujuh;South Jakarta;Full time;https://www.jobstreet.co.id/job/77930850
07-Aug-24 08:53;Senior Backend Developer;PT Infosys Solusi Terpadu;South Jakarta;Full time;https://www.jobstreet.co.id/job/77930447
07-Aug-24 03:56;DevOps Engineer;Private Advertiser;South Jakarta;Full time;https://www.jobstreet.co.id/job/77921170
05-Aug-24 10:15;Senior Operating Tech. Support Engineer;PT. Metrodata Electronics, Tbk;West Jakarta;Contract/Temp;https://www.jobstreet.co.id/job/77871152
06-Aug-24 09:56;IT SYSTEM ANALYST;PT The Master Steel MFc;Central Jakarta;Contract/Temp;https://www.jobstreet.co.id/job/77903177
05-Aug-24 02:46;System Engineer;PT EMS Paramitra;East Jakarta;Full time;https://www.jobstreet.co.id/job/77853632
06-Aug-24 01:47;Engineer;PT Teco Multiguna Elektro;Bekasi Regency;Contract/Temp;https://www.jobstreet.co.id/job/77883392
06-Aug-24 02:57;Senior Software Engineer;PT Qeon Interactive;Jakarta;Full time;https://www.jobstreet.co.id/job/77885959
05-Aug-24 04:12;Data Analyst for Supply Chain;PT Electrolux Indonesia;Central Jakarta;Full time;https://www.jobstreet.co.id/job/77858354
02-Aug-24 01:47;Network Engineer;LightsUp Network Solution Sdn Bhd;South Jakarta;Full time;https://www.jobstreet.co.id/job/77798579
02-Aug-24 04:47;System Engineer;PT Gaweku Human Technology (Gaweku);Semarang;Full time;https://www.jobstreet.co.id/job/77805693
01-Aug-24 04:11;Desktop Engineer;Teleperformance;Bali;Contract/Temp;https://www.jobstreet.co.id/job/77774261
05-Aug-24 10:14;.NET Developer;PT Lawencon Internasional;Jakarta;Full time;https://www.jobstreet.co.id/job/77871098
05-Aug-24 12:00;System Architect;PT Schneider Electric;South Jakarta;Full time;https://www.jobstreet.co.id/job/77877353
01-Aug-24 04:14;Desktop Engineer;Teleperformance;Surakarta;Contract/Temp;https://www.jobstreet.co.id/job/77774393
06-Aug-24 06:10;Storage Engineer;PT. Berca Hardayaperkasa;Central Jakarta;Contract/Temp;https://www.jobstreet.co.id/job/77894237
06-Aug-24 09:30;SPECIALIST DATABASE (Temenos);PT. PLANA NETWORKS INDONESIA;South Jakarta;Full time;https://www.jobstreet.co.id/job/77901466
02-Aug-24 02:50;Business Process Engineer;PT SMART,Tbk;South Jakarta;Full time;https://www.jobstreet.co.id/job/77800782
06-Aug-24 01:30;Experienced Backend Software Engineer - Travel Activities;PT Trinusa Travelindo;Jakarta;Full time;https://www.jobstreet.co.id/job/77894783
05-Aug-24 04:38;Backend Engineer;PT Valortek Ratanika Utama;Jakarta;Full time;https://www.jobstreet.co.id/job/77859585
06-Aug-24 08:20;System Analyst;Geekhunter;Jakarta;Full time;https://www.jobstreet.co.id/job/77899932
01-Aug-24 11:18;Dies Manufacturing Development Engineer;PT Astra Honda Motor (Head Office);Jakarta;Full time;https://www.jobstreet.co.id/job/77790147
02-Aug-24 08:19;System Engineer - Server & Storage;PT Net One Asia;South Jakarta;Contract/Temp;https://www.jobstreet.co.id/job/77814721
06-Aug-24 01:30;Experienced Backend Software Engineer - Travel Activities (Open);PT Trinusa Travelindo;Jakarta;Full time;https://www.jobstreet.co.id/job/77894769
02-Aug-24 08:30;DevOps Engineer (Internship);PT iZeno Teknologi Indonesia;South Jakarta;Full time;https://www.jobstreet.co.id/job/77814953
02-Aug-24 06:11;Power BI Developer;PT Rsystems Ibizcs International;North Jakarta;Contract/Temp;https://www.jobstreet.co.id/job/77808444
06-Aug-24 07:40;Data Analyst (Project -+3 Bulan);PT Chandra Naya Laksana;East Jakarta;Contract/Temp;https://www.jobstreet.co.id/job/77898885
02-Aug-24 03:07;Operational Technology Engineer;PT TDK ELECTRONICS INDONESIA;Batam;Full time;https://www.jobstreet.co.id/job/77801501
01-Aug-24 11:43;Senior Backend Engineer - Lending;PT Kredit Pintar Indonesia;South Jakarta;Full time;https://www.jobstreet.co.id/job/77788300
05-Aug-24 01:53;Supervisor Data Center;Indofood Group;South Jakarta;Full time;https://www.jobstreet.co.id/job/77851812
01-Aug-24 04:54;IT System Engineer;PT. Berca Hardayaperkasa;Central Jakarta;Contract/Temp;https://www.jobstreet.co.id/job/77776262
02-Aug-24 07:51;Integration Engineer, Orchestration team;PT Solusi Transportasi Indonesia;South Jakarta;Full time;https://www.jobstreet.co.id/job/77816708
31-Jul-24 02:14;Junior IT Security Engineer - Manufacture - Batam (A-109424);RGF HR Agent Indonesia;Batam;Full time;https://www.jobstreet.co.id/job/77735686
05-Aug-24 04:30;Java Engineer;Hand International Pte. Ltd.;Jakarta;Full time;https://www.jobstreet.co.id/job/77859344
02-Aug-24 06:28;Web Engineer (for MCM);PT Merah Cipta Media;West Jakarta;Full time;https://www.jobstreet.co.id/job/77809909
01-Aug-24 03:10;Odoo Functional;PT. MITRA CAKRAWALA INTERNATIONAL;Jakarta;Full time;https://www.jobstreet.co.id/job/77770932
03-Aug-24 01:00;Software Engineer - Web;PT Trinusa Travelindo;Jakarta;Full time;https://www.jobstreet.co.id/job/77836929
05-Aug-24 08:41;IT Developer (Business Intelligence);PT Foodex Inti Ingredients;Cikarang;Full time;https://www.jobstreet.co.id/job/77866827
03-Aug-24 01:00;Software Engineer;PT Trinusa Travelindo;Jakarta;Full time;https://www.jobstreet.co.id/job/77836894
05-Aug-24 07:02;Network Engineer (Taman Tekno Tangerang);PT Karya Solusi Prima Sejahtera;Tangerang;Full time;https://www.jobstreet.co.id/job/77864156
05-Aug-24 09:03;Technical Oracle Asst Manager;PT Cahaya Research Indonesia;Central Jakarta;Full time;https://www.jobstreet.co.id/job/77867287
01-Aug-24 19:13;Senior QA Engineer;PT Solusi Transportasi Indonesia;Jakarta;Full time;https://www.jobstreet.co.id/job/77793805
02-Aug-24 10:40;IT Apps Support Engineer;Daikin Industries Indonesia;Cikarang;Full time;https://www.jobstreet.co.id/job/77821935
02-Aug-24 12:33;DevOps Engineer;Solusi Kode Indonesia;South Tangerang;Contract/Temp;https://www.jobstreet.co.id/job/77819078
30-Jul-24 17:13;Lead Software Engineer, Backend - Lending;PT Solusi Transportasi Indonesia;Jakarta;Full time;https://www.jobstreet.co.id/job/77728438
03-Aug-24 01:00;Backend Engineer - Flight;PT Trinusa Travelindo;Jakarta;Full time;https://www.jobstreet.co.id/job/77836810
02-Aug-24 06:40;SYSTEM ENGINEER;PT Ras Digital Media;South Jakarta;Full time;https://www.jobstreet.co.id/job/77811544
02-Aug-24 03:32;Software Lead Engineer;PT. Permata Azzuri Sehat;South Jakarta;Contract/Temp;https://www.jobstreet.co.id/job/77802857
03-Aug-24 01:00;Software Engineer - Backend (Transport);PT Trinusa Travelindo;Jakarta;Full time;https://www.jobstreet.co.id/job/77836991
01-Aug-24 13:59;Data Analyst Supervisor;PT. Maju Makmur Group (MMG);Biak Numfor;Full time;https://www.jobstreet.co.id/job/77789593
02-Aug-24 08:04;Server Engineer;PT Netmarks Indonesia;North Jakarta;Contract/Temp;https://www.jobstreet.co.id/job/77814350
05-Aug-24 11:09;Data Centre Day Technician (Batam);PT CBRE Consultancy Services;Bintan;Full time;https://www.jobstreet.co.id/job/77875764
03-Aug-24 01:00;Backend Engineer - Flight;PT Trinusa Travelindo;Jakarta;Full time;https://www.jobstreet.co.id/job/77836730
02-Aug-24 07:12;DevSecOps Engineer;PT Esha Parama Teknologi;Jakarta;Full time;https://www.jobstreet.co.id/job/77812914
02-Aug-24 06:12;Oracle Database Administrator;PT. Berca Hardayaperkasa;Jakarta;Contract/Temp;https://www.jobstreet.co.id/job/77808476
05-Aug-24 11:47;Data Centre Day Technician (Batam);PT CBRE Consultancy Services;Bintan;Full time;https://www.jobstreet.co.id/job/77875818
03-Aug-24 01:00;Experienced Backend Software Engineer - Experience;PT Trinusa Travelindo;Jakarta;Full time;https://www.jobstreet.co.id/job/77836736
02-Aug-24 04:22;Frontend Engineer (Flutter);PT Nomura Research Institute Indonesia;Central Jakarta;Contract/Temp;https://www.jobstreet.co.id/job/77804912
02-Aug-24 06:33;Presales (Solution Architect);PT Hipernet Indodata;Central Jakarta;Full time;https://www.jobstreet.co.id/job/77810865
02-Aug-24 00:30;Software Engineer;PT Trinusa Travelindo;Jakarta;Full time;https://www.jobstreet.co.id/job/77802091
31-Jul-24 04:58;Senior .NET Engineer with AWS Knowledge;PT CreateIT Solution Indonesia;Tangerang;Contract/Temp;https://www.jobstreet.co.id/job/77741875
31-Jul-24 12:10;MIS & Data Analytics Supervisor;PT Bank Nationalnobu Tbk;Central Jakarta;Full time;https://www.jobstreet.co.id/job/77754124
