listing_date;title;company;location;work_type;link
22-Jul-24 06:42;Data Analyst;ASTRO;Jakarta;fullTime;https://dealls.com/loker/data-analyst-39~astro
26-Feb-24 08:50;Sr. Data Analyst;ASTRO;N/A;fullTime;https://dealls.com/loker/data-analyst-28~astro
14-May-24 09:38;Marketing Data Analyst Specialist;PT. Richeese Kuliner Indonesia;Bandung;fullTime;https://dealls.com/loker/marketing-data-analyst-specialist~pt-richeese-kuliner-indonesia
15-Jul-24 04:23;Growth Data Analyst;Astra Financial;Jakarta;fullTime;https://dealls.com/loker/growth-data-analyst-1~astra-financial
11-Aug-23 04:55;DATA ANALYST SUPERVISOR- BIG DATA (E-COMMERCE);PT Fastrata Buana (Kapal Api Group);Jakarta Timur;fullTime;https://dealls.com/loker/data-analyst-supervisor-big-data~pt-fastrata-buana-kapal-api-group
24-May-24 03:59;Sales Marketing & Data Analyst;ADR Group of Companies;Tangerang Regency;fullTime;https://dealls.com/loker/sales-marketing-and-data-analyst~adr-group-of-companies
18-Jul-24 09:29;Data Analyst (Manufacture);PT. CS2 POLA SEHAT;Jakarta Barat;fullTime;https://dealls.com/loker/data-analyst-manufacture~pt-cs2-pola-sehat
03-May-24 08:19;Data Quality Analyst;Astra Financial;Jakarta;fullTime;https://dealls.com/loker/data-quality-analyst~astra-financial
17-Oct-23 07:01;Data Analyst;PT.Enseval Putera Megatrading Tbk;Bekasi;fullTime;https://dealls.com/loker/data-analyst-20~ptenseval-putera-megatrading-tbk
11-Jan-24 07:37;Data Operation Analyst;PT TOYOTA ASTRA FINANCIAL SERVICES;Jakarta;fullTime;https://dealls.com/loker/data-operation-analyst~pt-toyota-astra-financial-services
02-Aug-24 03:37;Data Operation Analyst (Retail) Asisstant Manager; AEON INDONESIA PT;Tangerang Selatan;fullTime;https://dealls.com/loker/data-operation-analyst-retail-asisstant~aeon-indonesia-pt
18-Jul-24 07:19;Sales Data Analyst;PT. CS2 POLA SEHAT;Jakarta Barat;fullTime;https://dealls.com/loker/sales-data-analyst-2~pt-cs2-pola-sehat
06-May-24 01:26;Growth Data Analyst;Astra Financial;Jakarta;fullTime;https://dealls.com/loker/growth-data-analyst~astra-financial
16-Feb-24 10:30;Data Analyst;Akulaku Indonesia;Jakarta Pusat;fullTime;https://dealls.com/loker/data-analyst-27~akulaku-indonesia
24-Apr-24 06:54;HSE Document Control and Data Analyst;PT SANTOS JAYA ABADI (Kapal Api Group);Sidoarjo Regency;fullTime;https://dealls.com/loker/hse-document-control-and-data~pt-santos-jaya-abadi-kapal-api-global
13-May-24 08:37;Data Analyst;JALA;Yogyakarta;fullTime;https://dealls.com/loker/data-analyst-32~jala
25-Jul-24 10:17;Data Analyst Modern Trade;PT SANTOS JAYA ABADI (Kapal Api Group);Jakarta Pusat;fullTime;https://dealls.com/loker/data-analyst-modern-trade~pt-santos-jaya-abadi-kapal-api-global
10-Nov-23 08:37;Finance & Data Analyst Supervisor;PT SANTOS JAYA ABADI (Kapal Api Group);Jakarta Pusat;fullTime;https://dealls.com/loker/data-analyst-and-administration-supervisor~pt-santos-jaya-abadi-kapal-api-global
