listing_date;title;company;location;work_type;link
07-Aug-24 04:51;Cloud Engineer Officer;Agung Sedayu Group;North Jakarta;Full time;https://www.jobstreet.co.id/job/77923363
07-Aug-24 03:56;DevOps Engineer;Private Advertiser;South Jakarta;Full time;https://www.jobstreet.co.id/job/77921170
02-Aug-24 12:33;DevOps Engineer;Solusi Kode Indonesia;South Tangerang;Contract/Temp;https://www.jobstreet.co.id/job/77819078
06-Aug-24 11:11;Senior Microservices Engineer (Full Remote);DevStack;Bandung;Full time;https://www.jobstreet.co.id/job/77904355
02-Aug-24 04:22;DevOps Engineer;PT Nomura Research Institute Indonesia;Central Jakarta;Contract/Temp;https://www.jobstreet.co.id/job/77804907
02-Aug-24 02:31;AVP Network Automation & AI/ML Architect;Indosat Ooredoo;Central Jakarta;Full time;https://www.jobstreet.co.id/job/77800068
01-Aug-24 04:52;DevOps;PT AKEZ Djaja Investama;Jakarta;Full time;https://www.jobstreet.co.id/job/77776215
06-Aug-24 01:45;Scrum Master;PT BCI CENTRAL INDONESIA;South Jakarta;Full time;https://www.jobstreet.co.id/job/77883289
02-Aug-24 08:30;DevOps Engineer (Internship);PT iZeno Teknologi Indonesia;South Jakarta;Full time;https://www.jobstreet.co.id/job/77814953
01-Aug-24 07:19;FullStack Developer;PT Esha Parama Teknologi;Jakarta;Full time;https://www.jobstreet.co.id/job/77781737
01-Aug-24 03:26;Backend Developer (PHP/Golang) + DevOps;PT Lentera Bangsa Benderang;South Jakarta;Contract/Temp;https://www.jobstreet.co.id/job/77771894
07-Aug-24 02:06;Cloud Engineer;PT Multipolar Technology Tbk;South Jakarta;Full time;https://www.jobstreet.co.id/job/77916684
05-Aug-24 02:46;System Engineer;PT EMS Paramitra;East Jakarta;Full time;https://www.jobstreet.co.id/job/77853632
02-Aug-24 07:51;Integration Engineer, Orchestration team;PT Solusi Transportasi Indonesia;South Jakarta;Full time;https://www.jobstreet.co.id/job/77816708
07-Aug-24 07:31;Solution Architect Salesforce;PT Shaft Consulting Services;Jakarta;Contract/Temp;https://www.jobstreet.co.id/job/77928535
06-Aug-24 08:34;Linux Engineer;PT Bajau Escorindo;South Jakarta;Full time;https://www.jobstreet.co.id/job/77900123
02-Aug-24 09:33;Cloud Architect;PT Esha Parama Teknologi;Jakarta;Full time;https://www.jobstreet.co.id/job/77817573
02-Aug-24 04:21;Backend Engineer (Node.js);PT Nomura Research Institute Indonesia;Jakarta;Contract/Temp;https://www.jobstreet.co.id/job/77804848
06-Aug-24 08:48;IT Engineer;PT Megaspeed International Indonesia;Cikarang;Full time;https://www.jobstreet.co.id/job/77900516
01-Aug-24 04:54;IT System Engineer;PT. Berca Hardayaperkasa;Central Jakarta;Contract/Temp;https://www.jobstreet.co.id/job/77776262
02-Aug-24 07:12;DevSecOps Engineer;PT Esha Parama Teknologi;Jakarta;Full time;https://www.jobstreet.co.id/job/77812914
05-Aug-24 03:12;IT Strategy Consultant;PT. KARYA EKOSISTEM DIGITAL;Jakarta;Contract/Temp;https://www.jobstreet.co.id/job/77782740
05-Aug-24 08:04;WEB PROGRAMMER;Suhartono Tjokro Grup;Surabaya;Full time;https://www.jobstreet.co.id/job/77865988
01-Aug-24 06:28;Senior Software Developer;Healthway Medical Group;Jakarta;Full time;https://www.jobstreet.co.id/job/77779303
06-Aug-24 06:10;Storage Engineer;PT. Berca Hardayaperkasa;Central Jakarta;Contract/Temp;https://www.jobstreet.co.id/job/77894237
06-Aug-24 09:30;SPECIALIST DATABASE (Temenos);PT. PLANA NETWORKS INDONESIA;South Jakarta;Full time;https://www.jobstreet.co.id/job/77901466
02-Aug-24 08:19;System Engineer - Server & Storage;PT Net One Asia;South Jakarta;Contract/Temp;https://www.jobstreet.co.id/job/77814721
01-Aug-24 09:16;IT Administrator with AWS or GCP Experience;PT Atreus Global;Jakarta;Full time;https://www.jobstreet.co.id/job/77784681
31-Jul-24 07:15;Senior Software Developer;Private Advertiser;Bandung;Full time;https://www.jobstreet.co.id/job/77747111
01-Aug-24 00:30;Backend Software Engineer (Accommodation);PT Trinusa Travelindo;Jakarta;Full time;https://www.jobstreet.co.id/job/77775371
06-Aug-24 03:22;Data Engineer (Azure Data Brick);PT Sigma Cipta Utama;South Jakarta;Full time;https://www.jobstreet.co.id/job/77886938
05-Aug-24 01:47;NOC System Administrator;PT SatNetCom;Balikpapan;Full time;https://www.jobstreet.co.id/job/77851408
31-Jul-24 04:38;Full Stack Software Engineer - Ruby on Rails;Luce Maintenance Group;Jakarta;Full time;https://www.jobstreet.co.id/job/77741364
30-Jul-24 17:13;Senior Software Engineer Backend - Lending;PT Solusi Transportasi Indonesia;Jakarta;Full time;https://www.jobstreet.co.id/job/77728452
02-Aug-24 08:04;Server Engineer;PT Netmarks Indonesia;North Jakarta;Contract/Temp;https://www.jobstreet.co.id/job/77814350
30-Jul-24 17:13;Software Engineer, Backend - Lending;PT Solusi Transportasi Indonesia;Jakarta;Full time;https://www.jobstreet.co.id/job/77728446
05-Aug-24 07:39;Infrastructure Engineer ~ Project Manager (cloud and security);PT. PERSOLKELLY Recruitment Indonesia;Jakarta;Full time;https://www.jobstreet.co.id/job/77865311
05-Aug-24 03:55;IT Network and Data Center Administrator;Private Advertiser;Tangerang;Full time;https://www.jobstreet.co.id/job/77856377
01-Aug-24 07:44;System Engineer;PT Prima Integrasi Network;Jakarta;Full time;https://www.jobstreet.co.id/job/77782376
01-Aug-24 19:13;Senior Software Engineer, Fullstack - Lending;PT Solusi Transportasi Indonesia;Jakarta;Full time;https://www.jobstreet.co.id/job/77793744
02-Aug-24 08:47;IT Infrastructure Project Manager;PT Netmarks Indonesia;North Jakarta;Contract/Temp;https://www.jobstreet.co.id/job/77815419
31-Jul-24 04:58;Senior .NET Engineer with AWS Knowledge;PT CreateIT Solution Indonesia;Tangerang;Contract/Temp;https://www.jobstreet.co.id/job/77741875
01-Aug-24 04:36;Application Support Engineer (JBoss/Apache Tomcat, Web Server);PT Infinitium Solutions;Central Jakarta;Full time;https://www.jobstreet.co.id/job/77775788
30-Jul-24 17:13;Lead Software Engineer, Backend - Lending;PT Solusi Transportasi Indonesia;Jakarta;Full time;https://www.jobstreet.co.id/job/77728438
02-Aug-24 03:03;IT - Server;Smile Consulting Indonesia;West Jakarta;Full time;https://www.jobstreet.co.id/job/77811123
01-Aug-24 02:26;DevSecOps;Cobek Bakar Mindut Gendut;South Tangerang;Full time;https://www.jobstreet.co.id/job/77779824
05-Aug-24 07:59;Senior DevOps Engineer;PT Lunaria Annua Teknologi (KoinWorks);Jakarta;Full time;https://www.jobstreet.co.id/job/77895818
31-Jul-24 22:47;DevOps Engineer;PT Cerdas Digital Nusantara;Yogyakarta;Full time;https://www.jobstreet.co.id/job/77775214
06-Aug-24 05:39;System Engineer (Yogyakarta);Privy ID;Yogyakarta;Full time;https://www.jobstreet.co.id/job/77909457
06-Aug-24 05:27;Technical Deputy Head;Snaphunt;Jakarta;Full time;https://www.jobstreet.co.id/job/77908627
