listing_date;title;company;location;work_type;link
06-Aug-24 09:54;Front-End Developer;PT Nusantara Sejahtera Raya Tbk (Cinema XXI);Central Jakarta;Full time;https://www.jobstreet.co.id/job/77903035
07-Aug-24 04:52;Frontend Developer;PT XSIS MITRA UTAMA - Recruitment Center;Jakarta;Full time;https://www.jobstreet.co.id/job/77923383
04-Aug-24 11:59;Front End Developer - (Fresh Graduate Program);Sagara Technology Group;Jakarta;Full time;https://www.jobstreet.co.id/job/77857048
04-Aug-24 04:50;Front End Developer - (Fresh Graduate Internship Program);Sagara Technology Group;Jakarta;Full time;https://www.jobstreet.co.id/job/77856954
06-Aug-24 05:33;Programmer Back End Dan Front End;PT DIBUILTADI TEKNOLOGI KREATIF;Semarang;Full time;https://www.jobstreet.co.id/job/77774331
05-Aug-24 04:54;Front End Engineer;PT Valortek Ratanika Utama;Jakarta;Full time;https://www.jobstreet.co.id/job/77860029
02-Aug-24 04:22;Frontend Engineer (React);PT Nomura Research Institute Indonesia;Central Jakarta;Contract/Temp;https://www.jobstreet.co.id/job/77804913
04-Aug-24 12:02;Associate Front End Engineer;Sagara Technology Group;Jakarta;Full time;https://www.jobstreet.co.id/job/77909393
04-Aug-24 04:45;Associate Front End Engineer;Sagara Technology Group;Jakarta;Full time;https://www.jobstreet.co.id/job/77845885
02-Aug-24 02:31;Front End Developer Executive;PT Niaga Nusa Abadi;East Jakarta;Full time;https://www.jobstreet.co.id/job/77800074
31-Jul-24 08:35;Front-End Developer;NominaGames;Tangerang;Full time;https://www.jobstreet.co.id/job/77749429
07-Aug-24 04:56;Web Developer;Progress Group;North Jakarta;Full time;https://www.jobstreet.co.id/job/77923494
05-Aug-24 06:08;Web Developer / Web Programmer;PT VISI TEGUH KREATIF (VISTEK);Bandung;Full time;https://www.jobstreet.co.id/job/77862311
30-Jul-24 17:03;Frontend Engineer;PT. Dukung Gerak Digital;Medan;Full time;https://www.jobstreet.co.id/job/77724025
06-Aug-24 06:49;IT Staff (Web Developer);PT Tirtakencana Tatawarna (Head Office);Surabaya;Full time;https://www.jobstreet.co.id/job/77897297
05-Aug-24 08:04;WEB PROGRAMMER;Suhartono Tjokro Grup;Surabaya;Full time;https://www.jobstreet.co.id/job/77865988
05-Aug-24 08:40;Senior Frontend/Backend Developer (2+ Years Experience);PT. KMS KONSULTASI SOLUSI;Yogyakarta Special Region;Full time;https://www.jobstreet.co.id/job/77866722
31-Jul-24 03:11;Fullstack Developer (Front-end/Back-end);PT Berca Mandiri Perkasa;Central Jakarta;Full time;https://www.jobstreet.co.id/job/77737697
07-Aug-24 06:52;Fullstact Developer;PT. MGIndotech;South Tangerang;Full time;https://www.jobstreet.co.id/job/77927381
05-Aug-24 01:29;Web Developer;PT Jasa Medika Transmedic sebagai rekruter RSUD Sumedang;West Java;Full time;https://www.jobstreet.co.id/job/77857205
05-Aug-24 01:29;Web Developer;PT Jasa Medika Transmedic sebagai rekruter RS dr. Cipto Mangunkusumo (RSCM);Central Jakarta;Full time;https://www.jobstreet.co.id/job/77856644
06-Aug-24 06:27;Full-Stack Developer;PT. Internet Madju Abad Milenindo;Badung;Full time;https://www.jobstreet.co.id/job/77901647
05-Aug-24 02:32;React Full Stack Developer;PT IFCA Property365 Indonesia;South Jakarta;Full time;https://www.jobstreet.co.id/job/77853133
03-Aug-24 07:00;Website Developer;PT. Deus Digital Transformasi Universal;Surabaya;Full time;https://www.jobstreet.co.id/job/77836246
05-Aug-24 01:53;SPV/STAFF IT WEB DEVELOPER;PT APTI ADHI ANANTA;Tangerang;Full time;https://www.jobstreet.co.id/job/77851607
02-Aug-24 10:33;Web Programmer;PT Pratama Cipta Lestarindo;North Jakarta;Full time;https://www.jobstreet.co.id/job/77821850
02-Aug-24 10:15;Website Developer;Private Advertiser;Bandung;Contract/Temp;https://www.jobstreet.co.id/job/77821151
05-Aug-24 01:28;Full Stack Developper;PT Jasa Medika Transmedic;Bandung;Full time;https://www.jobstreet.co.id/job/77857435
31-Jul-24 08:15;Web Developer;Youtap Indonesia;Jakarta;Contract/Temp;https://www.jobstreet.co.id/job/77757828
03-Aug-24 01:00;Software Engineer (Web) - Accommodation;PT Trinusa Travelindo;Jakarta;Full time;https://www.jobstreet.co.id/job/77836769
02-Aug-24 08:44;IT Programmer / Web Developer;PT Binabusana Internusa;Central Jakarta;Full time;https://www.jobstreet.co.id/job/77815382
03-Aug-24 12:02;WordPress Developer;PT. Bintang Jaya Unggul Sentosa;North Jakarta;Full time;https://www.jobstreet.co.id/job/77838877
06-Aug-24 10:43;Programmer;PT. Media Grup Internasional;Central Kalimantan;Full time;https://www.jobstreet.co.id/job/77905765
02-Aug-24 03:46;Web Developer Staff;PT Sree Logistics Indonesia;South Jakarta;Full time;https://www.jobstreet.co.id/job/77803672
06-Aug-24 04:40;Senior Full Stack Web Developer;PT. Gree Electric Appliances Indonesia;North Jakarta;Full time;https://www.jobstreet.co.id/job/77891451
05-Aug-24 13:27;Senior Full Stack Web Developer;PT YUKK Kreasi Indonesia;Tangerang;Full time;https://www.jobstreet.co.id/job/77877389
06-Aug-24 09:49;Senior Fullstack Developer;PT Sentra Vidya Utama;Surabaya;Full time;https://www.jobstreet.co.id/job/77902622
05-Aug-24 02:59;Full Stack Programmer;Next Vibes;Bandung;Full time;https://www.jobstreet.co.id/job/77854202
02-Aug-24 07:34;Web Developer;PT. Jasa Medika Transmedic sebagai rekruter RSUD dr. Chasbullah Abdulmadjid;West Java;Full time;https://www.jobstreet.co.id/job/77816661
05-Aug-24 03:09;Programmer Web Base & Mobile;PT. Dwida Jaya Tama;Bogor;Full time;https://www.jobstreet.co.id/job/77854633
05-Aug-24 02:23;Full Programmer;PT Gunatronikatama Cipta (GASI);South Jakarta;Contract/Temp;https://www.jobstreet.co.id/job/77852857
05-Aug-24 02:18;Associate Programmer;PT Gunatronikatama Cipta (GASI);South Jakarta;Contract/Temp;https://www.jobstreet.co.id/job/77852684
01-Aug-24 05:47;Webflow Developer;Rav Rai Personal Real Estate Corporation;Jakarta;Contract/Temp;https://www.jobstreet.co.id/job/77724042
04-Aug-24 09:00;Senior full stack developer;Ventura Stays;Bali;Full time;https://www.jobstreet.co.id/job/77844486
07-Aug-24 03:09;IT Developer - Alam Sutera;PT Gogomedia Visindo;South Tangerang;Full time;https://www.jobstreet.co.id/job/77919145
01-Aug-24 07:36;Programmer;Associe.co.id;Lamongan;Full time;https://www.jobstreet.co.id/job/77802126
03-Aug-24 01:00;Software Engineer - Web;PT Trinusa Travelindo;Jakarta;Full time;https://www.jobstreet.co.id/job/77836929
05-Aug-24 03:10;IT Programmer;Private Advertiser;Surabaya;Full time;https://www.jobstreet.co.id/job/77854660
01-Aug-24 09:37;IT Programmer;PT.Medika Husada;Karawang;Full time;https://www.jobstreet.co.id/job/77785049
02-Aug-24 06:32;Fullstack Web Developer;PT Integrasi Logistik Cipta Solusi;Jakarta;Contract/Temp;https://www.jobstreet.co.id/job/77810736
06-Aug-24 07:37;Senior Bubble IO Developer;PT. Bali Staff Solution;Denpasar;Full time;https://www.jobstreet.co.id/job/77898798
07-Aug-24 06:37;Fullstack Developer;PT Bumi Amartha Teknologi Mandiri;Central Jakarta;Contract/Temp;https://www.jobstreet.co.id/job/77926920
05-Aug-24 06:50;Backend Programmer;PT Wira Lahana Sukses;Batam;Contract/Temp;https://www.jobstreet.co.id/job/77863783
05-Aug-24 04:08;IT System Developer;PT Plaza Auto Prima;South Jakarta;Full time;https://www.jobstreet.co.id/job/77858027
05-Aug-24 07:36;Middleware Developer / Integration Engineer;PT Integrasi Logistik Cipta Solusi;North Jakarta;Contract/Temp;https://www.jobstreet.co.id/job/77865221
04-Aug-24 02:10;Fullstack Developer;PT Indoglobal Nusa Persada;Yogyakarta;Full time;https://www.jobstreet.co.id/job/77842463
01-Aug-24 03:54;Fullstack Mobile & Web Developer;PT XManagement Mandiri Group;Bandung;Full time;https://www.jobstreet.co.id/job/77773209
02-Aug-24 05:17;Bubble Developer;a Snaphyre Client;Jakarta;Full time;https://www.jobstreet.co.id/job/77825049
01-Aug-24 03:54;Full Stack Developer;PT Darya Varia Laboratoria, Tbk;South Jakarta;Full time;https://www.jobstreet.co.id/job/77773370
02-Aug-24 04:22;Frontend Engineer (Flutter);PT Nomura Research Institute Indonesia;Central Jakarta;Contract/Temp;https://www.jobstreet.co.id/job/77804912
02-Aug-24 05:23;Bubble Developer;Snaphunt;Jakarta;Full time;https://www.jobstreet.co.id/job/77825045
01-Aug-24 09:00;System Developer - Tribun Network;Kompas Gramedia - KG Media;Jakarta;Full time;https://www.jobstreet.co.id/job/77811078
05-Aug-24 14:05;Java Developer;PT Vanz Inovatif Teknologi;Jakarta;Contract/Temp;https://www.jobstreet.co.id/job/77875093
02-Aug-24 04:14;IT Development;PT. Grinviro Biotekno Indonesia;Tangerang;Full time;https://www.jobstreet.co.id/job/77804575
02-Aug-24 06:28;Web Engineer (for MCM);PT Merah Cipta Media;West Jakarta;Full time;https://www.jobstreet.co.id/job/77809909
05-Aug-24 08:26;Programmer Staff;PT Yamazaki Indonesia;Cikarang;Full time;https://www.jobstreet.co.id/job/77866481
03-Aug-24 02:35;Full Stack Software Engineer;CV Profecta Perdana;Palembang;Full time;https://www.jobstreet.co.id/job/77833649
02-Aug-24 08:12;Senior Fullstack Developer;PT Redbuzz Mediatama;West Jakarta;Contract/Temp;https://www.jobstreet.co.id/job/77814552
31-Jul-24 09:41;IT BackEnd / FrontEnd Staff;PT Serba Mulia Auto;North Jakarta;Full time;https://www.jobstreet.co.id/job/77751186
01-Aug-24 11:07;Senior Fullstack Developer - BANKING Company;PT. SIGMA GLOBAL TEKNOLOGI (SIGMATECH);Jakarta;Contract/Temp;https://www.jobstreet.co.id/job/77810860
31-Jul-24 04:52;Fullstack Developer (Payment Getaway);PT Abadi Sejahtera Finansindo;Tangerang;Full time;https://www.jobstreet.co.id/job/77741739
01-Aug-24 02:20;IT Developer;PT MNC Asuransi Indonesia;Central Jakarta;Contract/Temp;https://www.jobstreet.co.id/job/77768999
02-Aug-24 10:09;Staff IT (Jaringan & Full Stack Developer);PT.ANYAR RETAIL INDONESIA (RKM, ABM, Triwarna, Lantai & Dinding) Rancaekek;Bandung Regency;Full time;https://www.jobstreet.co.id/job/77823762
05-Aug-24 08:21;Programmer;Indofood Group;South Jakarta;Full time;https://www.jobstreet.co.id/job/77874328
02-Aug-24 09:23;Python Developer (Web Scraping);PT BCI CENTRAL INDONESIA;South Jakarta;Full time;https://www.jobstreet.co.id/job/77816755
31-Jul-24 00:28;Full Stack Developer;PT. Amalura Multi Dimensi;South Jakarta;Contract/Temp;https://www.jobstreet.co.id/job/77732767
31-Jul-24 06:09;Shopify Developer;Aright Consulting Sdn Bhd;North Jakarta;Full time;https://www.jobstreet.co.id/job/77743957
01-Aug-24 07:19;FullStack Developer;PT Esha Parama Teknologi;Jakarta;Full time;https://www.jobstreet.co.id/job/77781737
05-Aug-24 07:19;PROGRAMER LARAVEL;MAXXIMUM;Cimahi;Full time;https://www.jobstreet.co.id/job/77877384
06-Aug-24 11:19;Mobile Programmer React Native;PT ADYA KAZA WISATA;Tangerang;Full time;https://www.jobstreet.co.id/job/77904402
31-Jul-24 03:59;Full Stack Developer;PT Ketrosden Triasmitra;East Jakarta;Full time;https://www.jobstreet.co.id/job/77740159
31-Jul-24 04:17;Senior Fullstack Developer;PT. Padepokan Tujuh Sembilan;Jakarta;Full time;https://www.jobstreet.co.id/job/77740731
05-Aug-24 03:26;PROGRAMMER IT;PT. Malindo Intitama raya;Malang Regency;Full time;https://www.jobstreet.co.id/job/77871732
31-Jul-24 08:52;Staff Programmer;Seven Smarts Indonesia;Boyolali;Contract/Temp;https://www.jobstreet.co.id/job/77775545
01-Aug-24 14:52;Junior Flutter Developer;PT Kode Gama Teknologi;South Jakarta;Full time;https://www.jobstreet.co.id/job/77789731
05-Aug-24 03:22;ODOO DEVELOPER;PT IGP Internasional;Yogyakarta Special Region;Contract/Temp;https://www.jobstreet.co.id/job/77855121
01-Aug-24 04:55;Programmer;PT AKEZ Djaja Investama;Jakarta;Full time;https://www.jobstreet.co.id/job/77776310
05-Aug-24 05:45;Senior Ionic Mobile Developer - Lombok / Bali;TabLogs;West Lombok;Full time;https://www.jobstreet.co.id/job/77861278
31-Jul-24 07:15;Senior Software Developer;Private Advertiser;Bandung;Full time;https://www.jobstreet.co.id/job/77747111
31-Jul-24 01:34;IT Programmer;LOG IN MEGASTORE;Bandung;Full time;https://www.jobstreet.co.id/job/77738954
01-Aug-24 04:19;Backend Developer;Universitas Siber Asia;South Jakarta;Full time;https://www.jobstreet.co.id/job/77802032
31-Jul-24 08:13;Golang Developer;PT Adi Data Informatika;Jakarta;Contract/Temp;https://www.jobstreet.co.id/job/77748976
