listing_date;title;company;location;work_type;link
07-Aug-24 07:32;IT Auditor;Lembaga Pembiayaan Ekspor Indonesia (Indonesia Eximbank);South Jakarta;Full time;https://www.jobstreet.co.id/job/77928588
01-Aug-24 10:49;IT Governance Manager (Automotive Distribution);Private Advertiser;South Jakarta;Full time;https://www.jobstreet.co.id/job/77787985
07-Aug-24 03:17;Internal Audit;PT Chailease Finance Indonesia;Jakarta;Full time;https://www.jobstreet.co.id/job/77919422
31-Jul-24 05:59;IT RISK MANAGEMENT & COMPLIENCE;PT Karya Solusi Prima Sejahtera;Tangerang;Full time;https://www.jobstreet.co.id/job/77743574
01-Aug-24 06:01;Junior IT Consultant;PT. Vostra Internasional;Jakarta;Full time;https://www.jobstreet.co.id/job/77778338
07-Aug-24 03:41;IT MANAGER;PT Secom Indonesia;South Jakarta;Contract/Temp;https://www.jobstreet.co.id/job/77920523
05-Aug-24 03:12;IT Strategy Consultant;PT. KARYA EKOSISTEM DIGITAL;Jakarta;Contract/Temp;https://www.jobstreet.co.id/job/77782740
05-Aug-24 08:24;IT Support and Compliance;PT Duta Intiguna Yasa (MR DIY);Jakarta;Full time;https://www.jobstreet.co.id/job/77866436
01-Aug-24 04:45;IT Cyber Security Manager;PT Mandala Multifinance, Tbk;Central Jakarta;Full time;https://www.jobstreet.co.id/job/77776017
05-Aug-24 08:59;Enterprise Risk Analyst;PT Mandala Multifinance, Tbk;Central Jakarta;Full time;https://www.jobstreet.co.id/job/77867235
07-Aug-24 01:41;IT Security Sr. Engineer;PT ANDALAN SERVICE PERSADA;South Jakarta;Full time;https://www.jobstreet.co.id/job/77915707
06-Aug-24 05:37;Risk Reporting Manager;PT Kredit Pintar Indonesia;South Jakarta;Full time;https://www.jobstreet.co.id/job/77892973
07-Aug-24 04:04;L2 Datacomm Engineer;PT Metrocom Global Solusi;Jakarta;Full time;https://www.jobstreet.co.id/job/77921563
06-Aug-24 02:40;IT Assistant Manager;Stanford Teknologi Indonesia;Central Jakarta;Full time;https://www.jobstreet.co.id/job/77885258
02-Aug-24 03:07;Operational Technology Engineer;PT TDK ELECTRONICS INDONESIA;Batam;Full time;https://www.jobstreet.co.id/job/77801501
31-Jul-24 04:08;ICT Administration Staff;PT Maybank Indonesia Finance;Jakarta;Contract/Temp;https://www.jobstreet.co.id/job/77740484
02-Aug-24 00:10;Quality Assurance Analyst (Risk Management) - Regional Kalimantan;PT Amartha Mikro Fintek (Jakarta);Banjarmasin;Full time;https://www.jobstreet.co.id/job/77823939
01-Aug-24 09:52;Compliance Officer (Mandarin Speaker);PT ZTE Indonesia;South Jakarta;Full time;https://www.jobstreet.co.id/job/77785362
01-Aug-24 06:04;FCC Control Operations Analyst - Indonesia;Standard Chartered Bank;Jakarta;Full time;https://www.jobstreet.co.id/job/77778459
02-Aug-24 09:05;IT Change & Availability Management;PT Bumi Amartha Teknologi Mandiri;Central Jakarta;Contract/Temp;https://www.jobstreet.co.id/job/77816217
31-Jul-24 00:00;Oracle Functional Analyst;PT Trinusa Travelindo;Jakarta;Full time;https://www.jobstreet.co.id/job/77738582
02-Aug-24 02:19;Corporate & Commercial Credit Risk Reviewer;PT Bank JTrust Indonesia, Tbk;Central Jakarta;Full time;https://www.jobstreet.co.id/job/77799676
01-Aug-24 10:48;Quality Assurance Analyst (Risk Management) - Regional Bali-Nusa Tenggara;PT Amartha Mikro Fintek (Jakarta);Denpasar;Full time;https://www.jobstreet.co.id/job/77793713
07-Aug-24 00:53;IT GRC (Governance, Risk, and Compliance) Manager;Engio;Jakarta;Full time;https://www.jobstreet.co.id/job/77921298
05-Aug-24 12:00;Trade Finance Operations Staff;PT BNP Paribas Investment Partners;Jakarta;Full time;https://www.jobstreet.co.id/job/77906967
06-Aug-24 05:27;Technical Deputy Head;Snaphunt;Jakarta;Full time;https://www.jobstreet.co.id/job/77908627
05-Aug-24 03:20;Information Security Specialist;PT Qiscus Tekno Indonesia;Yogyakarta;Full time;https://www.jobstreet.co.id/job/77877439
06-Aug-24 03:27;Technical Deputy Head;IlmuOne Data;Jakarta;Full time;https://www.jobstreet.co.id/job/77909445
