listing_date;title;company;location;work_type;link
06-Aug-24 09:56;IT SYSTEM ANALYST;PT The Master Steel MFc;Central Jakarta;Contract/Temp;https://www.jobstreet.co.id/job/77903177
05-Aug-24 07:39;Business Analyst (6 Months Contract);PT Japfa Comfeed Indonesia, Tbk;South Jakarta;Contract/Temp;https://www.jobstreet.co.id/job/77865298
06-Aug-24 03:58;Business Analyst;Yayasan Bina Nusantara;West Jakarta;Full time;https://www.jobstreet.co.id/job/77890054
05-Aug-24 10:23;IT System Requirement Analyst (JS - IT SRA);OTO Group;South Jakarta;Full time;https://www.jobstreet.co.id/job/77871872
07-Aug-24 06:42;IT Project Manager (Software);PT Hitachi eBworx Indonesia;Central Jakarta;Full time;https://www.jobstreet.co.id/job/77927059
01-Aug-24 16:25;IT Business Analyst Enablement Specialist;PT Tunas Ridean;South Jakarta;Full time;https://www.jobstreet.co.id/job/77790651
07-Aug-24 03:41;Business Analyst;P.T. DIFINI TEKNOLOGI;Jakarta;Full time;https://www.jobstreet.co.id/job/77920475
31-Jul-24 07:41;Business Analyst PSAK71;PT Asta Protek Jiarsi;Tangerang;Full time;https://www.jobstreet.co.id/job/77748252
01-Aug-24 09:54;Business Analyst;PT Esha Parama Teknologi;Jakarta;Full time;https://www.jobstreet.co.id/job/77785543
01-Aug-24 09:35;IT Business Analyst;PT Harsana Eklinika Reforma;Jakarta;Full time;https://www.jobstreet.co.id/job/77785013
01-Aug-24 02:09;IT PM Business Analyst;PT Insura Media Solusi (Jakarta);Jakarta;Full time;https://www.jobstreet.co.id/job/77768652
06-Aug-24 09:14;Procurement Category Analyst (IT & Office Consumable);PT SMART,Tbk;Jakarta;Full time;https://www.jobstreet.co.id/job/77901132
06-Aug-24 02:41;Oracle Functional;Dexa Group;Tangerang;Full time;https://www.jobstreet.co.id/job/77885302
06-Aug-24 01:45;Scrum Master;PT BCI CENTRAL INDONESIA;South Jakarta;Full time;https://www.jobstreet.co.id/job/77883289
05-Aug-24 04:01;IT Project Manager;PT Nawa Data Solutions;Jakarta;Contract/Temp;https://www.jobstreet.co.id/job/77856988
06-Aug-24 04:30;IT Project Manager;Ciputra Group;South Jakarta;Full time;https://www.jobstreet.co.id/job/77891172
01-Aug-24 11:03;IT Product Delivery;MSIG Life Insurance Indonesia Tbk;South Jakarta;Full time;https://www.jobstreet.co.id/job/77788081
06-Aug-24 04:53;System Analyst - IT Consulting (A-109667);RGF HR Agent Indonesia;South Jakarta;Full time;https://www.jobstreet.co.id/job/77891800
07-Aug-24 03:32;IT Project Manager;PT. Metrocomjaddi Technology;North Jakarta;Contract/Temp;https://www.jobstreet.co.id/job/77920055
06-Aug-24 08:20;System Analyst;Geekhunter;Jakarta;Full time;https://www.jobstreet.co.id/job/77899932
07-Aug-24 02:43;System Analyst;PT Mitra Solusi Telematika;South Jakarta;Full time;https://www.jobstreet.co.id/job/77917958
05-Aug-24 09:14;Staff IT System Analyst;Kisel (Koperasi Telekomunikasi Selular);South Jakarta;Full time;https://www.jobstreet.co.id/job/77867723
01-Aug-24 10:23;IT Project Analyst Lead;PT Ako Media Asia;West Jakarta;Contract/Temp;https://www.jobstreet.co.id/job/77787704
02-Aug-24 04:24;Business System Analyst;PT Kamoro Maxima Integra;West Jakarta;Full time;https://www.jobstreet.co.id/job/77804961
01-Aug-24 07:30;Junior Business Analyst;PT MYPRO SOLUSINDO INFORMATIKA;Jakarta;Full time;https://www.jobstreet.co.id/job/77782041
06-Aug-24 05:59;System Analyst;PT Lawencon Internasional;South Jakarta;Full time;https://www.jobstreet.co.id/job/77893786
02-Aug-24 04:21;Professional Product Owner;PT Nomura Research Institute Indonesia;Jakarta;Contract/Temp;https://www.jobstreet.co.id/job/77804896
01-Aug-24 08:35;Business Analyst Manager;PT Tigaraksa Satria, Tbk;South Jakarta;Full time;https://www.jobstreet.co.id/job/77783469
06-Aug-24 04:48;Project Manager - IT Consulting (A-109666);RGF HR Agent Indonesia;South Jakarta;Full time;https://www.jobstreet.co.id/job/77891682
31-Jul-24 08:18;IT PMO Analyst XL Axiata;PT Multi Bangun Abadi;South Jakarta;Contract/Temp;https://www.jobstreet.co.id/job/77749089
05-Aug-24 03:47;IT Project Manager (Japanese Speaker);PT Gaweku Human Technology (Gaweku);Jakarta;Full time;https://www.jobstreet.co.id/job/77856057
05-Aug-24 02:05;Strategic Business Consultant ( IT & Data Center );PT. HUBBRI TEKNOTAMA NUSANTARA;West Jakarta;Part time;https://www.jobstreet.co.id/job/77852156
31-Jul-24 03:25;Business Analyst;PT Swadaya Karya Sentosa;East Jakarta;Full time;https://www.jobstreet.co.id/job/77738161
01-Aug-24 09:26;System Analyst;PT Caraka Komunika Indonesia;South Jakarta;Full time;https://www.jobstreet.co.id/job/77784860
01-Aug-24 08:34;IT Project Management Support Section Head;Yayasan Bina Nusantara;Jakarta;Full time;https://www.jobstreet.co.id/job/77783454
01-Aug-24 08:21;System Analyst;Yayasan Bina Nusantara;West Jakarta;Full time;https://www.jobstreet.co.id/job/77783196
02-Aug-24 08:47;IT Infrastructure Project Manager;PT Netmarks Indonesia;North Jakarta;Contract/Temp;https://www.jobstreet.co.id/job/77815419
01-Aug-24 10:30;IT Project Delivery;PT Asuransi Jiwa Manulife Indonesia (Dept PB Danamon);Jakarta;Full time;https://www.jobstreet.co.id/job/77796433
02-Aug-24 09:05;IT Change & Availability Management;PT Bumi Amartha Teknologi Mandiri;Central Jakarta;Contract/Temp;https://www.jobstreet.co.id/job/77816217
31-Jul-24 04:26;IT Product Specialist;PT Global Jet Express;North Jakarta;Contract/Temp;https://www.jobstreet.co.id/job/77741036
01-Aug-24 07:11;IT Tribe Leader;MSIG Life Insurance Indonesia Tbk;South Jakarta;Full time;https://www.jobstreet.co.id/job/77781582
02-Aug-24 10:00;Software Analyst;PT SBG Solusi Bisnis;Batam;Full time;https://www.jobstreet.co.id/job/77819370
07-Aug-24 07:47;Product Owner;Geekhunter;Jakarta;Full time;https://www.jobstreet.co.id/job/77928947
01-Aug-24 07:05;Associate Product Owner;PT Lentera Bangsa Benderang;Central Jakarta;Contract/Temp;https://www.jobstreet.co.id/job/77781403
07-Aug-24 02:48;E-Gov Project Manager;CV Kabayan Consulting;Bandung;Full time;https://www.jobstreet.co.id/job/77918158
06-Aug-24 04:27;System Implementor;Ciputra Group;West Jakarta;Full time;https://www.jobstreet.co.id/job/77891082
02-Aug-24 05:41;Product Owner;VIA.com;Central Jakarta;Full time;https://www.jobstreet.co.id/job/77807208
02-Aug-24 03:35;Implementation and Functional Section Head;Karunia Prima Nastari (KPN CORP.);South Jakarta;Full time;https://www.jobstreet.co.id/job/77803157
31-Jul-24 09:53;MANAGER IT;PT Teguh Murni Perdana;Tangerang;Full time;https://www.jobstreet.co.id/job/77751870
01-Aug-24 07:19;IT STRATEGIC PLANNING & INFORMATION;PT Pesta Pora Abadi;Malang;Full time;https://www.jobstreet.co.id/job/77781771
05-Aug-24 04:20;Project Manager;PT Walden Global Services;Bandung;Full time;https://www.jobstreet.co.id/job/77859021
05-Aug-24 03:12;IT Strategy Consultant;PT. KARYA EKOSISTEM DIGITAL;Jakarta;Contract/Temp;https://www.jobstreet.co.id/job/77782740
06-Aug-24 02:30;IT Deputy Manager;Private Advertiser;Karawang;Full time;https://www.jobstreet.co.id/job/77884893
02-Aug-24 10:40;Project Manager;PT Metrocom Global Solusi;Jakarta;Full time;https://www.jobstreet.co.id/job/77821945
02-Aug-24 09:50;IT Project Manager Officer (PMO);PT Prawathiya Karsa Pradipta;Bekasi;Full time;https://www.jobstreet.co.id/job/77818817
06-Aug-24 01:17;Senior Consultant - Technology Strategy and Transformation - ID;Deloitte;Jakarta;Full time;https://www.jobstreet.co.id/job/77889785
01-Aug-24 02:33;Asisten IT Manager;PT. K-LINK INDONESIA;South Jakarta;Full time;https://www.jobstreet.co.id/job/77769453
02-Aug-24 08:29;IT Manager;PT. Innolab Sains Internasional;East Jakarta;Full time;https://www.jobstreet.co.id/job/77814989
31-Jul-24 00:00;Senior Product Analyst - Platform;PT Trinusa Travelindo;Jakarta;Full time;https://www.jobstreet.co.id/job/77739535
01-Aug-24 08:28;Head of Software Solutions;Yayasan Bina Nusantara;West Jakarta;Full time;https://www.jobstreet.co.id/job/77783332
07-Aug-24 00:53;IT Business Analyst/Quality Assurance (BA/QA) Manager;Engio;Jakarta;Full time;https://www.jobstreet.co.id/job/77921370
06-Aug-24 02:56;System Analyst;PT Graha Karya Informasi;Jakarta;Contract/Temp;https://www.jobstreet.co.id/job/77894625
04-Aug-24 10:10;IT Project Delivery;Manulife and John Hancock;Jakarta;Full time;https://www.jobstreet.co.id/job/77846027
06-Aug-24 04:11;IT Project Management Officer;PT Solusi Pembayaran Elektronik;Tangerang;Full time;https://www.jobstreet.co.id/job/77909470
