listing_date;title;company;location;work_type;link
05-Aug-24 06:44;IT Operation (Asst. Manager);PT MNC Guna Usaha Indonesia (Jakarta);Central Jakarta;Full time;https://www.jobstreet.co.id/job/77860744
01-Aug-24 09:06;IT Data Center Operation Executive;PT Niaga Nusa Abadi;East Jakarta;Full time;https://www.jobstreet.co.id/job/77783974
05-Aug-24 08:49;IT Operation ( IT Support, IT Network, IT Security );PT. Asuransi Umum BCA;Jakarta;Full time;https://www.jobstreet.co.id/job/77866996
07-Aug-24 09:15;System Administrator/SysAdmin;PT Indonesia Satu Tujuh;South Jakarta;Full time;https://www.jobstreet.co.id/job/77930850
07-Aug-24 03:41;IT MANAGER;PT Secom Indonesia;South Jakarta;Contract/Temp;https://www.jobstreet.co.id/job/77920523
06-Aug-24 02:30;IT Deputy Manager;Private Advertiser;Karawang;Full time;https://www.jobstreet.co.id/job/77884893
01-Aug-24 04:08;Alibaba Data Center-Operations Engineer;TITANICOM TECH LIMITED;Jakarta;Full time;https://www.jobstreet.co.id/job/77774091
07-Aug-24 07:52;SPV IT Support;PT. DUA PULUH TIGA;Bandung;Full time;https://www.jobstreet.co.id/job/77929106
02-Aug-24 10:37;IT Coordinator;PT Sodexo Sinergi Indonesia;South Jakarta;Full time;https://www.jobstreet.co.id/job/77821899
06-Aug-24 07:36;IT MANAGER;PT PCI Elektronik Internasional;Batam;Full time;https://www.jobstreet.co.id/job/77898745
02-Aug-24 08:29;IT Manager;PT. Innolab Sains Internasional;East Jakarta;Full time;https://www.jobstreet.co.id/job/77814989
05-Aug-24 04:12;Technical Support Manager (SaaS & IoT);Cartrack;Jakarta;Full time;https://www.jobstreet.co.id/job/77858417
05-Aug-24 03:12;IT Strategy Consultant;PT. KARYA EKOSISTEM DIGITAL;Jakarta;Contract/Temp;https://www.jobstreet.co.id/job/77782740
07-Aug-24 04:51;Cloud Engineer Officer;Agung Sedayu Group;North Jakarta;Full time;https://www.jobstreet.co.id/job/77923363
02-Aug-24 09:05;IT Change & Availability Management;PT Bumi Amartha Teknologi Mandiri;Central Jakarta;Contract/Temp;https://www.jobstreet.co.id/job/77816217
07-Aug-24 03:08;Data Center Management Engineer;PT SGMW Motor Indonesia;Cikarang;Full time;https://www.jobstreet.co.id/job/77919091
05-Aug-24 08:24;IT Support and Compliance;PT Duta Intiguna Yasa (MR DIY);Jakarta;Full time;https://www.jobstreet.co.id/job/77866436
05-Aug-24 09:43;IP Core & ISP Senior Engineer;PT Link Net;South Jakarta;Full time;https://www.jobstreet.co.id/job/77868748
07-Aug-24 02:54;Network Support & Service Management Engineer;PT SGMW Motor Indonesia;Cikarang;Full time;https://www.jobstreet.co.id/job/77918332
31-Jul-24 08:02;IT Security staff - Rental - Karawang (A-109467);RGF HR Agent Indonesia;Karawang;Full time;https://www.jobstreet.co.id/job/77748757
01-Aug-24 11:15;HRIS Manager;Paramount Enterprise;Banten;Full time;https://www.jobstreet.co.id/job/77788161
07-Aug-24 01:23;ICT Network Infrastructure and Security Supervisor;PT Merdeka Tsingshan Indonesia;Morowali;Full time;https://www.jobstreet.co.id/job/77915185
31-Jul-24 07:32;IT Manager;PT Indovisual Presentatama;North Jakarta;Full time;https://www.jobstreet.co.id/job/77748027
06-Aug-24 08:48;IT Engineer;PT Megaspeed International Indonesia;Cikarang;Full time;https://www.jobstreet.co.id/job/77900516
01-Aug-24 16:25;IT Business Analyst Enablement Specialist;PT Tunas Ridean;South Jakarta;Full time;https://www.jobstreet.co.id/job/77790651
01-Aug-24 04:54;IT System Engineer;PT. Berca Hardayaperkasa;Central Jakarta;Contract/Temp;https://www.jobstreet.co.id/job/77776262
02-Aug-24 09:17;Head of IT (Semarang, Manufacturing Industry);Links international;Semarang;Full time;https://www.jobstreet.co.id/job/77816533
31-Jul-24 07:52;IT Officer;PT Deli Group Indonesia;North Jakarta;Full time;https://www.jobstreet.co.id/job/77748129
07-Aug-24 05:00;IT Network & Server Supervisor;PT Global Indonesia Asia Sejahtera;North Jakarta;Full time;https://www.jobstreet.co.id/job/77923589
05-Aug-24 04:01;IT Project Manager;PT Nawa Data Solutions;Jakarta;Contract/Temp;https://www.jobstreet.co.id/job/77856988
06-Aug-24 06:10;Storage Engineer;PT. Berca Hardayaperkasa;Central Jakarta;Contract/Temp;https://www.jobstreet.co.id/job/77894237
01-Aug-24 09:44;IT Network Supervisor;PT Niaga Nusa Abadi;East Jakarta;Full time;https://www.jobstreet.co.id/job/77785164
07-Aug-24 03:32;IT Project Manager;PT. Metrocomjaddi Technology;North Jakarta;Contract/Temp;https://www.jobstreet.co.id/job/77920055
31-Jul-24 10:07;IT Product Specialist (Mandarin Speaker);PT Global Jet Cargo;North Jakarta;Full time;https://www.jobstreet.co.id/job/77752437
07-Aug-24 06:35;IT Support;MAZABUTA GROUP;Surabaya;Contract/Temp;https://www.jobstreet.co.id/job/77926825
06-Aug-24 08:52;IT Manager Support;CV Pesta Pangan Abadi;Sukoharjo;Contract/Temp;https://www.jobstreet.co.id/job/77900621
01-Aug-24 02:16;Junior IT Engineer Team (CODE: ITE);PT Uangel Indonesia;South Jakarta;Contract/Temp;https://www.jobstreet.co.id/job/77768894
05-Aug-24 06:45;IT Database Administrator;PT Akulaku Silvrr Indonesia;Jakarta;Full time;https://www.jobstreet.co.id/job/77863593
06-Aug-24 07:37;Senior Bubble IO Developer;PT. Bali Staff Solution;Denpasar;Full time;https://www.jobstreet.co.id/job/77898798
06-Aug-24 09:30;SPECIALIST DATABASE (Temenos);PT. PLANA NETWORKS INDONESIA;South Jakarta;Full time;https://www.jobstreet.co.id/job/77901466
07-Aug-24 08:10;SYSTEM ADMINISTRATOR;PT Graha Layar Prima;South Jakarta;Full time;https://www.jobstreet.co.id/job/77929549
06-Aug-24 08:57;Infrastructure Engineer;PT Megaspeed International Indonesia;Cikarang;Full time;https://www.jobstreet.co.id/job/77900746
01-Aug-24 09:57;TikTok Operations Mandarin Speaker - ORAIMO (Gadget Accessories);PT Carlcare Service Ila;West Jakarta;Full time;https://www.jobstreet.co.id/job/77785883
02-Aug-24 01:47;Network Engineer;LightsUp Network Solution Sdn Bhd;South Jakarta;Full time;https://www.jobstreet.co.id/job/77798579
06-Aug-24 09:14;Procurement Category Analyst (IT & Office Consumable);PT SMART,Tbk;Jakarta;Full time;https://www.jobstreet.co.id/job/77901132
02-Aug-24 03:07;Operational Technology Engineer;PT TDK ELECTRONICS INDONESIA;Batam;Full time;https://www.jobstreet.co.id/job/77801501
05-Aug-24 03:55;IT Network and Data Center Administrator;Private Advertiser;Tangerang;Full time;https://www.jobstreet.co.id/job/77856377
01-Aug-24 07:51;Anti Fraud Manager;PT Kredit Pintar Indonesia;South Jakarta;Full time;https://www.jobstreet.co.id/job/77782558
31-Jul-24 00:00;Oracle Functional Analyst;PT Trinusa Travelindo;Jakarta;Full time;https://www.jobstreet.co.id/job/77738582
05-Aug-24 02:46;System Engineer;PT EMS Paramitra;East Jakarta;Full time;https://www.jobstreet.co.id/job/77853632
05-Aug-24 01:47;NOC System Administrator;PT SatNetCom;Balikpapan;Full time;https://www.jobstreet.co.id/job/77851408
02-Aug-24 08:47;IT Infrastructure Project Manager;PT Netmarks Indonesia;North Jakarta;Contract/Temp;https://www.jobstreet.co.id/job/77815419
02-Aug-24 08:19;System Engineer - Server & Storage;PT Net One Asia;South Jakarta;Contract/Temp;https://www.jobstreet.co.id/job/77814721
05-Aug-24 02:31;System Administrator;PT Cyberquote Indonesia;Surabaya;Contract/Temp;https://www.jobstreet.co.id/job/77852912
05-Aug-24 07:39;Infrastructure Engineer ~ Project Manager (cloud and security);PT. PERSOLKELLY Recruitment Indonesia;Jakarta;Full time;https://www.jobstreet.co.id/job/77865311
05-Aug-24 02:59;IT Solution Specialist;PT Sinergi Wahana Gemilang;Jakarta;Contract/Temp;https://www.jobstreet.co.id/job/77853972
01-Aug-24 09:16;IT Administrator with AWS or GCP Experience;PT Atreus Global;Jakarta;Full time;https://www.jobstreet.co.id/job/77784681
02-Aug-24 01:42;IT Support Specialist - ID;Deloitte Consulting SEA;Central Jakarta;Full time;https://www.jobstreet.co.id/job/77798434
01-Aug-24 10:49;IT Governance Manager (Automotive Distribution);Private Advertiser;South Jakarta;Full time;https://www.jobstreet.co.id/job/77787985
02-Aug-24 03:35;Supervisor IT;PT Airkon Pratama;East Kalimantan;Contract/Temp;https://www.jobstreet.co.id/job/77803148
02-Aug-24 10:57;SAP Support Manager;PT Mitra Solusi Telematika;South Jakarta;Full time;https://www.jobstreet.co.id/job/77822109
01-Aug-24 04:14;Desktop Engineer;Teleperformance;Surakarta;Contract/Temp;https://www.jobstreet.co.id/job/77774393
01-Aug-24 04:11;Desktop Engineer;Teleperformance;Bali;Contract/Temp;https://www.jobstreet.co.id/job/77774261
02-Aug-24 04:50;IT Officer;PT Surya Jalur Anugerah;Jakarta;Full time;https://www.jobstreet.co.id/job/77805774
01-Aug-24 06:04;FCC Control Operations Analyst - Indonesia;Standard Chartered Bank;Jakarta;Full time;https://www.jobstreet.co.id/job/77778459
31-Jul-24 09:53;MANAGER IT;PT Teguh Murni Perdana;Tangerang;Full time;https://www.jobstreet.co.id/job/77751870
01-Aug-24 07:55;IT Application & SAP Support;Erajaya Group;West Jakarta;Full time;https://www.jobstreet.co.id/job/77782640
01-Aug-24 04:45;IT Cyber Security Manager;PT Mandala Multifinance, Tbk;Central Jakarta;Full time;https://www.jobstreet.co.id/job/77776017
02-Aug-24 09:43;IT Support Specialist - ID;Deloitte;Jakarta;Full time;https://www.jobstreet.co.id/job/77824260
31-Jul-24 02:48;IT System Staff;PT DCI Indonesia, Tbk;Bekasi;Full time;https://www.jobstreet.co.id/job/77736642
02-Aug-24 07:51;Integration Engineer, Orchestration team;PT Solusi Transportasi Indonesia;South Jakarta;Full time;https://www.jobstreet.co.id/job/77816708
01-Aug-24 02:33;Asisten IT Manager;PT. K-LINK INDONESIA;South Jakarta;Full time;https://www.jobstreet.co.id/job/77769453
31-Jul-24 07:50;Operational Support;PT. Sapta Visi Dinamika;Surabaya;Full time;https://www.jobstreet.co.id/job/77748462
01-Aug-24 06:01;Junior IT Consultant;PT. Vostra Internasional;Jakarta;Full time;https://www.jobstreet.co.id/job/77778338
01-Aug-24 03:44;IT Supervisor Network Manager Teknisi Komputer;Private Advertiser;Surabaya;Full time;https://www.jobstreet.co.id/job/77772828
01-Aug-24 08:34;IT Project Management Support Section Head;Yayasan Bina Nusantara;Jakarta;Full time;https://www.jobstreet.co.id/job/77783454
01-Aug-24 07:44;System Engineer;PT Prima Integrasi Network;Jakarta;Full time;https://www.jobstreet.co.id/job/77782376
01-Aug-24 09:35;IT Business Analyst;PT Harsana Eklinika Reforma;Jakarta;Full time;https://www.jobstreet.co.id/job/77785013
31-Jul-24 10:21;Project Manager;PT Ninety Nine Dotco;Jakarta;Contract/Temp;https://www.jobstreet.co.id/job/77754957
06-Aug-24 02:07;Operations & Deployment Officer;PT Widya Inovasi Indonesia;Yogyakarta;Full time;https://www.jobstreet.co.id/job/77894798
07-Aug-24 00:53;IT GRC (Governance, Risk, and Compliance) Manager;Engio;Jakarta;Full time;https://www.jobstreet.co.id/job/77921298
06-Aug-24 06:40;Shopee Mitra, Sales Operations;Shopee Internasional Indonesia;Jakarta;Full time;https://www.jobstreet.co.id/job/77901701
06-Aug-24 06:29;Network Operation Center;PT. Internet Madju Abad Milenindo;Badung;Full time;https://www.jobstreet.co.id/job/77901897
02-Aug-24 10:59;Network Operations Center Engineer (Marketplace) - Sea Labs;PT Seah Precision Metal Indonesia;Jakarta;Full time;https://www.jobstreet.co.id/job/77824119
01-Aug-24 05:30;Associate Managed Services Operations Specialist;PT NTT Indonesia;Jakarta;Full time;https://www.jobstreet.co.id/job/77790126
31-Jul-24 10:56;Security Operations Engineer;Modalku;Jakarta;Full time;https://www.jobstreet.co.id/job/77759629
30-Jul-24 14:10;Security Operations Manager;British American Tobacco Indonesia;Malang;Full time;https://www.jobstreet.co.id/job/77724371
05-Aug-24 06:44;IT Incindent Engineer L2;PT Allo Bank Indonesia, Tbk;Jakarta;Full time;https://www.jobstreet.co.id/job/77877402
31-Jul-24 22:47;DevOps Engineer;PT Cerdas Digital Nusantara;Yogyakarta;Full time;https://www.jobstreet.co.id/job/77775214
04-Aug-24 14:30;Project Controller Tower Maintenance;Company Confidential;Jakarta;Full time;https://www.jobstreet.co.id/job/77846022
