listing_date;title;company;location;work_type;link
05-Aug-24 04:12;Technical Support Manager (SaaS & IoT);Cartrack;Jakarta;Full time;https://www.jobstreet.co.id/job/77858417
07-Aug-24 03:41;IT MANAGER;PT Secom Indonesia;South Jakarta;Contract/Temp;https://www.jobstreet.co.id/job/77920523
07-Aug-24 07:13;IT Software - Technical Manager;PT Hitachi eBworx Indonesia;Central Jakarta;Full time;https://www.jobstreet.co.id/job/77927950
06-Aug-24 07:36;IT MANAGER;PT PCI Elektronik Internasional;Batam;Full time;https://www.jobstreet.co.id/job/77898745
07-Aug-24 06:42;IT Project Manager (Software);PT Hitachi eBworx Indonesia;Central Jakarta;Full time;https://www.jobstreet.co.id/job/77927059
06-Aug-24 02:30;IT Deputy Manager;Private Advertiser;Karawang;Full time;https://www.jobstreet.co.id/job/77884893
07-Aug-24 01:52;Business Acquisition Manager - Indonesia;Standard Chartered Bank;Jakarta;Full time;https://www.jobstreet.co.id/job/77916189
06-Aug-24 04:30;IT Project Manager;Ciputra Group;South Jakarta;Full time;https://www.jobstreet.co.id/job/77891172
06-Aug-24 09:14;Procurement Category Analyst (IT & Office Consumable);PT SMART,Tbk;Jakarta;Full time;https://www.jobstreet.co.id/job/77901132
05-Aug-24 06:44;IT Operation (Asst. Manager);PT MNC Guna Usaha Indonesia (Jakarta);Central Jakarta;Full time;https://www.jobstreet.co.id/job/77860744
05-Aug-24 04:01;IT Project Manager;PT Nawa Data Solutions;Jakarta;Contract/Temp;https://www.jobstreet.co.id/job/77856988
31-Jul-24 07:32;IT Manager;PT Indovisual Presentatama;North Jakarta;Full time;https://www.jobstreet.co.id/job/77748027
07-Aug-24 01:58;IT Developer Manager;Orang Tua Group;West Jakarta;Full time;https://www.jobstreet.co.id/job/77916400
06-Aug-24 13:55;Consultant - SAP MM - ID;Deloitte;Jakarta;Full time;https://www.jobstreet.co.id/job/77906966
07-Aug-24 03:32;IT Project Manager;PT. Metrocomjaddi Technology;North Jakarta;Contract/Temp;https://www.jobstreet.co.id/job/77920055
06-Aug-24 08:52;IT Manager Support;CV Pesta Pangan Abadi;Sukoharjo;Contract/Temp;https://www.jobstreet.co.id/job/77900621
06-Aug-24 06:29;SAP Technical Consultant Trainee;Hand International Pte. Ltd.;Central Jakarta;Contract/Temp;https://www.jobstreet.co.id/job/77895932
06-Aug-24 02:40;IT Assistant Manager;Stanford Teknologi Indonesia;Central Jakarta;Full time;https://www.jobstreet.co.id/job/77885258
02-Aug-24 08:47;IT Infrastructure Project Manager;PT Netmarks Indonesia;North Jakarta;Contract/Temp;https://www.jobstreet.co.id/job/77815419
06-Aug-24 04:48;Project Manager - IT Consulting (A-109666);RGF HR Agent Indonesia;South Jakarta;Full time;https://www.jobstreet.co.id/job/77891682
07-Aug-24 06:35;IT Support;MAZABUTA GROUP;Surabaya;Contract/Temp;https://www.jobstreet.co.id/job/77926825
05-Aug-24 03:47;IT Project Manager (Japanese Speaker);PT Gaweku Human Technology (Gaweku);Jakarta;Full time;https://www.jobstreet.co.id/job/77856057
02-Aug-24 03:35;Implementation and Functional Section Head;Karunia Prima Nastari (KPN CORP.);South Jakarta;Full time;https://www.jobstreet.co.id/job/77803157
05-Aug-24 02:05;Strategic Business Consultant ( IT & Data Center );PT. HUBBRI TEKNOTAMA NUSANTARA;West Jakarta;Part time;https://www.jobstreet.co.id/job/77852156
06-Aug-24 01:17;Senior Consultant - Technology Strategy and Transformation - ID;Deloitte;Jakarta;Full time;https://www.jobstreet.co.id/job/77889785
02-Aug-24 01:42;IT Support Specialist - ID;Deloitte Consulting SEA;Central Jakarta;Full time;https://www.jobstreet.co.id/job/77798434
02-Aug-24 09:43;IT Support Specialist - ID;Deloitte;Jakarta;Full time;https://www.jobstreet.co.id/job/77824260
06-Aug-24 03:00;IT Senior Staff (AEON MALL Tanjung Barat);PT Aeon Mall Indonesia;South Jakarta;Full time;https://www.jobstreet.co.id/job/77886186
01-Aug-24 08:34;IT Project Management Support Section Head;Yayasan Bina Nusantara;Jakarta;Full time;https://www.jobstreet.co.id/job/77783454
02-Aug-24 08:29;IT Manager;PT. Innolab Sains Internasional;East Jakarta;Full time;https://www.jobstreet.co.id/job/77814989
02-Aug-24 09:17;Head of IT (Semarang, Manufacturing Industry);Links international;Semarang;Full time;https://www.jobstreet.co.id/job/77816533
05-Aug-24 08:49;IT Operation ( IT Support, IT Network, IT Security );PT. Asuransi Umum BCA;Jakarta;Full time;https://www.jobstreet.co.id/job/77866996
01-Aug-24 08:28;Head of Software Solutions;Yayasan Bina Nusantara;West Jakarta;Full time;https://www.jobstreet.co.id/job/77783332
02-Aug-24 07:21;IT Senior Products Trainer - SaaS (A-108959);RGF HR Agent Indonesia;South Jakarta;Full time;https://www.jobstreet.co.id/job/77813248
01-Aug-24 04:45;IT Cyber Security Manager;PT Mandala Multifinance, Tbk;Central Jakarta;Full time;https://www.jobstreet.co.id/job/77776017
02-Aug-24 10:56;SAP Delivery Manager;PT Mitra Solusi Telematika;South Jakarta;Full time;https://www.jobstreet.co.id/job/77822103
02-Aug-24 10:37;IT Coordinator;PT Sodexo Sinergi Indonesia;South Jakarta;Full time;https://www.jobstreet.co.id/job/77821899
01-Aug-24 09:16;IT Administrator with AWS or GCP Experience;PT Atreus Global;Jakarta;Full time;https://www.jobstreet.co.id/job/77784681
02-Aug-24 10:40;Project Manager;PT Metrocom Global Solusi;Jakarta;Full time;https://www.jobstreet.co.id/job/77821945
02-Aug-24 04:50;IT Officer;PT Surya Jalur Anugerah;Jakarta;Full time;https://www.jobstreet.co.id/job/77805774
01-Aug-24 02:09;IT PM Business Analyst;PT Insura Media Solusi (Jakarta);Jakarta;Full time;https://www.jobstreet.co.id/job/77768652
01-Aug-24 10:49;IT Governance Manager (Automotive Distribution);Private Advertiser;South Jakarta;Full time;https://www.jobstreet.co.id/job/77787985
01-Aug-24 07:11;IT Tribe Leader;MSIG Life Insurance Indonesia Tbk;South Jakarta;Full time;https://www.jobstreet.co.id/job/77781582
01-Aug-24 10:23;IT Project Analyst Lead;PT Ako Media Asia;West Jakarta;Contract/Temp;https://www.jobstreet.co.id/job/77787704
01-Aug-24 10:30;IT Project Delivery;PT Asuransi Jiwa Manulife Indonesia (Dept PB Danamon);Jakarta;Full time;https://www.jobstreet.co.id/job/77796433
02-Aug-24 09:05;IT Change & Availability Management;PT Bumi Amartha Teknologi Mandiri;Central Jakarta;Contract/Temp;https://www.jobstreet.co.id/job/77816217
02-Aug-24 03:35;Supervisor IT;PT Airkon Pratama;East Kalimantan;Contract/Temp;https://www.jobstreet.co.id/job/77803148
01-Aug-24 03:44;IT Supervisor Network Manager Teknisi Komputer;Private Advertiser;Surabaya;Full time;https://www.jobstreet.co.id/job/77772828
01-Aug-24 09:35;IT Business Analyst;PT Harsana Eklinika Reforma;Jakarta;Full time;https://www.jobstreet.co.id/job/77785013
31-Jul-24 06:37;IT Consultant;PT Lensung Technology Indonesia;West Jakarta;Full time;https://www.jobstreet.co.id/job/77651721
31-Jul-24 04:17;Project Lead;Elite Asia;Jakarta;Full time;https://www.jobstreet.co.id/job/77740735
30-Jul-24 14:10;Security Operations Manager;British American Tobacco Indonesia;Malang;Full time;https://www.jobstreet.co.id/job/77724371
06-Aug-24 05:27;Technical Deputy Head;Snaphunt;Jakarta;Full time;https://www.jobstreet.co.id/job/77908627
06-Aug-24 05:27;Account Manager (Client Head Solutions);Snaphunt;Jakarta;Full time;https://www.jobstreet.co.id/job/77908582
06-Aug-24 03:27;Technical Deputy Head;IlmuOne Data;Jakarta;Full time;https://www.jobstreet.co.id/job/77909445
06-Aug-24 03:35;Account Manager (Client Head Solutions);IlmuOne Data;Jakarta;Full time;https://www.jobstreet.co.id/job/77909377
04-Aug-24 10:10;IT Project Delivery;Manulife and John Hancock;Jakarta;Full time;https://www.jobstreet.co.id/job/77846027
05-Aug-24 06:44;IT Incindent Engineer L2;PT Allo Bank Indonesia, Tbk;Jakarta;Full time;https://www.jobstreet.co.id/job/77877402
31-Jul-24 02:31;Head of Data Science � Visa Consulting & Analytics, Indonesia;Company Confidential;Jakarta;Full time;https://www.jobstreet.co.id/job/77746242
