listing_date;title;company;location;work_type;link
02-Aug-24 16:18;Product Account Manager (Mining Industry);PT Mitra Solusi Telematika;Jakarta Selatan;fullTime;https://dealls.com/loker/product-account-manager-mining-industry~pt-mitra-solusi-telematika
29-Jul-24 06:27;Assistant Product Manager (Mandarin Speaker);PT Indonesia Fintopia Technology (Easycash);Jakarta Selatan;fullTime;https://dealls.com/loker/assistant-product-manager-mandarin-speaker~pt-indonesia-fintipia-technology-easycash
14-Mar-24 02:06;Assistant Product Manager ( Air conditioner product specialist);PT Gree Electric Appliances Indonesia;Jakarta;fullTime;https://dealls.com/loker/assistant-to-product-manager~pt-gree-electric-appliances-indonesia
19-Jul-24 10:04;Product Manager;Mamikos;N/A;fullTime;https://dealls.com/loker/product-manager-68~mamikos-1
20-May-24 08:16;Regulatory Affairs & Product Compliance Manager;MR. DIY Indonesia;Jakarta;fullTime;https://dealls.com/loker/regulatory-affairs-and-product-compliance~mr-diy-indonesia
06-May-24 01:18;Product Manager;Astra Financial;Jakarta;fullTime;https://dealls.com/loker/product-manager-55~astra-financial
15-May-24 08:09;Product Manager;Flip;Jakarta;fullTime;https://dealls.com/loker/product-manager-57~flip
01-Aug-24 02:04;Product Manager Intern;Astra Financial;Jakarta;internship;https://dealls.com/loker/product-manager-intern-3~astra-financial
10-Jul-23 06:24;Product Manager;Halodoc;Jakarta Selatan;fullTime;https://dealls.com/loker/product-manager-33~halodoc
01-Feb-24 00:27;Product Manager;ASTRO;N/A;fullTime;https://dealls.com/loker/product-manager-45~astro
14-Jun-24 03:21;Product Manager (Mandarin Speaker);Akulaku Indonesia;Jakarta Pusat;fullTime;https://dealls.com/loker/product-manager-mandarin-speaker~akulaku-indonesia
29-Jul-24 07:11;Production Planner Manager;PT. Mirael Natural Indonesia;Bogor Regency;fullTime;https://dealls.com/loker/production-planner-manager~pt-mirael-natural-indonesia
01-Sep-22 06:15;Product Manager;Privy;Yogyakarta;fullTime;https://dealls.com/loker/product-manager-17~privy
31-May-24 06:53;Product Manager;Jakmall.com;Jakarta Barat;fullTime;https://dealls.com/loker/product-manager-62~jakmallcom
24-Jun-24 09:46;Product Manager;PT Kita Tanami Indonesia (Kitani);Jakarta Selatan;fullTime;https://dealls.com/loker/product-manager-64~pt-kita-tanami-indonesai-kitani
19-Jul-24 03:49;Associate Product Manager;Gravel;Jakarta;fullTime;https://dealls.com/loker/associate-product-manager-14~gravel
05-Jan-24 09:22;Product Marketing Manager;PT Sisindokom Lintasbuana;Jakarta;fullTime;https://dealls.com/loker/product-manager-43~pt-sisindokom-lintasbuana
17-Jan-24 04:48;Intern Product Manager;PT Kita Tanami Indonesia (Kitani);Jakarta Selatan;internship;https://dealls.com/loker/intern-product-manager~pt-kita-tanami-indonesai-kitani
