listing_date;title;company;location;work_type;link
07-Aug-24 06:49;Quality Assurance Supervisor;Kalbe Nutritionals (PT Sanghiang Perkasa);Karawang Regency;fullTime;https://dealls.com/loker/quality-assurance-supervisor~kalbe-nutritionals-pt-sanghiang-perkasa
05-Aug-24 02:25;Quality Assurance (QA) Tester;Murni Development Indonesia;Jakarta Barat;fullTime;https://dealls.com/loker/quality-assurance-qa-tester-12~murni-development-indonesia
05-Feb-24 08:24;IT Quality Assurance (QA - Automation);PT Mega Central Finance (MCF);Jakarta;fullTime;https://dealls.com/loker/it-quality-assurance-automation-1~pt-mega-central-finance-mcf
16-Jul-24 14:52;Quality Assurance Engineer Intern (Talent Pool);SIRCLO;Tangerang;internship;https://dealls.com/loker/quality-assurance-engineer-intern~sirclo
01-Aug-24 07:41;Software Quality Assurance;PT Bank Digital BCA (BCA Digital);Jakarta Selatan;fullTime;https://dealls.com/loker/software-quality-assurance-5~pt-bank-digital-bca-bca
11-Jun-24 10:50;Quality Assurance (QA) Engineer;Wings Group Indonesia (Sayap Mas Utama);Jakarta Timur;fullTime;https://dealls.com/loker/quality-assurance-qa-engineer-22~wings-group-indonesia-sayap-mas-utama
08-Jul-22 11:38;IT Lead Quality Assurance;Bank Sahabat Sampoerna;Jakarta Selatan;fullTime;https://dealls.com/loker/it-lead-quality-assurance~bank-sahabat-sampoerna
18-Jul-24 11:51;Quality Assurance (QA) Engineer;Ayoconnect;Jakarta Selatan;fullTime;https://dealls.com/loker/quality-assurance-qa-engineer-24~ayoconnect
17-Jul-24 07:58;IT Quality Assurance Analyst;PT TOYOTA ASTRA FINANCIAL SERVICES;Jakarta;fullTime;https://dealls.com/loker/it-quality-assurance-analyst~pt-toyota-astra-financial-services
31-Jul-24 02:32;Quality Assurance (QA) Inspector;Mafaza Performa;Bandung;fullTime;https://dealls.com/loker/quality-assurance-qa-inspector~mafaza-performa
16-Jan-24 07:52;Quality Assurance (Tester Automation);PT Metrodata Electronics Tbk.;Jakarta Barat;contract;https://dealls.com/loker/quality-assurance-qa-tester-7~pt-metrodata-electronics-tbk
08-Jul-24 09:46;Intern Quality Assurance;PT Kita Tanami Indonesia (Kitani);Jakarta Selatan;internship;https://dealls.com/loker/intern-quality-assurance~pt-kita-tanami-indonesai-kitani
10-Jul-24 08:45;Quality Assurance Automation;PT. Mandiri International Technology;Jakarta Selatan;contract;https://dealls.com/loker/quality-assurance-automation-1~pt-mandiri-international-technology
25-Apr-24 07:54;Quality Assurance Engineer;Akulaku Indonesia;Jakarta Pusat;fullTime;https://dealls.com/loker/quality-assurance-engineer-1~akulaku-indonesia
15-Jan-24 02:34;Quality Assurance;Jakmall.com;Jakarta Barat;fullTime;https://dealls.com/loker/quality-assurance-5~jakmallcom
10-Jul-24 08:47;Quality Assurance (QA) Tester;PT. Mandiri International Technology;Jakarta Selatan;contract;https://dealls.com/loker/quality-assurance-qa-tester-11~pt-mandiri-international-technology
17-May-23 11:31;Senior Quality Assurance Engineer;JULO;Jakarta Selatan;fullTime;https://dealls.com/loker/senior-quality-assurance-engineer~julo
18-Mar-24 07:54;Quality Assurance (QA) Tester;Digisign.id;Jakarta Pusat;fullTime;https://dealls.com/loker/quality-assurance-qa-tester-8~digisignid
