listing_date;title;company;location;work_type;link
06-Aug-24 01:30;Quality Assurance - B2B;PT Trinusa Travelindo;Jakarta;Full time;https://www.jobstreet.co.id/job/77894998
07-Aug-24 04:23;IT Software Quality Assurance (SQA);PT Sinar Jernih Suksesindo;Jakarta;Contract/Temp;https://www.jobstreet.co.id/job/77922398
07-Aug-24 06:50;Software Quality Assurance Tester;PT. MGIndotech;South Tangerang;Full time;https://www.jobstreet.co.id/job/77927334
07-Aug-24 04:32;Quality Control Staff;PT. Kredit Utama Fintech Indonesia;Central Jakarta;Full time;https://www.jobstreet.co.id/job/77922715
06-Aug-24 04:27;IT Quality Assurance Supervisor;Ciputra Group;South Jakarta;Full time;https://www.jobstreet.co.id/job/77891055
03-Aug-24 03:31;BUSINESS PROCESS IMPROVEMENT & COMPLIANCE SUPERVISOR;PT GADAI JADI BERKAH;Tangerang;Full time;https://www.jobstreet.co.id/job/77834575
31-Jul-24 03:44;Quality Assurance;PT. Padepokan Tujuh Sembilan;Jakarta;Full time;https://www.jobstreet.co.id/job/77739477
06-Aug-24 11:11;Senior Microservices Engineer (Full Remote);DevStack;Bandung;Full time;https://www.jobstreet.co.id/job/77904355
05-Aug-24 07:11;Branch Operational Quality Assurance/Process Improvement KoinWorks Bank;PT Lunaria Annua Teknologi (KoinWorks);South Tangerang;Full time;https://www.jobstreet.co.id/job/77864466
05-Aug-24 03:10;SOFTWARE TESTER;PT Kartika Sinar Mulia;Bandung;Contract/Temp;https://www.jobstreet.co.id/job/77854671
07-Aug-24 06:42;IT Project Manager (Software);PT Hitachi eBworx Indonesia;Central Jakarta;Full time;https://www.jobstreet.co.id/job/77927059
07-Aug-24 07:13;IT Software - Technical Manager;PT Hitachi eBworx Indonesia;Central Jakarta;Full time;https://www.jobstreet.co.id/job/77927950
31-Jul-24 02:22;Quality Assurance;PT Swadaya Karya Sentosa;East Jakarta;Full time;https://www.jobstreet.co.id/job/77735948
06-Aug-24 01:30;Quality Assurance Engineer - Corporate Travel;PT Trinusa Travelindo;Jakarta;Full time;https://www.jobstreet.co.id/job/77894968
01-Aug-24 06:08;Quality Assurance [QA] and Testing for Web App Development;Blueondigo;North Jakarta;Full time;https://www.jobstreet.co.id/job/77778538
06-Aug-24 02:41;Oracle Functional;Dexa Group;Tangerang;Full time;https://www.jobstreet.co.id/job/77885302
06-Aug-24 07:44;QA ENGINEER;PT PCI Elektronik Internasional;Batam;Full time;https://www.jobstreet.co.id/job/77899005
06-Aug-24 01:45;Scrum Master;PT BCI CENTRAL INDONESIA;South Jakarta;Full time;https://www.jobstreet.co.id/job/77883289
31-Jul-24 04:46;Unity Software Developer for Simulation Training solutions;PT Revo Solusindo;West Jakarta;Contract/Temp;https://www.jobstreet.co.id/job/77741511
01-Aug-24 10:48;Quality Assurance Analyst (Risk Management) - Regional Bali-Nusa Tenggara;PT Amartha Mikro Fintek (Jakarta);Denpasar;Full time;https://www.jobstreet.co.id/job/77793713
05-Aug-24 04:38;QA Automation (Penempatan: Solo, Jawa Tengah);PT Buana Varia Komputama;Surakarta;Full time;https://www.jobstreet.co.id/job/77859566
05-Aug-24 10:09;Project Manager;PT. Cipta Optima Manunggal;South Jakarta;Full time;https://www.jobstreet.co.id/job/77870914
06-Aug-24 07:38;LEAD QUALITY ENGINEER;PT PCI Elektronik Internasional;Batam;Full time;https://www.jobstreet.co.id/job/77898840
02-Aug-24 00:10;Quality Assurance Analyst (Risk Management) - Regional Kalimantan;PT Amartha Mikro Fintek (Jakarta);Banjarmasin;Full time;https://www.jobstreet.co.id/job/77823939
05-Aug-24 09:10;SDET Lead Katalon (Software Development Engineer in Test Lead);PT. Wide Technologies Indonesia;South Jakarta;Full time;https://www.jobstreet.co.id/job/77867670
02-Aug-24 04:21;Test Engineer;PT Nomura Research Institute Indonesia;Jakarta;Contract/Temp;https://www.jobstreet.co.id/job/77804879
31-Jul-24 10:53;Quality Assurance (QA) Software;PT Inovasi Adiwarna Raya;Surabaya;Full time;https://www.jobstreet.co.id/job/77753545
06-Aug-24 09:21;Supervisor Compliance;PT Alkonost Aviasi Indonesia;South Jakarta;Full time;https://www.jobstreet.co.id/job/77901278
31-Jul-24 08:55;Software Quality Assurance Tester;Rolling Glory - Creative Digital Enabler;Bandung;Full time;https://www.jobstreet.co.id/job/77749865
01-Aug-24 03:58;Quality Analyst;Teleperformance;Bali;Contract/Temp;https://www.jobstreet.co.id/job/77773625
07-Aug-24 07:59;Research dan Development ( Khusus Roti );PT. XINWANG FOOD INDONESIA;Sukoharjo;Full time;https://www.jobstreet.co.id/job/77929277
01-Aug-24 19:13;Senior QA Engineer;PT Solusi Transportasi Indonesia;Jakarta;Full time;https://www.jobstreet.co.id/job/77793805
07-Aug-24 03:41;IT Staff;PT Satu Bumi;Bantul Regency;Full time;https://www.jobstreet.co.id/job/77920476
31-Jul-24 07:41;Business Analyst PSAK71;PT Asta Protek Jiarsi;Tangerang;Full time;https://www.jobstreet.co.id/job/77748252
31-Jul-24 04:09;Process Improvement Officer;Danone Indonesia;East Jakarta;Contract/Temp;https://www.jobstreet.co.id/job/77740508
07-Aug-24 03:17;Internal Audit;PT Chailease Finance Indonesia;Jakarta;Full time;https://www.jobstreet.co.id/job/77919422
07-Aug-24 03:27;Research and Development Officer;PT. Coastal Grand Villas;Bali;Contract/Temp;https://www.jobstreet.co.id/job/77919824
06-Aug-24 11:06;Appraisal - SME (Bali);PT Moladin Digital Indonesia;Denpasar;Full time;https://www.jobstreet.co.id/job/77904325
07-Aug-24 02:06;Head of Business Control;PT Dian Swastatika Sentosa, Tbk;Central Jakarta;Full time;https://www.jobstreet.co.id/job/77916678
07-Aug-24 07:47;Product Owner;Geekhunter;Jakarta;Full time;https://www.jobstreet.co.id/job/77928947
07-Aug-24 09:22;Senior SFDC Development Engineer;PT Sistem Elektronika Asia;Central Jakarta;Contract/Temp;https://www.jobstreet.co.id/job/77930960
02-Aug-24 05:41;Product Owner;VIA.com;Central Jakarta;Full time;https://www.jobstreet.co.id/job/77807208
06-Aug-24 04:18;PRODUCT OPERATIONS ANALYST;PT. GARIS PERTAMA SOLUSI;South Jakarta;Contract/Temp;https://www.jobstreet.co.id/job/77890739
06-Aug-24 03:47;Software Engineer;PT Intimedika Puspa Indaj;North Jakarta;Full time;https://www.jobstreet.co.id/job/77889330
06-Aug-24 01:30;Experienced Backend Software Engineer - Travel Activities;PT Trinusa Travelindo;Jakarta;Full time;https://www.jobstreet.co.id/job/77894783
01-Aug-24 08:34;IT Project Management Support Section Head;Yayasan Bina Nusantara;Jakarta;Full time;https://www.jobstreet.co.id/job/77783454
06-Aug-24 01:30;Experienced Backend Software Engineer - Travel Activities (Open);PT Trinusa Travelindo;Jakarta;Full time;https://www.jobstreet.co.id/job/77894769
06-Aug-24 01:17;Senior Consultant - Technology Strategy and Transformation - ID;Deloitte;Jakarta;Full time;https://www.jobstreet.co.id/job/77889785
03-Aug-24 01:00;Software Engineer - Backend (Transport);PT Trinusa Travelindo;Jakarta;Full time;https://www.jobstreet.co.id/job/77836991
06-Aug-24 06:33;Java Technical consultant trainee;Hand International Pte. Ltd.;Central Jakarta;Contract/Temp;https://www.jobstreet.co.id/job/77896127
06-Aug-24 05:34;Head of Risk Strategy & Modelling;PT Kredit Pintar Indonesia;South Jakarta;Full time;https://www.jobstreet.co.id/job/77892893
06-Aug-24 05:37;Risk Reporting Manager;PT Kredit Pintar Indonesia;South Jakarta;Full time;https://www.jobstreet.co.id/job/77892973
03-Aug-24 01:00;Backend Engineer - Flight;PT Trinusa Travelindo;Jakarta;Full time;https://www.jobstreet.co.id/job/77836730
06-Aug-24 05:36;Risk Strategy Senior Manager;PT Kredit Pintar Indonesia;South Jakarta;Full time;https://www.jobstreet.co.id/job/77892938
06-Aug-24 01:47;Engineer;PT Teco Multiguna Elektro;Bekasi Regency;Contract/Temp;https://www.jobstreet.co.id/job/77883392
03-Aug-24 01:00;Experienced Backend Software Engineer - Experience;PT Trinusa Travelindo;Jakarta;Full time;https://www.jobstreet.co.id/job/77836736
06-Aug-24 09:18;Technical Writer;PT Phincon;Jakarta;Contract/Temp;https://www.jobstreet.co.id/job/77901219
06-Aug-24 07:37;Senior Bubble IO Developer;PT. Bali Staff Solution;Denpasar;Full time;https://www.jobstreet.co.id/job/77898798
06-Aug-24 09:43;GL Analyst - WFO Jakarta (Contract-based);PT. PERSOLKELLY Recruitment Indonesia;South Jakarta;Contract/Temp;https://www.jobstreet.co.id/job/77902349
02-Aug-24 00:30;Software Engineer;PT Trinusa Travelindo;Jakarta;Full time;https://www.jobstreet.co.id/job/77802091
05-Aug-24 07:42;Technical Lead;PT Ako Media Asia;Jakarta;Contract/Temp;https://www.jobstreet.co.id/job/77865407
05-Aug-24 07:39;Business Analyst (6 Months Contract);PT Japfa Comfeed Indonesia, Tbk;South Jakarta;Contract/Temp;https://www.jobstreet.co.id/job/77865298
05-Aug-24 02:26;Operational Risk Officer;PT Mandala Multifinance, Tbk;Central Jakarta;Full time;https://www.jobstreet.co.id/job/77852930
01-Aug-24 10:30;IT Project Delivery;PT Asuransi Jiwa Manulife Indonesia (Dept PB Danamon);Jakarta;Full time;https://www.jobstreet.co.id/job/77796433
05-Aug-24 04:01;IT Project Manager;PT Nawa Data Solutions;Jakarta;Contract/Temp;https://www.jobstreet.co.id/job/77856988
05-Aug-24 04:20;Project Manager;PT Walden Global Services;Bandung;Full time;https://www.jobstreet.co.id/job/77859021
05-Aug-24 08:59;Enterprise Risk Analyst;PT Mandala Multifinance, Tbk;Central Jakarta;Full time;https://www.jobstreet.co.id/job/77867235
02-Aug-24 09:50;IT Project Manager Officer (PMO);PT Prawathiya Karsa Pradipta;Bekasi;Full time;https://www.jobstreet.co.id/job/77818817
02-Aug-24 10:00;Software Analyst;PT SBG Solusi Bisnis;Batam;Full time;https://www.jobstreet.co.id/job/77819370
01-Aug-24 10:23;IT Project Analyst Lead;PT Ako Media Asia;West Jakarta;Contract/Temp;https://www.jobstreet.co.id/job/77787704
02-Aug-24 02:50;Business Process Engineer;PT SMART,Tbk;South Jakarta;Full time;https://www.jobstreet.co.id/job/77800782
02-Aug-24 04:22;Scrum Master;PT Nomura Research Institute Indonesia;Jakarta;Contract/Temp;https://www.jobstreet.co.id/job/77804910
02-Aug-24 04:22;Microsoft 365 Specialist;PT Nomura Research Institute Indonesia;Central Jakarta;Contract/Temp;https://www.jobstreet.co.id/job/77804898
01-Aug-24 11:03;IT Product Delivery;MSIG Life Insurance Indonesia Tbk;South Jakarta;Full time;https://www.jobstreet.co.id/job/77788081
02-Aug-24 08:50;Software Technical Support;PT Hashmicro Solusi Indonesia;Yogyakarta;Full time;https://www.jobstreet.co.id/job/77815528
02-Aug-24 04:21;Professional Product Owner;PT Nomura Research Institute Indonesia;Jakarta;Contract/Temp;https://www.jobstreet.co.id/job/77804896
02-Aug-24 08:30;DevOps Engineer (Internship);PT iZeno Teknologi Indonesia;South Jakarta;Full time;https://www.jobstreet.co.id/job/77814953
02-Aug-24 09:05;IT Change & Availability Management;PT Bumi Amartha Teknologi Mandiri;Central Jakarta;Contract/Temp;https://www.jobstreet.co.id/job/77816217
02-Aug-24 06:40;SYSTEM ENGINEER;PT Ras Digital Media;South Jakarta;Full time;https://www.jobstreet.co.id/job/77811544
01-Aug-24 03:10;Odoo Functional;PT. MITRA CAKRAWALA INTERNATIONAL;Jakarta;Full time;https://www.jobstreet.co.id/job/77770932
01-Aug-24 06:04;FCC Control Operations Analyst - Indonesia;Standard Chartered Bank;Jakarta;Full time;https://www.jobstreet.co.id/job/77778459
01-Aug-24 06:56;Desk Collection (Yogyakarta);PT Debito Korporindo Utama;Yogyakarta;Full time;https://www.jobstreet.co.id/job/77781159
31-Jul-24 09:59;MIS Portofolio Reporting Specialist;PT CIMB Niaga Auto Finance;Tangerang;Full time;https://www.jobstreet.co.id/job/77752108
01-Aug-24 07:05;Associate Product Owner;PT Lentera Bangsa Benderang;Central Jakarta;Contract/Temp;https://www.jobstreet.co.id/job/77781403
31-Jul-24 05:59;IT RISK MANAGEMENT & COMPLIENCE;PT Karya Solusi Prima Sejahtera;Tangerang;Full time;https://www.jobstreet.co.id/job/77743574
31-Jul-24 04:58;Senior .NET Engineer with AWS Knowledge;PT CreateIT Solution Indonesia;Tangerang;Contract/Temp;https://www.jobstreet.co.id/job/77741875
31-Jul-24 04:17;Project Lead;Elite Asia;Jakarta;Full time;https://www.jobstreet.co.id/job/77740735
31-Jul-24 10:21;Project Manager;PT Ninety Nine Dotco;Jakarta;Contract/Temp;https://www.jobstreet.co.id/job/77754957
31-Jul-24 00:00;Oracle Functional Analyst;PT Trinusa Travelindo;Jakarta;Full time;https://www.jobstreet.co.id/job/77738582
07-Aug-24 00:53;IT Business Analyst/Quality Assurance (BA/QA) Manager;Engio;Jakarta;Full time;https://www.jobstreet.co.id/job/77921370
30-Jul-24 18:21;Product Management (Clearing & Settlement) - Sea Labs;PT Seah Precision Metal Indonesia;Jakarta;Full time;https://www.jobstreet.co.id/job/77728440
07-Aug-24 00:53;IT GRC (Governance, Risk, and Compliance) Manager;Engio;Jakarta;Full time;https://www.jobstreet.co.id/job/77921298
02-Aug-24 12:19;Maintenance Internship;PT Future Pipe Industries;Banten;Full time;https://www.jobstreet.co.id/job/77823905
05-Aug-24 00:00;Technical Lead - IVR;Flintex Consulting Pte Ltd;Jakarta;Full time;https://www.jobstreet.co.id/job/77874662
04-Aug-24 00:30;Client Project Manager;PT NTT Indonesia;Jakarta;Full time;https://www.jobstreet.co.id/job/77842900
03-Aug-24 06:01;Field Collection Area Surabaya - Sawahan;PT Home Credit Indonesia;Surabaya;Full time;https://www.jobstreet.co.id/job/77836735
03-Aug-24 05:59;Field Collection Area Bali - Klungkung;PT Home Credit Indonesia;Buleleng;Full time;https://www.jobstreet.co.id/job/77836827
01-Aug-24 19:40;Know Your Client Analyst;PT Citi Interiorindo;Jakarta;Full time;https://www.jobstreet.co.id/job/77793806
01-Aug-24 03:02;Al Specialist;PT. Rancang Persada;Surabaya;Full time;https://www.jobstreet.co.id/job/77780037
31-Jul-24 10:43;Quality Assurance & Technical Writer (Intern);Juke Solutions;Jakarta;Full time;https://www.jobstreet.co.id/job/77775151
