listing_date;title;company;location;work_type;link
07-Aug-24 06:07;Software Engineer;PT Asuransi Wahana Tata;South Jakarta;Full time;https://www.jobstreet.co.id/job/77925623
06-Aug-24 11:11;Senior Microservices Engineer (Full Remote);DevStack;Bandung;Full time;https://www.jobstreet.co.id/job/77904355
06-Aug-24 03:47;Software Engineer;PT Intimedika Puspa Indaj;North Jakarta;Full time;https://www.jobstreet.co.id/job/77889330
05-Aug-24 09:10;SDET Lead Katalon (Software Development Engineer in Test Lead);PT. Wide Technologies Indonesia;South Jakarta;Full time;https://www.jobstreet.co.id/job/77867670
03-Aug-24 01:00;Software Engineer;PT Trinusa Travelindo;Jakarta;Full time;https://www.jobstreet.co.id/job/77836894
07-Aug-24 07:13;IT Software - Technical Manager;PT Hitachi eBworx Indonesia;Central Jakarta;Full time;https://www.jobstreet.co.id/job/77927950
07-Aug-24 08:53;Senior Backend Developer;PT Infosys Solusi Terpadu;South Jakarta;Full time;https://www.jobstreet.co.id/job/77930447
06-Aug-24 01:30;Experienced Backend Software Engineer - Travel Activities;PT Trinusa Travelindo;Jakarta;Full time;https://www.jobstreet.co.id/job/77894783
06-Aug-24 01:30;Experienced Backend Software Engineer - Travel Activities (Open);PT Trinusa Travelindo;Jakarta;Full time;https://www.jobstreet.co.id/job/77894769
05-Aug-24 10:23;Backend Developer;PT Intersolusi Teknologi Asia;Bandung;Full time;https://www.jobstreet.co.id/job/77871877
02-Aug-24 00:30;Software Engineer;PT Trinusa Travelindo;Jakarta;Full time;https://www.jobstreet.co.id/job/77802091
06-Aug-24 02:57;Senior Software Engineer;PT Qeon Interactive;Jakarta;Full time;https://www.jobstreet.co.id/job/77885959
06-Aug-24 11:43;Software Engineer, Mobile (Flutter) - Merchant Experience;PT Solusi Transportasi Indonesia;Jakarta;Full time;https://www.jobstreet.co.id/job/77906976
31-Jul-24 04:46;Unity Software Developer for Simulation Training solutions;PT Revo Solusindo;West Jakarta;Contract/Temp;https://www.jobstreet.co.id/job/77741511
02-Aug-24 07:16;Senior System Developer Specialist;PT Nawakara Perkasa Nusantara;South Jakarta;Full time;https://www.jobstreet.co.id/job/77813070
01-Aug-24 07:19;FullStack Developer;PT Esha Parama Teknologi;Jakarta;Full time;https://www.jobstreet.co.id/job/77781737
05-Aug-24 04:49;Software Developer;PT Inovasi Kreatif Digital;Jakarta;Full time;https://www.jobstreet.co.id/job/77859900
04-Aug-24 02:10;Fullstack Developer;PT Indoglobal Nusa Persada;Yogyakarta;Full time;https://www.jobstreet.co.id/job/77842463
02-Aug-24 09:32;Backend Developer Internship;PT Tri Sapta Jaya;East Jakarta;Full time;https://www.jobstreet.co.id/job/77817492
03-Aug-24 01:00;Software Engineer - Web;PT Trinusa Travelindo;Jakarta;Full time;https://www.jobstreet.co.id/job/77836929
01-Aug-24 10:18;Java Programmer - Bandung;PT Dwidasa Samsara Indonesia;Bandung;Full time;https://www.jobstreet.co.id/job/77787580
03-Aug-24 01:00;Software Engineer - Backend (Transport);PT Trinusa Travelindo;Jakarta;Full time;https://www.jobstreet.co.id/job/77836991
01-Aug-24 02:16;Junior Software Engineer (Fresh Graduate);PT Nusantara Duta Solusindo (NDS);Jakarta;Full time;https://www.jobstreet.co.id/job/77768891
05-Aug-24 03:35;SENIOR .NET DEVELOPER / SENIOR SYSTEM ENGINEER;PT TOS Information Systems Indonesia;Jakarta;Full time;https://www.jobstreet.co.id/job/77855641
06-Aug-24 05:05;Engineer on Site (Denpasar);PT Centrin Online Prima;Bali;Full time;https://www.jobstreet.co.id/job/77892095
07-Aug-24 06:42;IT Project Manager (Software);PT Hitachi eBworx Indonesia;Central Jakarta;Full time;https://www.jobstreet.co.id/job/77927059
03-Aug-24 01:00;Experienced Backend Software Engineer - Experience;PT Trinusa Travelindo;Jakarta;Full time;https://www.jobstreet.co.id/job/77836736
07-Aug-24 09:44;Java Developer/Backend (Senior);TUNTUN SEKURITAS INDONESIA;North Jakarta;Full time;https://www.jobstreet.co.id/job/77931409
06-Aug-24 09:24;System & Network Engineer;PT Abadi Tambah Mulia Internasional;South Jakarta;Full time;https://www.jobstreet.co.id/job/77901358
01-Aug-24 08:38;Software Engineer;Yayasan Bina Nusantara;West Jakarta;Full time;https://www.jobstreet.co.id/job/77783523
05-Aug-24 07:36;Middleware Developer / Integration Engineer;PT Integrasi Logistik Cipta Solusi;North Jakarta;Contract/Temp;https://www.jobstreet.co.id/job/77865221
03-Aug-24 01:00;Software Engineer (Web) - Accommodation;PT Trinusa Travelindo;Jakarta;Full time;https://www.jobstreet.co.id/job/77836769
05-Aug-24 01:23;Junior Developer;PT Asuransi Mitra Pelindung Mustika;West Jakarta;Full time;https://www.jobstreet.co.id/job/77850791
31-Jul-24 09:17;Software Engineer;PT. Salam Pacific Indonesia Lines;Surabaya;Full time;https://www.jobstreet.co.id/job/77750591
01-Aug-24 00:30;Backend Software Engineer (Accommodation);PT Trinusa Travelindo;Jakarta;Full time;https://www.jobstreet.co.id/job/77775371
02-Aug-24 02:02;IT Database and Security Engineer;PT Inter Aneka Lestari Kimia;Tangerang;Full time;https://www.jobstreet.co.id/job/77799107
02-Aug-24 03:32;Software Lead Engineer;PT. Permata Azzuri Sehat;South Jakarta;Contract/Temp;https://www.jobstreet.co.id/job/77802857
31-Jul-24 05:45;Software Engineer, Backend - Transaction Platform;PT Solusi Transportasi Indonesia;Jakarta;Full time;https://www.jobstreet.co.id/job/77751293
06-Aug-24 10:43;Golang Developer - Penempatan di Yogyakarta;CV Technopartner Indonesia;Yogyakarta;Full time;https://www.jobstreet.co.id/job/77904127
01-Aug-24 19:13;Senior Software Engineer, Fullstack - Lending;PT Solusi Transportasi Indonesia;Jakarta;Full time;https://www.jobstreet.co.id/job/77793744
02-Aug-24 04:21;Backend Engineer (Node.js);PT Nomura Research Institute Indonesia;Jakarta;Contract/Temp;https://www.jobstreet.co.id/job/77804848
05-Aug-24 02:23;Full Programmer;PT Gunatronikatama Cipta (GASI);South Jakarta;Contract/Temp;https://www.jobstreet.co.id/job/77852857
07-Aug-24 03:32;Mobile (Flutter) Developer;PT Indonesia Satu Tujuh;South Jakarta;Full time;https://www.jobstreet.co.id/job/77919987
01-Aug-24 06:43;Senior Software Engineer, Backend - Business Platform;PT Solusi Transportasi Indonesia;Jakarta;Full time;https://www.jobstreet.co.id/job/77787552
05-Aug-24 14:05;Java Developer;PT Vanz Inovatif Teknologi;Jakarta;Contract/Temp;https://www.jobstreet.co.id/job/77875093
05-Aug-24 10:34;Java/Spring Boot Backend Developer;PT CNA INNILABS INDONESIA;Jakarta;Full time;https://www.jobstreet.co.id/job/77872059
02-Aug-24 02:31;AVP Network Automation & AI/ML Architect;Indosat Ooredoo;Central Jakarta;Full time;https://www.jobstreet.co.id/job/77800068
06-Aug-24 02:48;Backend Developer;PT Bali Towerindo Sentra Tbk;Jakarta;Full time;https://www.jobstreet.co.id/job/77885544
04-Aug-24 09:00;Senior full stack developer;Ventura Stays;Bali;Full time;https://www.jobstreet.co.id/job/77844486
06-Aug-24 05:33;Programmer Back End Dan Front End;PT DIBUILTADI TEKNOLOGI KREATIF;Semarang;Full time;https://www.jobstreet.co.id/job/77774331
06-Aug-24 09:56;IT SYSTEM ANALYST;PT The Master Steel MFc;Central Jakarta;Contract/Temp;https://www.jobstreet.co.id/job/77903177
30-Jul-24 17:13;Software Engineer, Backend - Lending;PT Solusi Transportasi Indonesia;Jakarta;Full time;https://www.jobstreet.co.id/job/77728446
01-Aug-24 11:43;Senior Backend Engineer - Lending;PT Kredit Pintar Indonesia;South Jakarta;Full time;https://www.jobstreet.co.id/job/77788300
30-Jul-24 17:13;Lead Software Engineer, Backend - Lending;PT Solusi Transportasi Indonesia;Jakarta;Full time;https://www.jobstreet.co.id/job/77728438
05-Aug-24 04:38;Backend Engineer;PT Valortek Ratanika Utama;Jakarta;Full time;https://www.jobstreet.co.id/job/77859585
07-Aug-24 09:15;System Administrator/SysAdmin;PT Indonesia Satu Tujuh;South Jakarta;Full time;https://www.jobstreet.co.id/job/77930850
06-Aug-24 06:18;IT Programmer (Penempatan Purwakarta - Jawa Barat);PT Indopoly Swakarsa Industry, Tbk (Jakarta);Purwakarta Regency;Full time;https://www.jobstreet.co.id/job/77894489
05-Aug-24 06:44;IT Operation (Asst. Manager);PT MNC Guna Usaha Indonesia (Jakarta);Central Jakarta;Full time;https://www.jobstreet.co.id/job/77860744
05-Aug-24 04:30;Java Engineer;Hand International Pte. Ltd.;Jakarta;Full time;https://www.jobstreet.co.id/job/77859344
30-Jul-24 17:13;Senior Software Engineer Backend - Lending;PT Solusi Transportasi Indonesia;Jakarta;Full time;https://www.jobstreet.co.id/job/77728452
31-Jul-24 04:38;Full Stack Software Engineer - Ruby on Rails;Luce Maintenance Group;Jakarta;Full time;https://www.jobstreet.co.id/job/77741364
01-Aug-24 06:28;Senior Software Developer;Healthway Medical Group;Jakarta;Full time;https://www.jobstreet.co.id/job/77779303
03-Aug-24 14:19;Information Technology Staff;RS Mata Undaan;Surabaya;Full time;https://www.jobstreet.co.id/job/77840921
06-Aug-24 07:37;Senior Bubble IO Developer;PT. Bali Staff Solution;Denpasar;Full time;https://www.jobstreet.co.id/job/77898798
03-Aug-24 01:00;Backend Engineer - Flight;PT Trinusa Travelindo;Jakarta;Full time;https://www.jobstreet.co.id/job/77836810
05-Aug-24 06:29;ODOO DEVELOPER;PT. Wiratman;South Jakarta;Full time;https://www.jobstreet.co.id/job/77863007
01-Aug-24 14:52;Junior Flutter Developer;PT Kode Gama Teknologi;South Jakarta;Full time;https://www.jobstreet.co.id/job/77789731
07-Aug-24 07:45;IT Programmer;PT PFI Mega Life Insurance;South Jakarta;Full time;https://www.jobstreet.co.id/job/77928891
05-Aug-24 07:42;Technical Lead;PT Ako Media Asia;Jakarta;Contract/Temp;https://www.jobstreet.co.id/job/77865407
02-Aug-24 06:28;Web Engineer (for MCM);PT Merah Cipta Media;West Jakarta;Full time;https://www.jobstreet.co.id/job/77809909
01-Aug-24 02:20;IT Developer;PT MNC Asuransi Indonesia;Central Jakarta;Contract/Temp;https://www.jobstreet.co.id/job/77768999
31-Jul-24 06:46;ASP Developer Jakarta;PT Galva Galindra Multi Cipta;Central Jakarta;Full time;https://www.jobstreet.co.id/job/77746357
31-Jul-24 07:15;Senior Software Developer;Private Advertiser;Bandung;Full time;https://www.jobstreet.co.id/job/77747111
02-Aug-24 10:41;Senior Back End Developer;PT Sentral Link Solutions;South Jakarta;Full time;https://www.jobstreet.co.id/job/77821913
03-Aug-24 01:00;Backend Engineer - Flight;PT Trinusa Travelindo;Jakarta;Full time;https://www.jobstreet.co.id/job/77836730
07-Aug-24 09:22;Senior SFDC Development Engineer;PT Sistem Elektronika Asia;Central Jakarta;Contract/Temp;https://www.jobstreet.co.id/job/77930960
04-Aug-24 07:05;IT Engineer to be sent to Japan (English Only is OK);Elite Tutors Indonesia;South Jakarta;Full time;https://www.jobstreet.co.id/job/77844210
01-Aug-24 11:34;Backend  Developer (For TRS Group);PT Tigaraksa Satria, Tbk;Bogor Regency;Full time;https://www.jobstreet.co.id/job/77788254
01-Aug-24 03:26;Backend Developer (PHP/Golang) + DevOps;PT Lentera Bangsa Benderang;South Jakarta;Contract/Temp;https://www.jobstreet.co.id/job/77771894
07-Aug-24 03:56;DevOps Engineer;Private Advertiser;South Jakarta;Full time;https://www.jobstreet.co.id/job/77921170
02-Aug-24 09:23;Python Developer (Web Scraping);PT BCI CENTRAL INDONESIA;South Jakarta;Full time;https://www.jobstreet.co.id/job/77816755
01-Aug-24 10:28;Backend Developer (Java);Solusi Transforma Teknologi;South Jakarta;Full time;https://www.jobstreet.co.id/job/77787760
31-Jul-24 08:13;Golang Developer;PT Adi Data Informatika;Jakarta;Contract/Temp;https://www.jobstreet.co.id/job/77748976
01-Aug-24 04:55;Programmer;PT AKEZ Djaja Investama;Jakarta;Full time;https://www.jobstreet.co.id/job/77776310
31-Jul-24 08:39;IT Software Developer (Odoo);PT Lyman Investindo;Jakarta;Full time;https://www.jobstreet.co.id/job/77749302
31-Jul-24 09:15;IoT Lead;PT KOLTIVA;South Jakarta;Full time;https://www.jobstreet.co.id/job/77750530
05-Aug-24 10:14;.NET Developer;PT Lawencon Internasional;Jakarta;Full time;https://www.jobstreet.co.id/job/77871098
05-Aug-24 03:29;Mobile App Engineer;PT Valortek Ratanika Utama;Jakarta;Full time;https://www.jobstreet.co.id/job/77855389
01-Aug-24 04:38;Senior Full Stack Programer;Sketsa House;Jakarta;Contract/Temp;https://www.jobstreet.co.id/job/77775847
06-Aug-24 05:56;SYSTEM ENGINEER;PT Lawencon Internasional;Jakarta;Full time;https://www.jobstreet.co.id/job/77893537
07-Aug-24 06:37;Fullstack Developer;PT Bumi Amartha Teknologi Mandiri;Central Jakarta;Contract/Temp;https://www.jobstreet.co.id/job/77926920
07-Aug-24 03:41;IT Staff;PT Satu Bumi;Bantul Regency;Full time;https://www.jobstreet.co.id/job/77920476
07-Aug-24 08:08;Junior Fullstack [.Net Core];PT IDStar Cipta Teknologi;Jakarta;Contract/Temp;https://www.jobstreet.co.id/job/77929513
07-Aug-24 03:08;Data Center Management Engineer;PT SGMW Motor Indonesia;Cikarang;Full time;https://www.jobstreet.co.id/job/77919091
05-Aug-24 03:42;3D VR Engineer;PT Valortek Ratanika Utama;Jakarta;Full time;https://www.jobstreet.co.id/job/77855864
07-Aug-24 02:54;Network Support & Service Management Engineer;PT SGMW Motor Indonesia;Cikarang;Full time;https://www.jobstreet.co.id/job/77918332
31-Jul-24 07:39;ICDC - Experience Analyst - Outsystem Developer - [Jakarta - ID];Deloitte;Jakarta;Full time;https://www.jobstreet.co.id/job/77751248
06-Aug-24 09:49;Senior Fullstack Developer;PT Sentra Vidya Utama;Surabaya;Full time;https://www.jobstreet.co.id/job/77902622
06-Aug-24 04:40;Senior Full Stack Web Developer;PT. Gree Electric Appliances Indonesia;North Jakarta;Full time;https://www.jobstreet.co.id/job/77891451
05-Aug-24 05:45;Senior Ionic Mobile Developer - Lombok / Bali;TabLogs;West Lombok;Full time;https://www.jobstreet.co.id/job/77861278
