listing_date;title;company;location;work_type;link
02-Aug-24 02:31;AVP Network Automation & AI/ML Architect;Indosat Ooredoo;Central Jakarta;Full time;https://www.jobstreet.co.id/job/77800068
07-Aug-24 07:31;Solution Architect Salesforce;PT Shaft Consulting Services;Jakarta;Contract/Temp;https://www.jobstreet.co.id/job/77928535
02-Aug-24 06:33;Presales (Solution Architect);PT Hipernet Indodata;Central Jakarta;Full time;https://www.jobstreet.co.id/job/77810865
02-Aug-24 09:33;Cloud Architect;PT Esha Parama Teknologi;Jakarta;Full time;https://www.jobstreet.co.id/job/77817573
06-Aug-24 01:17;Senior Consultant - Technology Strategy and Transformation - ID;Deloitte;Jakarta;Full time;https://www.jobstreet.co.id/job/77889785
05-Aug-24 12:00;System Architect;PT Schneider Electric;South Jakarta;Full time;https://www.jobstreet.co.id/job/77877353
05-Aug-24 07:10;Architect/Functional HCM;PT SMART,Tbk;South Jakarta;Full time;https://www.jobstreet.co.id/job/77864436
07-Aug-24 08:53;Senior Backend Developer;PT Infosys Solusi Terpadu;South Jakarta;Full time;https://www.jobstreet.co.id/job/77930447
05-Aug-24 09:24;Sales Specialist (Support and Enhanced Solution Business);PT Microsoft Indonesia;Jakarta;Full time;https://www.jobstreet.co.id/job/77889762
02-Aug-24 12:33;DevOps Engineer;Solusi Kode Indonesia;South Tangerang;Contract/Temp;https://www.jobstreet.co.id/job/77819078
31-Jul-24 02:11;SMI Technical Program - Technical Engineer (SMK Freshgraduate);PT. Metrodata Electronics, Tbk;Jakarta;Full time;https://www.jobstreet.co.id/job/77735599
02-Aug-24 06:00;Technical Architect;PT NTT Indonesia;Jakarta;Full time;https://www.jobstreet.co.id/job/77823825
02-Aug-24 06:00;Security Technical Architect;PT NTT Indonesia;Jakarta;Full time;https://www.jobstreet.co.id/job/77823850
02-Aug-24 08:18;Presales Middleware;Juke Solutions;Jakarta;Full time;https://www.jobstreet.co.id/job/77827846
02-Aug-24 08:13;Senior Solution Consultant;TADA;Jakarta;Full time;https://www.jobstreet.co.id/job/77827897
02-Aug-24 08:08;Presales Analytics;Juke Solutions;Jakarta;Full time;https://www.jobstreet.co.id/job/77827891
06-Aug-24 03:35;Account Manager (Client Head Solutions);IlmuOne Data;Jakarta;Full time;https://www.jobstreet.co.id/job/77909377
