listing_date;title;company;location;work_type;link
31-Jul-24 07:41;Business Analyst PSAK71;PT Asta Protek Jiarsi;Tangerang;Full time;https://www.jobstreet.co.id/job/77748252
31-Jul-24 08:56;Business Analyst Datawarehouse;PT Asta Protek Jiarsi;Tangerang;Full time;https://www.jobstreet.co.id/job/77749903
07-Aug-24 03:41;Business Analyst;P.T. DIFINI TEKNOLOGI;Jakarta;Full time;https://www.jobstreet.co.id/job/77920475
06-Aug-24 03:58;Business Analyst;Yayasan Bina Nusantara;West Jakarta;Full time;https://www.jobstreet.co.id/job/77890054
06-Aug-24 09:56;IT SYSTEM ANALYST;PT The Master Steel MFc;Central Jakarta;Contract/Temp;https://www.jobstreet.co.id/job/77903177
01-Aug-24 09:35;IT Business Analyst;PT Harsana Eklinika Reforma;Jakarta;Full time;https://www.jobstreet.co.id/job/77785013
05-Aug-24 07:39;Business Analyst (6 Months Contract);PT Japfa Comfeed Indonesia, Tbk;South Jakarta;Contract/Temp;https://www.jobstreet.co.id/job/77865298
01-Aug-24 16:25;IT Business Analyst Enablement Specialist;PT Tunas Ridean;South Jakarta;Full time;https://www.jobstreet.co.id/job/77790651
01-Aug-24 09:54;Business Analyst;PT Esha Parama Teknologi;Jakarta;Full time;https://www.jobstreet.co.id/job/77785543
01-Aug-24 02:09;IT PM Business Analyst;PT Insura Media Solusi (Jakarta);Jakarta;Full time;https://www.jobstreet.co.id/job/77768652
02-Aug-24 04:24;Business System Analyst;PT Kamoro Maxima Integra;West Jakarta;Full time;https://www.jobstreet.co.id/job/77804961
06-Aug-24 04:53;System Analyst - IT Consulting (A-109667);RGF HR Agent Indonesia;South Jakarta;Full time;https://www.jobstreet.co.id/job/77891800
06-Aug-24 08:20;System Analyst;Geekhunter;Jakarta;Full time;https://www.jobstreet.co.id/job/77899932
31-Jul-24 03:25;Business Analyst;PT Swadaya Karya Sentosa;East Jakarta;Full time;https://www.jobstreet.co.id/job/77738161
06-Aug-24 05:59;System Analyst;PT Lawencon Internasional;South Jakarta;Full time;https://www.jobstreet.co.id/job/77893786
05-Aug-24 09:03;Technical Oracle Asst Manager;PT Cahaya Research Indonesia;Central Jakarta;Full time;https://www.jobstreet.co.id/job/77867287
05-Aug-24 04:01;IT Project Manager;PT Nawa Data Solutions;Jakarta;Contract/Temp;https://www.jobstreet.co.id/job/77856988
01-Aug-24 10:23;IT Project Analyst Lead;PT Ako Media Asia;West Jakarta;Contract/Temp;https://www.jobstreet.co.id/job/77787704
31-Jul-24 00:00;Senior Product Analyst - Platform;PT Trinusa Travelindo;Jakarta;Full time;https://www.jobstreet.co.id/job/77739535
07-Aug-24 00:53;IT Business Analyst/Quality Assurance (BA/QA) Manager;Engio;Jakarta;Full time;https://www.jobstreet.co.id/job/77921370
02-Aug-24 08:13;Senior Solution Consultant;TADA;Jakarta;Full time;https://www.jobstreet.co.id/job/77827897
